version 2
JvmtiExport can_access_local_variables 0
JvmtiExport can_hotswap_or_post_breakpoint 0
JvmtiExport can_post_on_exceptions 0
# 366 ciObject found
instanceKlass org/objectweb/asm/ClassReader
ciInstanceKlass java/lang/Cloneable 1 0 7 100 1 100 1 1 1
instanceKlass org/objectweb/asm/TypeReference
instanceKlass org/objectweb/asm/Edge
instanceKlass org/objectweb/asm/Handler
instanceKlass org/objectweb/asm/ConstantDynamic
instanceKlass org/objectweb/asm/Frame
instanceKlass org/objectweb/asm/signature/SignatureReader
instanceKlass java/util/zip/ZipOutputStream$XEntry
instanceKlass java/time/zone/Ser
instanceKlass java/time/zone/ZoneRulesProvider$1
instanceKlass java/time/zone/ZoneRulesProvider
instanceKlass com/esotericsoftware/asm/Type
instanceKlass java/util/zip/Deflater$DeflaterZStreamRef
instanceKlass java/util/zip/Deflater
instanceKlass dev/skidfuscator/obfuscator/phantom/jphantom/PhantomResolvingJarDumper
instanceKlass org/topdank/byteio/out/JarDumper
instanceKlass org/mapleir/deob/PassGroup
instanceKlass org/mapleir/deob/IPass
instanceKlass dev/skidfuscator/obfuscator/creator/SkidFlowGraphDumper$1
instanceKlass  @bci dev/skidfuscator/obfuscator/creator/SkidFlowGraphDumper dumpRange (Lorg/mapleir/flowgraph/ExceptionRange;)V 42 <appendix> member <vmtarget> ; # dev/skidfuscator/obfuscator/creator/SkidFlowGraphDumper$$Lambda+0x0000022aba255f40
instanceKlass org/mapleir/ir/code/expr/invoke/VirtualInvocationExpr$1
instanceKlass  @bci dev/skidfuscator/obfuscator/creator/SkidFlowGraphDumper fixRanges ()V 51 <appendix> argL0 ; # dev/skidfuscator/obfuscator/creator/SkidFlowGraphDumper$$Lambda+0x0000022aba255b08
instanceKlass  @bci dev/skidfuscator/obfuscator/creator/SkidFlowGraphDumper fixRanges ()V 41 <appendix> argL0 ; # dev/skidfuscator/obfuscator/creator/SkidFlowGraphDumper$$Lambda+0x0000022aba2558b8
instanceKlass  @bci dev/skidfuscator/obfuscator/creator/SkidFlowGraphDumper chooseEntry (Ldev/skidfuscator/obfuscator/creator/SkidFlowGraphDumper$BundleGraph;Ljava/util/List;)Ldev/skidfuscator/obfuscator/creator/SkidFlowGraphDumper$BlockBundle; 21 <appendix> member <vmtarget> ; # dev/skidfuscator/obfuscator/creator/SkidFlowGraphDumper$$Lambda+0x0000022aba255660
# instanceKlass java/lang/invoke/LambdaForm$MH+0x0000022aba258800
instanceKlass  @bci dev/skidfuscator/obfuscator/transform/impl/misc/AhegaoTransformer handle (Ldev/skidfuscator/obfuscator/event/impl/transform/clazz/FinalClassTransformEvent;)V 40 <appendix> argL0 ; # dev/skidfuscator/obfuscator/transform/impl/misc/AhegaoTransformer$$Lambda+0x0000022aba255420
instanceKlass dev/skidfuscator/obfuscator/Skidfuscator$5
instanceKlass sun/nio/fs/WindowsChannelFactory$2
instanceKlass org/mapleir/stdlib/util/TabbedStringWriter
# instanceKlass java/lang/invoke/LambdaForm$MH+0x0000022aba258400
# instanceKlass java/lang/invoke/LambdaForm$MH+0x0000022aba258000
instanceKlass org/mapleir/stdlib/util/StringHelper
instanceKlass  @bci dev/skidfuscator/obfuscator/predicate/renderer/impl/ExceptionRenderer transform (Ldev/skidfuscator/obfuscator/Skidfuscator;Lorg/mapleir/ir/cfg/ControlFlowGraph;Lorg/mapleir/flowgraph/ExceptionRange;)V 441 <appendix> member <vmtarget> ; # dev/skidfuscator/obfuscator/predicate/renderer/impl/ExceptionRenderer$$Lambda+0x0000022aba253ff0
instanceKlass  @bci dev/skidfuscator/obfuscator/predicate/renderer/impl/ExceptionRenderer transform (Ldev/skidfuscator/obfuscator/Skidfuscator;Lorg/mapleir/ir/cfg/ControlFlowGraph;Lorg/mapleir/flowgraph/ExceptionRange;)V 420 <appendix> member <vmtarget> ; # dev/skidfuscator/obfuscator/predicate/renderer/impl/ExceptionRenderer$$Lambda+0x0000022aba253d98
instanceKlass  @bci dev/skidfuscator/obfuscator/predicate/renderer/impl/ExceptionRenderer transform (Ldev/skidfuscator/obfuscator/Skidfuscator;Lorg/mapleir/ir/cfg/ControlFlowGraph;Lorg/mapleir/flowgraph/ExceptionRange;)V 409 <appendix> argL0 ; # dev/skidfuscator/obfuscator/predicate/renderer/impl/ExceptionRenderer$$Lambda+0x0000022aba253b58
instanceKlass  @bci dev/skidfuscator/obfuscator/predicate/renderer/impl/ExceptionRenderer transform (Ldev/skidfuscator/obfuscator/Skidfuscator;Lorg/mapleir/ir/cfg/ControlFlowGraph;Lorg/mapleir/flowgraph/ExceptionRange;)V 399 <appendix> argL0 ; # dev/skidfuscator/obfuscator/predicate/renderer/impl/ExceptionRenderer$$Lambda+0x0000022aba253908
instanceKlass dev/skidfuscator/obfuscator/attribute/StandardAttribute
instanceKlass dev/skidfuscator/obfuscator/attribute/Attribute
instanceKlass dev/skidfuscator/obfuscator/predicate/renderer/impl/ExceptionRenderer
instanceKlass  @bci dev/skidfuscator/obfuscator/predicate/renderer/IntegerBlockPredicateRenderer handle (Ldev/skidfuscator/obfuscator/event/impl/transform/method/PostMethodTransformEvent;)V 982 <appendix> member <vmtarget> ; # dev/skidfuscator/obfuscator/predicate/renderer/IntegerBlockPredicateRenderer$$Lambda+0x0000022aba253040
instanceKlass  @bci dev/skidfuscator/obfuscator/predicate/renderer/IntegerBlockPredicateRenderer handle (Ldev/skidfuscator/obfuscator/event/impl/transform/method/PostMethodTransformEvent;)V 968 <appendix> argL0 ; # dev/skidfuscator/obfuscator/predicate/renderer/IntegerBlockPredicateRenderer$$Lambda+0x0000022aba252e00
instanceKlass  @bci dev/skidfuscator/obfuscator/predicate/renderer/IntegerBlockPredicateRenderer handle (Ldev/skidfuscator/obfuscator/event/impl/transform/method/PostMethodTransformEvent;)V 958 <appendix> argL0 ; # dev/skidfuscator/obfuscator/predicate/renderer/IntegerBlockPredicateRenderer$$Lambda+0x0000022aba252bb0
instanceKlass  @bci dev/skidfuscator/obfuscator/predicate/renderer/IntegerBlockPredicateRenderer handle (Ldev/skidfuscator/obfuscator/event/impl/transform/method/PostMethodTransformEvent;)V 886 <appendix> member <vmtarget> ; # dev/skidfuscator/obfuscator/predicate/renderer/IntegerBlockPredicateRenderer$$Lambda+0x0000022aba252728
instanceKlass  @bci dev/skidfuscator/obfuscator/predicate/renderer/IntegerBlockPredicateRenderer handle (Ldev/skidfuscator/obfuscator/event/impl/transform/method/PostMethodTransformEvent;)V 872 <appendix> argL0 ; # dev/skidfuscator/obfuscator/predicate/renderer/IntegerBlockPredicateRenderer$$Lambda+0x0000022aba2524e8
instanceKlass  @bci dev/skidfuscator/obfuscator/predicate/renderer/IntegerBlockPredicateRenderer handle (Ldev/skidfuscator/obfuscator/event/impl/transform/method/PostMethodTransformEvent;)V 862 <appendix> argL0 ; # dev/skidfuscator/obfuscator/predicate/renderer/IntegerBlockPredicateRenderer$$Lambda+0x0000022aba252298
instanceKlass  @bci dev/skidfuscator/obfuscator/predicate/renderer/IntegerBlockPredicateRenderer handle (Ldev/skidfuscator/obfuscator/event/impl/transform/method/PostMethodTransformEvent;)V 790 <appendix> member <vmtarget> ; # dev/skidfuscator/obfuscator/predicate/renderer/IntegerBlockPredicateRenderer$$Lambda+0x0000022aba251c18
instanceKlass  @bci dev/skidfuscator/obfuscator/predicate/renderer/IntegerBlockPredicateRenderer handle (Ldev/skidfuscator/obfuscator/event/impl/transform/method/PostMethodTransformEvent;)V 776 <appendix> argL0 ; # dev/skidfuscator/obfuscator/predicate/renderer/IntegerBlockPredicateRenderer$$Lambda+0x0000022aba2519d8
instanceKlass  @bci dev/skidfuscator/obfuscator/predicate/renderer/IntegerBlockPredicateRenderer handle (Ldev/skidfuscator/obfuscator/event/impl/transform/method/PostMethodTransformEvent;)V 766 <appendix> argL0 ; # dev/skidfuscator/obfuscator/predicate/renderer/IntegerBlockPredicateRenderer$$Lambda+0x0000022aba251788
instanceKlass java/util/UUID$Holder
instanceKlass dev/skidfuscator/obfuscator/attribute/AttributeKey
instanceKlass dev/skidfuscator/obfuscator/predicate/renderer/seed/impl/AbstractSeedLoaderRenderer
instanceKlass dev/skidfuscator/obfuscator/predicate/renderer/seed/SeedLoaderRenderer
instanceKlass dev/skidfuscator/obfuscator/predicate/renderer/impl/AbstractInstructionRenderer
instanceKlass dev/skidfuscator/obfuscator/predicate/renderer/seed/SeedLoadable
instanceKlass  @bci dev/skidfuscator/obfuscator/predicate/renderer/IntegerBlockPredicateRenderer handle (Ldev/skidfuscator/obfuscator/event/impl/transform/method/PostMethodTransformEvent;)V 694 <appendix> member <vmtarget> ; # dev/skidfuscator/obfuscator/predicate/renderer/IntegerBlockPredicateRenderer$$Lambda+0x0000022aba250000
instanceKlass  @bci dev/skidfuscator/obfuscator/predicate/renderer/IntegerBlockPredicateRenderer handle (Ldev/skidfuscator/obfuscator/event/impl/transform/method/PostMethodTransformEvent;)V 678 <appendix> argL0 ; # dev/skidfuscator/obfuscator/predicate/renderer/IntegerBlockPredicateRenderer$$Lambda+0x0000022aba24bd48
instanceKlass  @bci dev/skidfuscator/obfuscator/predicate/renderer/IntegerBlockPredicateRenderer lambda$handle$3 (Ldev/skidfuscator/obfuscator/predicate/opaque/MethodOpaquePredicate;Lorg/mapleir/ir/cfg/BasicBlock;)Lorg/mapleir/ir/code/Expr; 81 <appendix> member <vmtarget> ; # dev/skidfuscator/obfuscator/predicate/renderer/IntegerBlockPredicateRenderer$$Lambda+0x0000022aba24b6c0
instanceKlass  @cpi dev/skidfuscator/obfuscator/predicate/renderer/IntegerBlockPredicateRenderer 829 form vmentry <vmtarget> ; # java/lang/invoke/LambdaForm$DMH+0x0000022aba24ac00
instanceKlass  @bci dev/skidfuscator/obfuscator/transform/impl/string/StringTransformerV2 handle (Ldev/skidfuscator/obfuscator/event/impl/transform/skid/PostSkidTransformEvent;)V 4 <appendix> argL0 ; # dev/skidfuscator/obfuscator/transform/impl/string/StringTransformerV2$$Lambda+0x0000022aba24b490
instanceKlass dev/skidfuscator/obfuscator/Skidfuscator$4
# instanceKlass java/lang/invoke/LambdaForm$MH+0x0000022aba24a800
# instanceKlass java/lang/invoke/LambdaForm$MH+0x0000022aba24a400
# instanceKlass java/lang/invoke/LambdaForm$MH+0x0000022aba24a000
# instanceKlass java/lang/invoke/LambdaForm$MH+0x0000022aba249c00
# instanceKlass java/lang/invoke/LambdaForm$MH+0x0000022aba249800
instanceKlass dev/skidfuscator/obfuscator/util/misc/Pair
instanceKlass  @bci dev/skidfuscator/obfuscator/transform/impl/string/generator/v3/AbstractEncryptionGeneratorV3 visitPre (Ldev/skidfuscator/obfuscator/skidasm/SkidClassNode;)V 88 <appendix> member <vmtarget> ; # dev/skidfuscator/obfuscator/transform/impl/string/generator/v3/AbstractEncryptionGeneratorV3$$Lambda+0x0000022aba24f530
instanceKlass dev/skidfuscator/obfuscator/transform/impl/SwitchTransformer$1
instanceKlass  @bci dev/skidfuscator/obfuscator/transform/impl/SwitchTransformer lambda$handle$1 (Ldev/skidfuscator/obfuscator/skidasm/SkidMethodNode;Lorg/mapleir/ir/cfg/ControlFlowGraph;Lorg/mapleir/ir/code/stmt/SwitchStmt;)V 54 <adapter> ; # java/lang/invoke/LambdaForm$MH+0x0000022aba249400
# instanceKlass java/lang/invoke/LambdaForm$DMH+0x0000022aba249000
instanceKlass  @bci dev/skidfuscator/obfuscator/transform/impl/SwitchTransformer lambda$handle$1 (Ldev/skidfuscator/obfuscator/skidasm/SkidMethodNode;Lorg/mapleir/ir/cfg/ControlFlowGraph;Lorg/mapleir/ir/code/stmt/SwitchStmt;)V 54 <appendix> form vmentry <vmtarget> ; # java/lang/invoke/LambdaForm$DMH+0x0000022aba248c00
instanceKlass  @bci dev/skidfuscator/obfuscator/transform/impl/SwitchTransformer lambda$handle$1 (Ldev/skidfuscator/obfuscator/skidasm/SkidMethodNode;Lorg/mapleir/ir/cfg/ControlFlowGraph;Lorg/mapleir/ir/code/stmt/SwitchStmt;)V 54 <appendix> member <vmtarget> ; # dev/skidfuscator/obfuscator/transform/impl/SwitchTransformer$$Lambda+0x0000022aba24e7a0
instanceKlass  @cpi dev/skidfuscator/obfuscator/transform/impl/SwitchTransformer 370 form vmentry <vmtarget> ; # java/lang/invoke/LambdaForm$DMH+0x0000022aba248800
instanceKlass  @bci dev/skidfuscator/obfuscator/transform/impl/flow/condition/BasicConditionTransformer handle (Ldev/skidfuscator/obfuscator/event/impl/transform/method/RunMethodTransformEvent;)V 178 <appendix> member <vmtarget> ; # dev/skidfuscator/obfuscator/transform/impl/flow/condition/BasicConditionTransformer$$Lambda+0x0000022aba24e548
instanceKlass  @bci dev/skidfuscator/obfuscator/transform/impl/flow/condition/BasicConditionTransformer handle (Ldev/skidfuscator/obfuscator/event/impl/transform/method/RunMethodTransformEvent;)V 166 <appendix> argL0 ; # dev/skidfuscator/obfuscator/transform/impl/flow/condition/BasicConditionTransformer$$Lambda+0x0000022aba24e308
instanceKlass  @bci dev/skidfuscator/obfuscator/transform/impl/flow/condition/BasicConditionTransformer handle (Ldev/skidfuscator/obfuscator/event/impl/transform/method/RunMethodTransformEvent;)V 156 <appendix> argL0 ; # dev/skidfuscator/obfuscator/transform/impl/flow/condition/BasicConditionTransformer$$Lambda+0x0000022aba24e0b8
instanceKlass  @bci dev/skidfuscator/obfuscator/transform/impl/string/StringTransformerV2 handle (Ldev/skidfuscator/obfuscator/event/impl/transform/method/RunMethodTransformEvent;)V 402 <appendix> member <vmtarget> ; # dev/skidfuscator/obfuscator/transform/impl/string/StringTransformerV2$$Lambda+0x0000022aba24d890
instanceKlass  @bci dev/skidfuscator/obfuscator/transform/impl/string/StringTransformerV2 handle (Ldev/skidfuscator/obfuscator/event/impl/transform/method/RunMethodTransformEvent;)V 378 <appendix> argL0 ; # dev/skidfuscator/obfuscator/transform/impl/string/StringTransformerV2$$Lambda+0x0000022aba24d640
instanceKlass  @bci dev/skidfuscator/obfuscator/transform/impl/string/StringTransformerV2 handle (Ldev/skidfuscator/obfuscator/event/impl/transform/method/RunMethodTransformEvent;)V 368 <appendix> argL0 ; # dev/skidfuscator/obfuscator/transform/impl/string/StringTransformerV2$$Lambda+0x0000022aba24d3f0
instanceKlass  @bci dev/skidfuscator/obfuscator/transform/impl/string/StringTransformerV2 handle (Ldev/skidfuscator/obfuscator/event/impl/transform/method/RunMethodTransformEvent;)V 358 <appendix> member <vmtarget> ; # dev/skidfuscator/obfuscator/transform/impl/string/StringTransformerV2$$Lambda+0x0000022aba24d1a8
instanceKlass  @bci dev/skidfuscator/obfuscator/transform/impl/string/StringTransformerV2 handle (Ldev/skidfuscator/obfuscator/event/impl/transform/method/RunMethodTransformEvent;)V 341 <appendix> member <vmtarget> ; # dev/skidfuscator/obfuscator/transform/impl/string/StringTransformerV2$$Lambda+0x0000022aba24cf50
instanceKlass  @bci dev/skidfuscator/obfuscator/transform/impl/string/generator/v3/AbstractEncryptionGeneratorV3 visitPre (Ldev/skidfuscator/obfuscator/skidasm/SkidClassNode;)V 720 <appendix> member <vmtarget> ; # dev/skidfuscator/obfuscator/transform/impl/string/generator/v3/AbstractEncryptionGeneratorV3$$Lambda+0x0000022aba24cd18
instanceKlass  @bci dev/skidfuscator/obfuscator/transform/impl/string/generator/v3/AbstractEncryptionGeneratorV3 visitPre (Ldev/skidfuscator/obfuscator/skidasm/SkidClassNode;)V 479 <appendix> member <vmtarget> ; # dev/skidfuscator/obfuscator/transform/impl/string/generator/v3/AbstractEncryptionGeneratorV3$$Lambda+0x0000022aba24cac0
instanceKlass  @bci dev/skidfuscator/obfuscator/transform/impl/string/generator/v3/AbstractEncryptionGeneratorV3 visitPre (Ldev/skidfuscator/obfuscator/skidasm/SkidClassNode;)V 720 <appendix> form vmentry <vmtarget> ; # java/lang/invoke/LambdaForm$DMH+0x0000022aba248400
instanceKlass  @bci sun/reflect/annotation/AnnotationParser parseEnumArray (ILjava/lang/Class;Ljava/nio/ByteBuffer;Ljdk/internal/reflect/ConstantPool;Ljava/lang/Class;)Ljava/lang/Object; 16 <appendix> member <vmtarget> ; # sun/reflect/annotation/AnnotationParser$$Lambda+0x0000022aba1fb410
instanceKlass dev/skidfuscator/obfuscator/transform/impl/string/generator/EncryptionGeneratorV3$InjectMethod
instanceKlass dev/skidfuscator/obfuscator/transform/impl/string/generator/EncryptionGeneratorV3$DecryptorDictionary
instanceKlass dev/skidfuscator/obfuscator/transform/impl/string/generator/EncryptionGeneratorV3$InjectField
instanceKlass dev/skidfuscator/obfuscator/transform/impl/string/generator/v3/AbstractEncryptionGeneratorV3$InjectMapping
instanceKlass dev/skidfuscator/obfuscator/transform/impl/string/generator/v3/AbstractEncryptionGeneratorV3
instanceKlass  @bci dev/skidfuscator/obfuscator/transform/impl/SwitchTransformer handle (Ldev/skidfuscator/obfuscator/event/impl/transform/method/RunMethodTransformEvent;)V 126 <appendix> member <vmtarget> ; # dev/skidfuscator/obfuscator/transform/impl/SwitchTransformer$$Lambda+0x0000022aba2454a0
instanceKlass  @cpi dev/skidfuscator/obfuscator/transform/impl/SwitchTransformer 363 form vmentry <vmtarget> ; # java/lang/invoke/LambdaForm$DMH+0x0000022aba248000
instanceKlass  @bci dev/skidfuscator/obfuscator/transform/impl/SwitchTransformer handle (Ldev/skidfuscator/obfuscator/event/impl/transform/method/RunMethodTransformEvent;)V 102 <appendix> member <vmtarget> ; # dev/skidfuscator/obfuscator/transform/impl/SwitchTransformer$$Lambda+0x0000022aba245258
instanceKlass  @bci dev/skidfuscator/obfuscator/transform/impl/SwitchTransformer handle (Ldev/skidfuscator/obfuscator/event/impl/transform/method/RunMethodTransformEvent;)V 85 <appendix> member <vmtarget> ; # dev/skidfuscator/obfuscator/transform/impl/SwitchTransformer$$Lambda+0x0000022aba245000
instanceKlass  @bci dev/skidfuscator/obfuscator/transform/impl/SwitchTransformer handle (Ldev/skidfuscator/obfuscator/event/impl/transform/method/RunMethodTransformEvent;)V 68 <appendix> argL0 ; # dev/skidfuscator/obfuscator/transform/impl/SwitchTransformer$$Lambda+0x0000022aba247c08
instanceKlass dev/skidfuscator/obfuscator/number/NumberManager
instanceKlass dev/skidfuscator/obfuscator/number/hash/SkiddedHash
instanceKlass  @bci dev/skidfuscator/obfuscator/predicate/opaque/impl/IntegerBlockOpaquePredicate get (Ldev/skidfuscator/obfuscator/skidasm/cfg/SkidBlock;)I 5 <appendix> argL0 ; # dev/skidfuscator/obfuscator/predicate/opaque/impl/IntegerBlockOpaquePredicate$$Lambda+0x0000022aba2471a8
instanceKlass dev/skidfuscator/obfuscator/util/cfg/Blocks
instanceKlass  @bci dev/skidfuscator/obfuscator/transform/exempt/BlockExempt <clinit> ()V 43 <appendix> argL0 ; # dev/skidfuscator/obfuscator/transform/exempt/BlockExempt$$Lambda+0x0000022aba246d60
instanceKlass  @bci dev/skidfuscator/obfuscator/transform/exempt/BlockExempt <clinit> ()V 25 <appendix> argL0 ; # dev/skidfuscator/obfuscator/transform/exempt/BlockExempt$$Lambda+0x0000022aba246b20
instanceKlass  @bci dev/skidfuscator/obfuscator/transform/exempt/BlockExempt <clinit> ()V 7 <appendix> argL0 ; # dev/skidfuscator/obfuscator/transform/exempt/BlockExempt$$Lambda+0x0000022aba2468e0
instanceKlass  @bci dev/skidfuscator/obfuscator/skidasm/cfg/SkidControlFlowGraph blocks ()Ljava/util/Set; 33 <appendix> member <vmtarget> ; # dev/skidfuscator/obfuscator/skidasm/cfg/SkidControlFlowGraph$$Lambda+0x0000022aba246258
instanceKlass  @bci dev/skidfuscator/obfuscator/skidasm/cfg/SkidControlFlowGraph blocks ()Ljava/util/Set; 16 <appendix> member <vmtarget> ; # dev/skidfuscator/obfuscator/skidasm/cfg/SkidControlFlowGraph$$Lambda+0x0000022aba246000
instanceKlass dev/skidfuscator/obfuscator/transform/strategy/impl/AggressiveStrategy
instanceKlass  @bci dev/skidfuscator/config/DefaultConfig getEnum (Ljava/lang/String;Ljava/lang/Enum;)Ljava/lang/Enum; 5 <appendix> member <vmtarget> ; # dev/skidfuscator/config/DefaultConfig$$Lambda+0x0000022aba243a08
instanceKlass dev/skidfuscator/obfuscator/transform/impl/flow/exception/BasicExceptionTransformer$1
instanceKlass  @bci dev/skidfuscator/obfuscator/transform/exempt/MethodExempt <clinit> ()V 79 <appendix> argL0 ; # dev/skidfuscator/obfuscator/transform/exempt/MethodExempt$$Lambda+0x0000022aba2433c8
instanceKlass  @bci dev/skidfuscator/obfuscator/transform/exempt/MethodExempt <clinit> ()V 61 <appendix> argL0 ; # dev/skidfuscator/obfuscator/transform/exempt/MethodExempt$$Lambda+0x0000022aba243188
instanceKlass  @bci dev/skidfuscator/obfuscator/transform/exempt/MethodExempt <clinit> ()V 43 <appendix> argL0 ; # dev/skidfuscator/obfuscator/transform/exempt/MethodExempt$$Lambda+0x0000022aba242f48
instanceKlass  @bci dev/skidfuscator/obfuscator/transform/exempt/MethodExempt <clinit> ()V 25 <appendix> argL0 ; # dev/skidfuscator/obfuscator/transform/exempt/MethodExempt$$Lambda+0x0000022aba242d08
instanceKlass  @bci dev/skidfuscator/obfuscator/transform/exempt/MethodExempt <clinit> ()V 7 <appendix> argL0 ; # dev/skidfuscator/obfuscator/transform/exempt/MethodExempt$$Lambda+0x0000022aba242ac8
instanceKlass dev/skidfuscator/obfuscator/Skidfuscator$3
instanceKlass dev/skidfuscator/obfuscator/Skidfuscator$2
instanceKlass  @bci dev/skidfuscator/obfuscator/Skidfuscator run (Ljava/lang/String;Ldev/skidfuscator/obfuscator/Skidfuscator$Caller;)V 1047 <appendix> argL0 ; # dev/skidfuscator/obfuscator/Skidfuscator$$Lambda+0x0000022aba240fb0
# instanceKlass java/lang/invoke/LambdaForm$MH+0x0000022aba244c00
# instanceKlass java/lang/invoke/LambdaForm$MH+0x0000022aba244800
# instanceKlass java/lang/invoke/LambdaForm$MH+0x0000022aba244400
# instanceKlass java/lang/invoke/LambdaForm$MH+0x0000022aba244000
instanceKlass  @bci org/mapleir/ir/cfg/ControlFlowGraph lambda$recomputeEdges$2 (Lorg/mapleir/ir/cfg/BasicBlock;Lorg/mapleir/ir/code/Stmt;)V 127 <appendix> member <vmtarget> ; # org/mapleir/ir/cfg/ControlFlowGraph$$Lambda+0x0000022aba240d78
instanceKlass  @bci org/mapleir/ir/cfg/ControlFlowGraph recomputeEdges ()V 291 <appendix> member <vmtarget> ; # org/mapleir/ir/cfg/ControlFlowGraph$$Lambda+0x0000022aba240b40
instanceKlass  @bci dev/skidfuscator/obfuscator/predicate/renderer/IntegerBlockPredicateRenderer handle (Ldev/skidfuscator/obfuscator/event/impl/transform/method/InitMethodTransformEvent;)V 129 <appendix> member <vmtarget> ; # dev/skidfuscator/obfuscator/predicate/renderer/IntegerBlockPredicateRenderer$$Lambda+0x0000022aba240918
instanceKlass  @bci dev/skidfuscator/obfuscator/predicate/renderer/IntegerBlockPredicateRenderer handle (Ldev/skidfuscator/obfuscator/event/impl/transform/method/InitMethodTransformEvent;)V 103 <appendix> member <vmtarget> ; # dev/skidfuscator/obfuscator/predicate/renderer/IntegerBlockPredicateRenderer$$Lambda+0x0000022aba2406b8
instanceKlass  @bci dev/skidfuscator/obfuscator/predicate/renderer/IntegerBlockPredicateRenderer handle (Ldev/skidfuscator/obfuscator/event/impl/transform/method/InitMethodTransformEvent;)V 90 <appendix> member <vmtarget> ; # dev/skidfuscator/obfuscator/predicate/renderer/IntegerBlockPredicateRenderer$$Lambda+0x0000022aba240490
instanceKlass  @bci dev/skidfuscator/obfuscator/protection/TokenLoggerProtectionProvider lambda$handle$1 (Ldev/skidfuscator/obfuscator/skidasm/expr/SkidConstantExpr;)V 22 <appendix> member <vmtarget> ; # dev/skidfuscator/obfuscator/protection/TokenLoggerProtectionProvider$$Lambda+0x0000022aba240238
instanceKlass  @bci dev/skidfuscator/obfuscator/protection/TokenLoggerProtectionProvider handle (Ldev/skidfuscator/obfuscator/event/impl/transform/method/InitMethodTransformEvent;)V 68 <appendix> member <vmtarget> ; # dev/skidfuscator/obfuscator/protection/TokenLoggerProtectionProvider$$Lambda+0x0000022aba240000
instanceKlass  @bci dev/skidfuscator/obfuscator/protection/TokenLoggerProtectionProvider handle (Ldev/skidfuscator/obfuscator/event/impl/transform/method/InitMethodTransformEvent;)V 46 <appendix> argL0 ; # dev/skidfuscator/obfuscator/protection/TokenLoggerProtectionProvider$$Lambda+0x0000022aba23dc00
instanceKlass  @bci dev/skidfuscator/obfuscator/protection/TokenLoggerProtectionProvider handle (Ldev/skidfuscator/obfuscator/event/impl/transform/method/InitMethodTransformEvent;)V 36 <appendix> member <vmtarget> ; # dev/skidfuscator/obfuscator/protection/TokenLoggerProtectionProvider$$Lambda+0x0000022aba23fcc8
instanceKlass  @bci dev/skidfuscator/obfuscator/protection/TokenLoggerProtectionProvider handle (Ldev/skidfuscator/obfuscator/event/impl/transform/method/InitMethodTransformEvent;)V 19 <appendix> member <vmtarget> ; # dev/skidfuscator/obfuscator/protection/TokenLoggerProtectionProvider$$Lambda+0x0000022aba23fa70
instanceKlass  @bci dev/skidfuscator/obfuscator/transform/impl/flow/interprocedural/InterproceduralTransformer handle (Ldev/skidfuscator/obfuscator/event/impl/transform/method/InitMethodTransformEvent;)V 26 <appendix> member <vmtarget> ; # dev/skidfuscator/obfuscator/transform/impl/flow/interprocedural/InterproceduralTransformer$$Lambda+0x0000022aba23f848
instanceKlass  @bci dev/skidfuscator/obfuscator/protection/MinecraftStealerProtectionProvider lambda$handle$1 (Ldev/skidfuscator/obfuscator/skidasm/expr/SkidConstantExpr;)V 22 <appendix> member <vmtarget> ; # dev/skidfuscator/obfuscator/protection/MinecraftStealerProtectionProvider$$Lambda+0x0000022aba23f5f0
instanceKlass  @bci dev/skidfuscator/obfuscator/protection/MinecraftStealerProtectionProvider handle (Ldev/skidfuscator/obfuscator/event/impl/transform/method/InitMethodTransformEvent;)V 68 <appendix> member <vmtarget> ; # dev/skidfuscator/obfuscator/protection/MinecraftStealerProtectionProvider$$Lambda+0x0000022aba23f3b8
instanceKlass dev/skidfuscator/obfuscator/util/TypeUtil
instanceKlass  @bci dev/skidfuscator/obfuscator/protection/MinecraftStealerProtectionProvider handle (Ldev/skidfuscator/obfuscator/event/impl/transform/method/InitMethodTransformEvent;)V 46 <appendix> argL0 ; # dev/skidfuscator/obfuscator/protection/MinecraftStealerProtectionProvider$$Lambda+0x0000022aba23ef60
instanceKlass  @bci dev/skidfuscator/obfuscator/protection/MinecraftStealerProtectionProvider handle (Ldev/skidfuscator/obfuscator/event/impl/transform/method/InitMethodTransformEvent;)V 36 <appendix> member <vmtarget> ; # dev/skidfuscator/obfuscator/protection/MinecraftStealerProtectionProvider$$Lambda+0x0000022aba23ed18
instanceKlass  @bci dev/skidfuscator/obfuscator/protection/MinecraftStealerProtectionProvider handle (Ldev/skidfuscator/obfuscator/event/impl/transform/method/InitMethodTransformEvent;)V 19 <appendix> member <vmtarget> ; # dev/skidfuscator/obfuscator/protection/MinecraftStealerProtectionProvider$$Lambda+0x0000022aba23eac0
instanceKlass  @bci dev/skidfuscator/obfuscator/Skidfuscator run (Ljava/lang/String;Ldev/skidfuscator/obfuscator/Skidfuscator$Caller;)V 894 <appendix> member <vmtarget> ; # dev/skidfuscator/obfuscator/Skidfuscator$$Lambda+0x0000022aba23e868
instanceKlass  @bci dev/skidfuscator/obfuscator/order/priority/MethodPriority <clinit> ()V 0 <appendix> argL0 ; # dev/skidfuscator/obfuscator/order/priority/MethodPriority$$Lambda+0x0000022aba23e208
instanceKlass  @cpi dev/skidfuscator/obfuscator/order/priority/MethodPriority 57 form vmentry <vmtarget> ; # java/lang/invoke/LambdaForm$DMH+0x0000022aba23d800
instanceKlass dev/skidfuscator/obfuscator/order/priority/MethodPriority
instanceKlass java/util/stream/ReduceOps$5ReducingSink
instanceKlass  @bci java/util/stream/IntPipeline sum ()I 2 <appendix> argL0 ; # java/util/stream/IntPipeline$$Lambda+0x0000022aba1fa668
instanceKlass java/util/function/IntBinaryOperator
instanceKlass  @bci dev/skidfuscator/obfuscator/Skidfuscator run (Ljava/lang/String;Ldev/skidfuscator/obfuscator/Skidfuscator$Caller;)V 583 <appendix> argL0 ; # dev/skidfuscator/obfuscator/Skidfuscator$$Lambda+0x0000022aba23bc98
instanceKlass dev/skidfuscator/obfuscator/skidasm/SkidInvocation$1
# instanceKlass java/lang/invoke/LambdaForm$MH+0x0000022aba23d400
instanceKlass  @bci dev/skidfuscator/obfuscator/transform/impl/flow/interprocedural/InterproceduralTransformer handle (Ldev/skidfuscator/obfuscator/event/impl/transform/group/InitGroupTransformEvent;)V 137 <appendix> member <vmtarget> ; # dev/skidfuscator/obfuscator/transform/impl/flow/interprocedural/InterproceduralTransformer$$Lambda+0x0000022aba23b838
instanceKlass  @bci dev/skidfuscator/obfuscator/transform/impl/flow/interprocedural/InterproceduralTransformer handle (Ldev/skidfuscator/obfuscator/event/impl/transform/group/InitGroupTransformEvent;)V 120 <appendix> argL0 ; # dev/skidfuscator/obfuscator/transform/impl/flow/interprocedural/InterproceduralTransformer$$Lambda+0x0000022aba23b5f8
instanceKlass  @bci dev/skidfuscator/obfuscator/skidasm/SkidGroup isEntryPoint ()Z 57 <appendix> argL0 ; # dev/skidfuscator/obfuscator/skidasm/SkidGroup$$Lambda+0x0000022aba23b3a8
instanceKlass dev/skidfuscator/obfuscator/util/OpcodeUtil
instanceKlass  @bci dev/skidfuscator/obfuscator/skidasm/SkidGroup isEntryPoint ()Z 35 <appendix> argL0 ; # dev/skidfuscator/obfuscator/skidasm/SkidGroup$$Lambda+0x0000022aba23af50
instanceKlass  @bci dev/skidfuscator/obfuscator/exempt/ExemptManager isExempt (Ljava/lang/Class;Lorg/mapleir/asm/MethodNode;)Z 6 <appendix> member <vmtarget> ; # dev/skidfuscator/obfuscator/exempt/ExemptManager$$Lambda+0x0000022aba23ad08
instanceKlass  @bci dev/skidfuscator/obfuscator/Skidfuscator lambda$run$16 (Ldev/skidfuscator/obfuscator/skidasm/SkidGroup;Ldev/skidfuscator/obfuscator/event/EventBus$EventListener;)Z 29 <appendix> member <vmtarget> ; # dev/skidfuscator/obfuscator/Skidfuscator$$Lambda+0x0000022aba23aab0
instanceKlass  @bci dev/skidfuscator/obfuscator/Skidfuscator run (Ljava/lang/String;Ldev/skidfuscator/obfuscator/Skidfuscator$Caller;)V 493 <appendix> member <vmtarget> ; # dev/skidfuscator/obfuscator/Skidfuscator$$Lambda+0x0000022aba23a858
instanceKlass  @bci dev/skidfuscator/obfuscator/Skidfuscator run (Ljava/lang/String;Ldev/skidfuscator/obfuscator/Skidfuscator$Caller;)V 449 <appendix> member <vmtarget> ; # dev/skidfuscator/obfuscator/Skidfuscator$$Lambda+0x0000022aba23a600
# instanceKlass java/lang/invoke/LambdaForm$MH+0x0000022aba23d000
instanceKlass  @bci dev/skidfuscator/obfuscator/skidasm/SkidMethodNode getEntryBlock ()Lorg/mapleir/ir/cfg/BasicBlock; 394 <appendix> member <vmtarget> ; # dev/skidfuscator/obfuscator/skidasm/SkidMethodNode$$Lambda+0x0000022aba23a3c8
instanceKlass  @bci dev/skidfuscator/obfuscator/skidasm/SkidMethodNode getEntryBlock ()Lorg/mapleir/ir/cfg/BasicBlock; 82 <appendix> member <vmtarget> ; # dev/skidfuscator/obfuscator/skidasm/SkidMethodNode$$Lambda+0x0000022aba23a170
instanceKlass  @bci dev/skidfuscator/obfuscator/skidasm/SkidMethodNode getEntryBlock ()Lorg/mapleir/ir/cfg/BasicBlock; 71 <appendix> argL0 ; # dev/skidfuscator/obfuscator/skidasm/SkidMethodNode$$Lambda+0x0000022aba239f30
instanceKlass  @bci dev/skidfuscator/obfuscator/skidasm/SkidMethodNode getEntryBlock ()Lorg/mapleir/ir/cfg/BasicBlock; 61 <appendix> argL0 ; # dev/skidfuscator/obfuscator/skidasm/SkidMethodNode$$Lambda+0x0000022aba239ce0
instanceKlass  @bci dev/skidfuscator/obfuscator/transform/impl/flow/interprocedural/RandomInitTransformer handle (Ldev/skidfuscator/obfuscator/event/impl/transform/clazz/InitClassTransformEvent;)V 468 <adapter> ; # java/lang/invoke/LambdaForm$MH+0x0000022aba23cc00
# instanceKlass java/lang/invoke/LambdaForm$DMH+0x0000022aba23c800
instanceKlass  @bci dev/skidfuscator/obfuscator/transform/impl/flow/interprocedural/RandomInitTransformer handle (Ldev/skidfuscator/obfuscator/event/impl/transform/clazz/InitClassTransformEvent;)V 468 <appendix> form vmentry <vmtarget> ; # java/lang/invoke/LambdaForm$DMH+0x0000022aba23c400
instanceKlass  @bci dev/skidfuscator/obfuscator/transform/impl/flow/interprocedural/RandomInitTransformer handle (Ldev/skidfuscator/obfuscator/event/impl/transform/clazz/InitClassTransformEvent;)V 468 <appendix> member <vmtarget> ; # dev/skidfuscator/obfuscator/transform/impl/flow/interprocedural/RandomInitTransformer$$Lambda+0x0000022aba239aa8
instanceKlass  @cpi dev/skidfuscator/obfuscator/transform/impl/flow/interprocedural/RandomInitTransformer 464 form vmentry <vmtarget> ; # java/lang/invoke/LambdaForm$DMH+0x0000022aba23c000
instanceKlass  @bci dev/skidfuscator/obfuscator/transform/impl/flow/interprocedural/RandomInitTransformer handle (Ldev/skidfuscator/obfuscator/event/impl/transform/clazz/InitClassTransformEvent;)V 453 <appendix> member <vmtarget> ; # dev/skidfuscator/obfuscator/transform/impl/flow/interprocedural/RandomInitTransformer$$Lambda+0x0000022aba239860
instanceKlass  @bci dev/skidfuscator/obfuscator/transform/impl/flow/interprocedural/RandomInitTransformer handle (Ldev/skidfuscator/obfuscator/event/impl/transform/clazz/InitClassTransformEvent;)V 436 <appendix> member <vmtarget> ; # dev/skidfuscator/obfuscator/transform/impl/flow/interprocedural/RandomInitTransformer$$Lambda+0x0000022aba239608
instanceKlass  @bci dev/skidfuscator/obfuscator/transform/impl/flow/interprocedural/RandomInitTransformer handle (Ldev/skidfuscator/obfuscator/event/impl/transform/clazz/InitClassTransformEvent;)V 419 <appendix> argL0 ; # dev/skidfuscator/obfuscator/transform/impl/flow/interprocedural/RandomInitTransformer$$Lambda+0x0000022aba2393b8
instanceKlass  @bci dev/skidfuscator/obfuscator/transform/impl/flow/interprocedural/RandomInitTransformer handle (Ldev/skidfuscator/obfuscator/event/impl/transform/clazz/InitClassTransformEvent;)V 400 <appendix> member <vmtarget> ; # dev/skidfuscator/obfuscator/transform/impl/flow/interprocedural/RandomInitTransformer$$Lambda+0x0000022aba239158
instanceKlass  @bci dev/skidfuscator/obfuscator/transform/impl/flow/interprocedural/RandomInitTransformer handle (Ldev/skidfuscator/obfuscator/event/impl/transform/clazz/InitClassTransformEvent;)V 386 <appendix> member <vmtarget> ; # dev/skidfuscator/obfuscator/transform/impl/flow/interprocedural/RandomInitTransformer$$Lambda+0x0000022aba238f30
instanceKlass  @bci dev/skidfuscator/obfuscator/transform/impl/flow/interprocedural/RandomInitTransformer handle (Ldev/skidfuscator/obfuscator/event/impl/transform/clazz/InitClassTransformEvent;)V 320 <appendix> member <vmtarget> ; # dev/skidfuscator/obfuscator/transform/impl/flow/interprocedural/RandomInitTransformer$$Lambda+0x0000022aba238cd0
instanceKlass  @bci dev/skidfuscator/obfuscator/transform/impl/flow/interprocedural/RandomInitTransformer handle (Ldev/skidfuscator/obfuscator/event/impl/transform/clazz/InitClassTransformEvent;)V 305 <appendix> member <vmtarget> ; # dev/skidfuscator/obfuscator/transform/impl/flow/interprocedural/RandomInitTransformer$$Lambda+0x0000022aba238aa8
instanceKlass dev/skidfuscator/obfuscator/transform/impl/flow/interprocedural/RandomInitTransformer$1
instanceKlass dev/skidfuscator/obfuscator/number/encrypt/impl/XorNumberTransformer
instanceKlass dev/skidfuscator/obfuscator/number/encrypt/NumberTransformer
instanceKlass  @bci dev/skidfuscator/obfuscator/util/RandomUtil randomIsoString (I)Ljava/lang/String; 43 <appendix> argL0 ; # dev/skidfuscator/obfuscator/util/RandomUtil$$Lambda+0x0000022aba238220
instanceKlass  @bci dev/skidfuscator/obfuscator/util/RandomUtil randomIsoString (I)Ljava/lang/String; 38 <appendix> argL0 ; # dev/skidfuscator/obfuscator/util/RandomUtil$$Lambda+0x0000022aba238000
instanceKlass  @bci dev/skidfuscator/obfuscator/util/RandomUtil randomIsoString (I)Ljava/lang/String; 33 <appendix> argL0 ; # dev/skidfuscator/obfuscator/util/RandomUtil$$Lambda+0x0000022aba230d18
instanceKlass  @bci dev/skidfuscator/obfuscator/util/RandomUtil randomIsoString (I)Ljava/lang/String; 16 <appendix> argL0 ; # dev/skidfuscator/obfuscator/util/RandomUtil$$Lambda+0x0000022aba231da0
instanceKlass dev/skidfuscator/builder/FieldNodeBuilder
instanceKlass dev/skidfuscator/obfuscator/skidasm/builder/SkidFieldNodeBuilder
instanceKlass  @bci dev/skidfuscator/obfuscator/predicate/renderer/IntegerBlockPredicateRenderer handle (Ldev/skidfuscator/obfuscator/event/impl/transform/clazz/InitClassTransformEvent;)V 55 <appendix> argL0 ; # dev/skidfuscator/obfuscator/predicate/renderer/IntegerBlockPredicateRenderer$$Lambda+0x0000022aba231b48
instanceKlass  @bci dev/skidfuscator/obfuscator/predicate/renderer/IntegerBlockPredicateRenderer handle (Ldev/skidfuscator/obfuscator/event/impl/transform/clazz/InitClassTransformEvent;)V 43 <appendix> member <vmtarget> ; # dev/skidfuscator/obfuscator/predicate/renderer/IntegerBlockPredicateRenderer$$Lambda+0x0000022aba231920
instanceKlass  @bci dev/skidfuscator/obfuscator/predicate/renderer/IntegerBlockPredicateRenderer handle (Ldev/skidfuscator/obfuscator/event/impl/transform/clazz/InitClassTransformEvent;)V 29 <appendix> argL0 ; # dev/skidfuscator/obfuscator/predicate/renderer/IntegerBlockPredicateRenderer$$Lambda+0x0000022aba2316c8
instanceKlass  @bci dev/skidfuscator/obfuscator/predicate/renderer/IntegerBlockPredicateRenderer handle (Ldev/skidfuscator/obfuscator/event/impl/transform/clazz/InitClassTransformEvent;)V 18 <appendix> member <vmtarget> ; # dev/skidfuscator/obfuscator/predicate/renderer/IntegerBlockPredicateRenderer$$Lambda+0x0000022aba2314a0
instanceKlass  @bci dev/skidfuscator/obfuscator/exempt/ExemptManager isExempt (Ljava/lang/Class;Lorg/mapleir/asm/ClassNode;)Z 6 <appendix> member <vmtarget> ; # dev/skidfuscator/obfuscator/exempt/ExemptManager$$Lambda+0x0000022aba231258
instanceKlass  @bci dev/skidfuscator/obfuscator/Skidfuscator run (Ljava/lang/String;Ldev/skidfuscator/obfuscator/Skidfuscator$Caller;)V 229 <appendix> member <vmtarget> ; # dev/skidfuscator/obfuscator/Skidfuscator$$Lambda+0x0000022aba231000
instanceKlass dev/skidfuscator/obfuscator/number/hash/impl/BitwiseHashTransformer
instanceKlass org/mapleir/ir/code/expr/ArithmeticExpr$1
instanceKlass  @bci dev/skidfuscator/obfuscator/creator/SkidFlowGraphDumper linearize ()V 785 <appendix> member <vmtarget> ; # dev/skidfuscator/obfuscator/creator/SkidFlowGraphDumper$$Lambda+0x0000022aba233920
instanceKlass org/mapleir/stdlib/collections/graph/algorithms/TarjanSCC
instanceKlass  @bci dev/skidfuscator/obfuscator/creator/SkidFlowGraphDumper linearize (Ljava/util/Collection;Ldev/skidfuscator/obfuscator/creator/SkidFlowGraphDumper$BundleGraph;Ldev/skidfuscator/obfuscator/creator/SkidFlowGraphDumper$BlockBundle;)Ljava/util/List; 2 <appendix> argL0 ; # dev/skidfuscator/obfuscator/creator/SkidFlowGraphDumper$$Lambda+0x0000022aba2334b0
instanceKlass  @bci dev/skidfuscator/obfuscator/creator/SkidFlowGraphDumper linearize ()V 526 <appendix> member <vmtarget> ; # dev/skidfuscator/obfuscator/creator/SkidFlowGraphDumper$$Lambda+0x0000022aba233278
instanceKlass  @cpi dev/skidfuscator/obfuscator/creator/SkidFlowGraphDumper 1768 form vmentry <vmtarget> ; # java/lang/invoke/LambdaForm$DMH+0x0000022aba230400
instanceKlass org/mapleir/ir/code/TypeStack
instanceKlass org/mapleir/ir/code/ExpressionPool
instanceKlass dev/skidfuscator/obfuscator/creator/SkidFlowGraphDumper
instanceKlass org/mapleir/ir/codegen/BytecodeFrontend
instanceKlass dev/skidfuscator/obfuscator/skidasm/builder/SkidMethodNodeBuilder
instanceKlass dev/skidfuscator/obfuscator/number/hash/impl/LegacyHashTransformer
instanceKlass org/objectweb/asm/ByteVector
instanceKlass org/objectweb/asm/Symbol
instanceKlass org/objectweb/asm/SymbolTable
instanceKlass dev/skidfuscator/obfuscator/skidasm/builder/SkidClassNodeBuilder
instanceKlass java/util/stream/Sink$ChainedInt
instanceKlass java/util/stream/Sink$OfInt
instanceKlass java/util/function/IntConsumer
instanceKlass  @bci java/util/stream/IntPipeline collect (Ljava/util/function/Supplier;Ljava/util/function/ObjIntConsumer;Ljava/util/function/BiConsumer;)Ljava/lang/Object; 6 <appendix> member <vmtarget> ; # java/util/stream/IntPipeline$$Lambda+0x0000022aba1f7f70
instanceKlass  @bci dev/skidfuscator/obfuscator/util/RandomUtil randomAlphabeticalString (I)Ljava/lang/String; 33 <appendix> argL0 ; # dev/skidfuscator/obfuscator/util/RandomUtil$$Lambda+0x0000022aba235108
instanceKlass  @bci dev/skidfuscator/obfuscator/util/RandomUtil randomAlphabeticalString (I)Ljava/lang/String; 28 <appendix> argL0 ; # dev/skidfuscator/obfuscator/util/RandomUtil$$Lambda+0x0000022aba234ee8
instanceKlass java/util/function/ObjIntConsumer
instanceKlass  @bci dev/skidfuscator/obfuscator/util/RandomUtil randomAlphabeticalString (I)Ljava/lang/String; 23 <appendix> argL0 ; # dev/skidfuscator/obfuscator/util/RandomUtil$$Lambda+0x0000022aba234cc8
instanceKlass java/util/stream/SliceOps
instanceKlass java/util/stream/IntStream
instanceKlass jdk/internal/util/random/RandomSupport$RandomSpliterator
instanceKlass jdk/internal/util/random/RandomSupport$AbstractSpliteratorGenerator
instanceKlass java/lang/Throwable$PrintStreamOrWriter
instanceKlass  @bci dev/xdark/ssvm/mirror/member/SimpleJavaMethod resolveTryCatchBlocks ()Ljava/util/List; 41 <appendix> member <vmtarget> ; # dev/xdark/ssvm/mirror/member/SimpleJavaMethod$$Lambda+0x0000022aba234a80
instanceKlass dev/xdark/ssvm/execution/VMTryCatchBlock
instanceKlass dev/xdark/ssvm/synchronizer/java/LockMutex
instanceKlass dev/xdark/ssvm/util/CloseableUtil
instanceKlass dev/xdark/ssvm/thread/heap/HeapLocals
instanceKlass dev/xdark/ssvm/execution/EmptyStack
instanceKlass dev/xdark/ssvm/mirror/member/SimpleJavaMethod$1
instanceKlass dev/xdark/ssvm/execution/Interpreter
instanceKlass dev/xdark/ssvm/thread/backtrace/SimpleExecutionContext
instanceKlass dev/xdark/ssvm/thread/heap/HeapStack
instanceKlass dev/xdark/ssvm/thread/heap/HeapThreadStorage$ThreadMemoryDataImpl
instanceKlass dev/xdark/ssvm/memory/allocation/SliceMemoryData
instanceKlass dev/xdark/ssvm/thread/ThreadMemoryData
instanceKlass dev/xdark/ssvm/thread/heap/HeapThreadStorage$HeapComponent
instanceKlass dev/xdark/ssvm/operation/DefaultInvocationOperations$SimpleExecutionRequest
instanceKlass dev/xdark/ssvm/value/sink/AbstractValueSink
instanceKlass dev/xdark/ssvm/execution/EmptyLocals
instanceKlass  @bci jdk/internal/reflect/MethodHandleIntegerFieldAccessorImpl getInt (Ljava/lang/Object;)I 11 <adapter> ; # java/lang/invoke/LambdaForm$MH+0x0000022aba230000
instanceKlass dev/xdark/ssvm/util/AsmUtil
instanceKlass dev/xdark/jlinker/Error
instanceKlass dev/xdark/ssvm/mirror/type/SimpleArrayClass
instanceKlass dev/xdark/jlinker/Success
instanceKlass dev/xdark/jlinker/Result
instanceKlass dev/xdark/jlinker/Resolution
instanceKlass dev/xdark/ssvm/asm/Modifier
instanceKlass dev/xdark/ssvm/mirror/type/SimpleInstanceClass$2
instanceKlass dev/xdark/ssvm/jvmti/ThreadState
instanceKlass dev/xdark/ssvm/thread/AbstractOSThread
instanceKlass dev/xdark/ssvm/execution/Stack
instanceKlass dev/xdark/ssvm/execution/Locals
instanceKlass dev/xdark/ssvm/thread/heap/HeapThreadStorage
instanceKlass dev/xdark/ssvm/thread/backtrace/SimpleBacktrace
instanceKlass dev/xdark/ssvm/execution/rewrite/field/GetFieldReferenceProcessor
instanceKlass dev/xdark/ssvm/execution/rewrite/field/GetFieldDoubleProcessor
instanceKlass dev/xdark/ssvm/execution/rewrite/field/GetFieldLongProcessor
instanceKlass dev/xdark/ssvm/execution/rewrite/field/GetFieldFloatProcessor
instanceKlass dev/xdark/ssvm/execution/rewrite/field/GetFieldIntProcessor
instanceKlass dev/xdark/ssvm/execution/rewrite/field/GetFieldShortProcessor
instanceKlass dev/xdark/ssvm/execution/rewrite/field/GetFieldCharProcessor
instanceKlass dev/xdark/ssvm/execution/rewrite/field/GetFieldByteProcessor
instanceKlass dev/xdark/ssvm/execution/rewrite/field/PutFieldReferenceProcessor
instanceKlass dev/xdark/ssvm/execution/rewrite/field/PutFieldDoubleProcessor
instanceKlass dev/xdark/ssvm/execution/rewrite/field/PutFieldLongProcessor
instanceKlass dev/xdark/ssvm/execution/rewrite/field/PutFieldFloatProcessor
instanceKlass dev/xdark/ssvm/execution/rewrite/field/PutFieldIntProcessor
instanceKlass dev/xdark/ssvm/execution/rewrite/field/PutFieldShortProcessor
instanceKlass dev/xdark/ssvm/execution/rewrite/field/PutFieldCharProcessor
instanceKlass dev/xdark/ssvm/execution/rewrite/field/PutFieldByteProcessor
instanceKlass dev/xdark/ssvm/execution/rewrite/constant/ConstantReferenceProcessor
instanceKlass dev/xdark/ssvm/execution/rewrite/constant/ConstantDoubleProcessor
instanceKlass dev/xdark/ssvm/execution/rewrite/constant/ConstantLongProcessor
instanceKlass dev/xdark/ssvm/execution/rewrite/constant/ConstantFloatProcessor
instanceKlass dev/xdark/ssvm/execution/rewrite/constant/ConstantIntProcessor
instanceKlass dev/xdark/ssvm/execution/rewrite/field/PutStaticReferenceProcessor
instanceKlass dev/xdark/ssvm/execution/rewrite/field/PutStaticDoubleProcessor
instanceKlass dev/xdark/ssvm/execution/rewrite/field/PutStaticLongProcessor
instanceKlass dev/xdark/ssvm/execution/rewrite/field/PutStaticFloatProcessor
instanceKlass dev/xdark/ssvm/execution/rewrite/field/PutStaticIntProcessor
instanceKlass dev/xdark/ssvm/execution/rewrite/field/PutStaticShortProcessor
instanceKlass dev/xdark/ssvm/execution/rewrite/field/PutStaticCharProcessor
instanceKlass dev/xdark/ssvm/execution/rewrite/field/PutStaticByteProcessor
instanceKlass dev/xdark/ssvm/execution/rewrite/field/GetStaticReferenceProcessor
instanceKlass dev/xdark/ssvm/execution/rewrite/field/GetStaticDoubleProcessor
instanceKlass dev/xdark/ssvm/execution/rewrite/field/GetStaticLongProcessor
instanceKlass dev/xdark/ssvm/execution/rewrite/field/GetStaticFloatProcessor
instanceKlass dev/xdark/ssvm/execution/rewrite/field/GetStaticIntProcessor
instanceKlass dev/xdark/ssvm/execution/rewrite/field/GetStaticShortProcessor
instanceKlass dev/xdark/ssvm/execution/rewrite/field/GetStaticCharProcessor
instanceKlass dev/xdark/ssvm/execution/rewrite/field/GetStaticByteProcessor
instanceKlass dev/xdark/ssvm/execution/rewrite/VMCastProcessor
instanceKlass dev/xdark/ssvm/execution/rewrite/method/AbstractVMCallProcessor
instanceKlass dev/xdark/ssvm/execution/rewrite/array/ReferenceArrayProcessor
instanceKlass dev/xdark/ssvm/execution/rewrite/array/LongArrayProcessor
instanceKlass dev/xdark/ssvm/execution/rewrite/array/IntArrayProcessor
instanceKlass dev/xdark/ssvm/execution/rewrite/array/ShortArrayProcessor
instanceKlass dev/xdark/ssvm/execution/rewrite/array/ByteArrayProcessor
instanceKlass dev/xdark/ssvm/execution/rewrite/array/DoubleArrayProcessor
instanceKlass dev/xdark/ssvm/execution/rewrite/array/FloatArrayProcessor
instanceKlass dev/xdark/ssvm/execution/rewrite/array/CharArrayProcessor
instanceKlass dev/xdark/ssvm/execution/rewrite/array/BooleanArrayProcessor
instanceKlass dev/xdark/ssvm/execution/rewrite/VMNewProcessor
instanceKlass dev/xdark/ssvm/execution/rewrite/method/DynamicCallProcessor
instanceKlass  @bci dev/xdark/ssvm/NativeJava setInstructions (Ldev/xdark/ssvm/VirtualMachine;)V 2582 <appendix> argL0 ; # dev/xdark/ssvm/NativeJava$$Lambda+0x0000022aba222fa8
instanceKlass  @bci dev/xdark/ssvm/NativeJava setInstructions (Ldev/xdark/ssvm/VirtualMachine;)V 2561 <appendix> argL0 ; # dev/xdark/ssvm/NativeJava$$Lambda+0x0000022aba222d58
instanceKlass dev/xdark/ssvm/execution/asm/ValueJumpProcessor
instanceKlass dev/xdark/ssvm/execution/asm/MultiNewArrayProcessor
instanceKlass dev/xdark/ssvm/execution/asm/MonitorExitProcessor
instanceKlass dev/xdark/ssvm/execution/asm/MonitorEnterProcessor
instanceKlass dev/xdark/ssvm/execution/asm/InstanceofProcessor
instanceKlass dev/xdark/ssvm/execution/asm/CastProcessor
instanceKlass dev/xdark/ssvm/execution/asm/ThrowProcessor
instanceKlass dev/xdark/ssvm/execution/asm/ArrayLengthProcessor
instanceKlass dev/xdark/ssvm/execution/asm/PrimitiveArrayProcessor
instanceKlass dev/xdark/ssvm/execution/asm/ObjectArrayProcessor
instanceKlass dev/xdark/ssvm/execution/asm/NewProcessor
instanceKlass dev/xdark/ssvm/execution/asm/InvokeDynamicLinkerProcessor
instanceKlass dev/xdark/ssvm/execution/asm/CallProcessor
instanceKlass dev/xdark/ssvm/execution/asm/PutFieldProcessor
instanceKlass dev/xdark/ssvm/execution/asm/GetFieldProcessor
instanceKlass dev/xdark/ssvm/execution/asm/PutStaticProcessor
instanceKlass dev/xdark/ssvm/execution/asm/GetStaticProcessor
instanceKlass dev/xdark/ssvm/execution/asm/ReturnVoidProcessor
instanceKlass dev/xdark/ssvm/execution/asm/ReturnReferenceProcessor
instanceKlass dev/xdark/ssvm/execution/asm/ReturnDoubleProcessor
instanceKlass dev/xdark/ssvm/execution/asm/ReturnFloatProcessor
instanceKlass dev/xdark/ssvm/execution/asm/ReturnLongProcessor
instanceKlass dev/xdark/ssvm/execution/asm/ReturnIntProcessor
instanceKlass dev/xdark/ssvm/execution/asm/LookupSwitchProcessor
instanceKlass dev/xdark/ssvm/execution/asm/TableSwitchProcessor
instanceKlass dev/xdark/ssvm/execution/asm/RetProcessor
instanceKlass dev/xdark/ssvm/execution/asm/JSRProcessor
instanceKlass dev/xdark/ssvm/execution/asm/GotoProcessor
instanceKlass  @bci dev/xdark/ssvm/NativeJava setInstructions (Ldev/xdark/ssvm/VirtualMachine;)V 2060 <appendix> argL0 ; # dev/xdark/ssvm/NativeJava$$Lambda+0x0000022aba21dca8
instanceKlass  @bci dev/xdark/ssvm/NativeJava setInstructions (Ldev/xdark/ssvm/VirtualMachine;)V 2039 <appendix> argL0 ; # dev/xdark/ssvm/NativeJava$$Lambda+0x0000022aba21da58
instanceKlass java/util/function/BiPredicate
instanceKlass dev/xdark/ssvm/execution/asm/BiValueJumpProcessor
instanceKlass  @bci dev/xdark/ssvm/NativeJava setInstructions (Ldev/xdark/ssvm/VirtualMachine;)V 2018 <appendix> argL0 ; # dev/xdark/ssvm/NativeJava$$Lambda+0x0000022aba21d610
instanceKlass  @bci dev/xdark/ssvm/NativeJava setInstructions (Ldev/xdark/ssvm/VirtualMachine;)V 1997 <appendix> argL0 ; # dev/xdark/ssvm/NativeJava$$Lambda+0x0000022aba21d3f0
instanceKlass  @bci dev/xdark/ssvm/NativeJava setInstructions (Ldev/xdark/ssvm/VirtualMachine;)V 1976 <appendix> argL0 ; # dev/xdark/ssvm/NativeJava$$Lambda+0x0000022aba21d1d0
instanceKlass  @bci dev/xdark/ssvm/NativeJava setInstructions (Ldev/xdark/ssvm/VirtualMachine;)V 1955 <appendix> argL0 ; # dev/xdark/ssvm/NativeJava$$Lambda+0x0000022aba21cfb0
instanceKlass  @bci dev/xdark/ssvm/NativeJava setInstructions (Ldev/xdark/ssvm/VirtualMachine;)V 1934 <appendix> argL0 ; # dev/xdark/ssvm/NativeJava$$Lambda+0x0000022aba21cd90
instanceKlass  @bci dev/xdark/ssvm/NativeJava setInstructions (Ldev/xdark/ssvm/VirtualMachine;)V 1913 <appendix> argL0 ; # dev/xdark/ssvm/NativeJava$$Lambda+0x0000022aba21cb70
instanceKlass dev/xdark/ssvm/util/BiIntPredicate
instanceKlass dev/xdark/ssvm/execution/asm/BiIntJumpProcessor
instanceKlass  @bci dev/xdark/ssvm/NativeJava setInstructions (Ldev/xdark/ssvm/VirtualMachine;)V 1892 <appendix> argL0 ; # dev/xdark/ssvm/NativeJava$$Lambda+0x0000022aba21c4f8
instanceKlass  @bci dev/xdark/ssvm/NativeJava setInstructions (Ldev/xdark/ssvm/VirtualMachine;)V 1871 <appendix> argL0 ; # dev/xdark/ssvm/NativeJava$$Lambda+0x0000022aba21c2a8
instanceKlass  @bci dev/xdark/ssvm/NativeJava setInstructions (Ldev/xdark/ssvm/VirtualMachine;)V 1850 <appendix> argL0 ; # dev/xdark/ssvm/NativeJava$$Lambda+0x0000022aba21c058
instanceKlass  @bci dev/xdark/ssvm/NativeJava setInstructions (Ldev/xdark/ssvm/VirtualMachine;)V 1829 <appendix> argL0 ; # dev/xdark/ssvm/NativeJava$$Lambda+0x0000022aba21be08
instanceKlass  @bci dev/xdark/ssvm/NativeJava setInstructions (Ldev/xdark/ssvm/VirtualMachine;)V 1808 <appendix> argL0 ; # dev/xdark/ssvm/NativeJava$$Lambda+0x0000022aba21bbb8
instanceKlass  @bci dev/xdark/ssvm/NativeJava setInstructions (Ldev/xdark/ssvm/VirtualMachine;)V 1787 <appendix> argL0 ; # dev/xdark/ssvm/NativeJava$$Lambda+0x0000022aba21b968
instanceKlass java/util/function/IntPredicate
instanceKlass dev/xdark/ssvm/execution/asm/IntJumpProcessor
instanceKlass dev/xdark/ssvm/execution/asm/DoubleCompareProcessor
instanceKlass dev/xdark/ssvm/execution/asm/FloatCompareProcessor
instanceKlass dev/xdark/ssvm/execution/asm/LongCompareProcessor
instanceKlass dev/xdark/ssvm/execution/asm/IntToShortProcessor
instanceKlass dev/xdark/ssvm/execution/asm/IntToCharProcessor
instanceKlass dev/xdark/ssvm/execution/asm/IntToByteProcessor
instanceKlass dev/xdark/ssvm/execution/asm/DoubleToFloatProcessor
instanceKlass dev/xdark/ssvm/execution/asm/DoubleToLongProcessor
instanceKlass dev/xdark/ssvm/execution/asm/DoubleToIntProcessor
instanceKlass dev/xdark/ssvm/execution/asm/FloatToDoubleProcessor
instanceKlass dev/xdark/ssvm/execution/asm/FloatToLongProcessor
instanceKlass dev/xdark/ssvm/execution/asm/FloatToIntProcessor
instanceKlass dev/xdark/ssvm/execution/asm/LongToDoubleProcessor
instanceKlass dev/xdark/ssvm/execution/asm/LongToFloatProcessor
instanceKlass dev/xdark/ssvm/execution/asm/LongToIntProcessor
instanceKlass dev/xdark/ssvm/execution/asm/IntToDoubleProcessor
instanceKlass dev/xdark/ssvm/execution/asm/IntToFloatProcessor
instanceKlass dev/xdark/ssvm/execution/asm/IntToLongProcessor
instanceKlass dev/xdark/ssvm/execution/asm/VariableIncrementProcessor
instanceKlass  @bci dev/xdark/ssvm/NativeJava setInstructions (Ldev/xdark/ssvm/VirtualMachine;)V 1426 <appendix> argL0 ; # dev/xdark/ssvm/NativeJava$$Lambda+0x0000022aba218cc0
instanceKlass  @bci dev/xdark/ssvm/NativeJava setInstructions (Ldev/xdark/ssvm/VirtualMachine;)V 1405 <appendix> argL0 ; # dev/xdark/ssvm/NativeJava$$Lambda+0x0000022aba218aa0
instanceKlass  @bci dev/xdark/ssvm/NativeJava setInstructions (Ldev/xdark/ssvm/VirtualMachine;)V 1384 <appendix> argL0 ; # dev/xdark/ssvm/NativeJava$$Lambda+0x0000022aba218880
instanceKlass  @bci dev/xdark/ssvm/NativeJava setInstructions (Ldev/xdark/ssvm/VirtualMachine;)V 1363 <appendix> argL0 ; # dev/xdark/ssvm/NativeJava$$Lambda+0x0000022aba218660
instanceKlass  @bci dev/xdark/ssvm/NativeJava setInstructions (Ldev/xdark/ssvm/VirtualMachine;)V 1342 <appendix> argL0 ; # dev/xdark/ssvm/NativeJava$$Lambda+0x0000022aba218440
instanceKlass  @bci dev/xdark/ssvm/NativeJava setInstructions (Ldev/xdark/ssvm/VirtualMachine;)V 1322 <appendix> argL0 ; # dev/xdark/ssvm/NativeJava$$Lambda+0x0000022aba218220
instanceKlass  @bci dev/xdark/ssvm/NativeJava setInstructions (Ldev/xdark/ssvm/VirtualMachine;)V 1302 <appendix> argL0 ; # dev/xdark/ssvm/NativeJava$$Lambda+0x0000022aba218000
instanceKlass  @bci dev/xdark/ssvm/NativeJava setInstructions (Ldev/xdark/ssvm/VirtualMachine;)V 1282 <appendix> argL0 ; # dev/xdark/ssvm/NativeJava$$Lambda+0x0000022aba214c40
instanceKlass  @bci dev/xdark/ssvm/NativeJava setInstructions (Ldev/xdark/ssvm/VirtualMachine;)V 1262 <appendix> argL0 ; # dev/xdark/ssvm/NativeJava$$Lambda+0x0000022aba214a20
instanceKlass  @bci dev/xdark/ssvm/NativeJava setInstructions (Ldev/xdark/ssvm/VirtualMachine;)V 1242 <appendix> argL0 ; # dev/xdark/ssvm/NativeJava$$Lambda+0x0000022aba214800
instanceKlass  @bci dev/xdark/ssvm/NativeJava setInstructions (Ldev/xdark/ssvm/VirtualMachine;)V 1222 <appendix> argL0 ; # dev/xdark/ssvm/NativeJava$$Lambda+0x0000022aba215ca8
instanceKlass dev/xdark/ssvm/util/LongIntToLongFunction
instanceKlass dev/xdark/ssvm/execution/asm/LongIntProcessor
instanceKlass  @bci dev/xdark/ssvm/NativeJava setInstructions (Ldev/xdark/ssvm/VirtualMachine;)V 1202 <appendix> argL0 ; # dev/xdark/ssvm/NativeJava$$Lambda+0x0000022aba215660
instanceKlass dev/xdark/ssvm/execution/asm/NegativeDoubleProcessor
instanceKlass dev/xdark/ssvm/execution/asm/NegativeFloatProcessor
instanceKlass dev/xdark/ssvm/execution/asm/NegativeLongProcessor
instanceKlass dev/xdark/ssvm/execution/asm/NegativeIntProcessor
instanceKlass  @bci dev/xdark/ssvm/NativeJava setInstructions (Ldev/xdark/ssvm/VirtualMachine;)V 1122 <appendix> argL0 ; # dev/xdark/ssvm/NativeJava$$Lambda+0x0000022aba217bc0
instanceKlass  @bci dev/xdark/ssvm/NativeJava setInstructions (Ldev/xdark/ssvm/VirtualMachine;)V 1102 <appendix> argL0 ; # dev/xdark/ssvm/NativeJava$$Lambda+0x0000022aba2179a0
instanceKlass dev/xdark/ssvm/execution/asm/LongRemainderProcessor
instanceKlass dev/xdark/ssvm/execution/asm/IntRemainderProcessor
instanceKlass  @bci dev/xdark/ssvm/NativeJava setInstructions (Ldev/xdark/ssvm/VirtualMachine;)V 1052 <appendix> argL0 ; # dev/xdark/ssvm/NativeJava$$Lambda+0x0000022aba217330
instanceKlass  @bci dev/xdark/ssvm/NativeJava setInstructions (Ldev/xdark/ssvm/VirtualMachine;)V 1032 <appendix> argL0 ; # dev/xdark/ssvm/NativeJava$$Lambda+0x0000022aba217110
instanceKlass dev/xdark/ssvm/execution/asm/LongDivisionProcessor
instanceKlass dev/xdark/ssvm/execution/asm/IntDivisionProcessor
instanceKlass  @bci dev/xdark/ssvm/NativeJava setInstructions (Ldev/xdark/ssvm/VirtualMachine;)V 982 <appendix> argL0 ; # dev/xdark/ssvm/NativeJava$$Lambda+0x0000022aba216aa0
instanceKlass  @bci dev/xdark/ssvm/NativeJava setInstructions (Ldev/xdark/ssvm/VirtualMachine;)V 962 <appendix> argL0 ; # dev/xdark/ssvm/NativeJava$$Lambda+0x0000022aba216880
instanceKlass  @bci dev/xdark/ssvm/NativeJava setInstructions (Ldev/xdark/ssvm/VirtualMachine;)V 942 <appendix> argL0 ; # dev/xdark/ssvm/NativeJava$$Lambda+0x0000022aba216660
instanceKlass  @bci dev/xdark/ssvm/NativeJava setInstructions (Ldev/xdark/ssvm/VirtualMachine;)V 922 <appendix> argL0 ; # dev/xdark/ssvm/NativeJava$$Lambda+0x0000022aba216440
instanceKlass  @bci dev/xdark/ssvm/NativeJava setInstructions (Ldev/xdark/ssvm/VirtualMachine;)V 902 <appendix> argL0 ; # dev/xdark/ssvm/NativeJava$$Lambda+0x0000022aba216220
instanceKlass  @bci dev/xdark/ssvm/NativeJava setInstructions (Ldev/xdark/ssvm/VirtualMachine;)V 882 <appendix> argL0 ; # dev/xdark/ssvm/NativeJava$$Lambda+0x0000022aba216000
instanceKlass  @bci dev/xdark/ssvm/NativeJava setInstructions (Ldev/xdark/ssvm/VirtualMachine;)V 862 <appendix> argL0 ; # dev/xdark/ssvm/NativeJava$$Lambda+0x0000022aba213d40
instanceKlass  @bci dev/xdark/ssvm/NativeJava setInstructions (Ldev/xdark/ssvm/VirtualMachine;)V 842 <appendix> argL0 ; # dev/xdark/ssvm/NativeJava$$Lambda+0x0000022aba213b20
instanceKlass  @bci dev/xdark/ssvm/NativeJava setInstructions (Ldev/xdark/ssvm/VirtualMachine;)V 822 <appendix> argL0 ; # dev/xdark/ssvm/NativeJava$$Lambda+0x0000022aba213900
instanceKlass  @cpi dev/xdark/ssvm/NativeJava 879 form vmentry <vmtarget> ; # java/lang/invoke/LambdaForm$DMH+0x0000022aba214400
instanceKlass dev/xdark/ssvm/util/BiDoubleToDoubleFunction
instanceKlass dev/xdark/ssvm/execution/asm/BiDoubleProcessor
instanceKlass  @bci dev/xdark/ssvm/NativeJava setInstructions (Ldev/xdark/ssvm/VirtualMachine;)V 802 <appendix> argL0 ; # dev/xdark/ssvm/NativeJava$$Lambda+0x0000022aba2132b8
instanceKlass  @cpi dev/xdark/ssvm/NativeJava 874 form vmentry <vmtarget> ; # java/lang/invoke/LambdaForm$DMH+0x0000022aba214000
instanceKlass dev/xdark/ssvm/util/BiFloatToFloatFunction
instanceKlass dev/xdark/ssvm/execution/asm/BiFloatProcessor
instanceKlass  @bci dev/xdark/ssvm/NativeJava setInstructions (Ldev/xdark/ssvm/VirtualMachine;)V 782 <appendix> argL0 ; # dev/xdark/ssvm/NativeJava$$Lambda+0x0000022aba212c70
instanceKlass dev/xdark/ssvm/util/BiLongToLongFunction
instanceKlass dev/xdark/ssvm/execution/asm/BiLongProcessor
instanceKlass  @bci dev/xdark/ssvm/NativeJava setInstructions (Ldev/xdark/ssvm/VirtualMachine;)V 762 <appendix> argL0 ; # dev/xdark/ssvm/NativeJava$$Lambda+0x0000022aba212628
instanceKlass dev/xdark/ssvm/util/BiIntToIntFunction
instanceKlass dev/xdark/ssvm/execution/asm/BiIntProcessor
instanceKlass dev/xdark/ssvm/execution/asm/SwapProcessor
instanceKlass dev/xdark/ssvm/execution/asm/Dup2X2Processor
instanceKlass dev/xdark/ssvm/execution/asm/Dup2X1Processor
instanceKlass dev/xdark/ssvm/execution/asm/Dup2Processor
instanceKlass dev/xdark/ssvm/execution/asm/DupX2Processor
instanceKlass dev/xdark/ssvm/execution/asm/DupX1Processor
instanceKlass dev/xdark/ssvm/execution/asm/DupProcessor
instanceKlass dev/xdark/ssvm/execution/asm/Pop2Processor
instanceKlass dev/xdark/ssvm/execution/asm/PopProcessor
instanceKlass dev/xdark/ssvm/execution/asm/ReferenceStoreProcessor
instanceKlass dev/xdark/ssvm/execution/asm/DoubleStoreProcessor
instanceKlass dev/xdark/ssvm/execution/asm/FloatStoreProcessor
instanceKlass dev/xdark/ssvm/execution/asm/LongStoreProcessor
instanceKlass dev/xdark/ssvm/execution/asm/IntStoreProcessor
instanceKlass dev/xdark/ssvm/execution/asm/StoreArrayShortProcessor
instanceKlass dev/xdark/ssvm/execution/asm/StoreArrayCharProcessor
instanceKlass dev/xdark/ssvm/execution/asm/StoreArrayByteProcessor
instanceKlass dev/xdark/ssvm/execution/asm/StoreArrayValueProcessor
instanceKlass dev/xdark/ssvm/execution/asm/StoreArrayDoubleProcessor
instanceKlass dev/xdark/ssvm/execution/asm/StoreArrayFloatProcessor
instanceKlass dev/xdark/ssvm/execution/asm/StoreArrayLongProcessor
instanceKlass dev/xdark/ssvm/execution/asm/StoreArrayIntProcessor
instanceKlass dev/xdark/ssvm/execution/asm/LoadArrayShortProcessor
instanceKlass dev/xdark/ssvm/execution/asm/LoadArrayCharProcessor
instanceKlass dev/xdark/ssvm/execution/asm/LoadArrayByteProcessor
instanceKlass dev/xdark/ssvm/execution/asm/LoadArrayValueProcessor
instanceKlass dev/xdark/ssvm/execution/asm/LoadArrayDoubleProcessor
instanceKlass dev/xdark/ssvm/execution/asm/LoadArrayFloatProcessor
instanceKlass dev/xdark/ssvm/execution/asm/LoadArrayLongProcessor
instanceKlass dev/xdark/ssvm/execution/asm/LoadArrayIntProcessor
instanceKlass dev/xdark/ssvm/execution/asm/ValueLoadProcessor
instanceKlass dev/xdark/ssvm/execution/asm/DoubleLoadProcessor
instanceKlass dev/xdark/ssvm/execution/asm/FloatLoadProcessor
instanceKlass dev/xdark/ssvm/execution/asm/IntLoadProcessor
instanceKlass dev/xdark/ssvm/execution/asm/LongLoadProcessor
instanceKlass dev/xdark/ssvm/execution/asm/LdcProcessor
instanceKlass dev/xdark/ssvm/execution/asm/ShortPushProcessor
instanceKlass dev/xdark/ssvm/execution/asm/BytePushProcessor
instanceKlass dev/xdark/ssvm/execution/asm/ConstantDoubleProcessor
instanceKlass dev/xdark/ssvm/execution/asm/ConstantFloatProcessor
instanceKlass dev/xdark/ssvm/execution/asm/ConstantLongProcessor
instanceKlass dev/xdark/ssvm/execution/asm/ConstantIntProcessor
instanceKlass dev/xdark/ssvm/execution/asm/ConstantReferenceProcessor
instanceKlass dev/xdark/ssvm/execution/asm/NopProcessor
instanceKlass dev/xdark/ssvm/mirror/type/SimplePrimitiveClass
instanceKlass dev/xdark/ssvm/InitializedPrimitives
instanceKlass dev/xdark/ssvm/InitializedSymbols
instanceKlass dev/xdark/ssvm/value/SimpleObjectValue
instanceKlass  @bci software/coley/cafedude/io/ClassFileReader <init> ()V 25 <appendix> argL0 ; # software/coley/cafedude/io/ClassFileReader$$Lambda+0x0000022aba20a2b0
instanceKlass software/coley/cafedude/io/FallbackInstructionReader
instanceKlass ch/qos/logback/classic/util/LoggerNameUtil
instanceKlass ch/qos/logback/classic/selector/DefaultContextSelector
instanceKlass ch/qos/logback/core/util/StatusPrinter
instanceKlass ch/qos/logback/core/status/StatusUtil
instanceKlass ch/qos/logback/core/spi/AppenderAttachableImpl
instanceKlass ch/qos/logback/core/util/EnvUtil
instanceKlass ch/qos/logback/core/pattern/Converter
instanceKlass ch/qos/logback/core/util/CachingDateFormatter
instanceKlass ch/qos/logback/core/util/COWArrayList
instanceKlass ch/qos/logback/core/spi/FilterAttachableImpl
instanceKlass ch/qos/logback/core/Appender
instanceKlass ch/qos/logback/core/spi/FilterAttachable
instanceKlass ch/qos/logback/core/encoder/Encoder
instanceKlass ch/qos/logback/core/Layout
instanceKlass ch/qos/logback/core/spi/ContextAwareBase
instanceKlass ch/qos/logback/classic/util/EnvUtil
instanceKlass ch/qos/logback/classic/spi/Configurator
instanceKlass ch/qos/logback/core/spi/ContextAware
instanceKlass ch/qos/logback/core/status/StatusBase
instanceKlass java/security/PermissionsEnumerator
instanceKlass  @bci java/io/FilePermissionCollection add (Ljava/security/Permission;)V 68 <appendix> argL0 ; # java/io/FilePermissionCollection$$Lambda+0x0000022aba1f4c18
instanceKlass  @bci java/util/PropertyPermissionCollection add (Ljava/security/Permission;)V 71 <appendix> member <vmtarget> ; # java/util/PropertyPermissionCollection$$Lambda+0x0000022aba1f47a0
instanceKlass  @bci java/net/SocketPermissionCollection add (Ljava/security/Permission;)V 69 <appendix> member <vmtarget> ; # java/net/SocketPermissionCollection$$Lambda+0x0000022aba1f4328
instanceKlass sun/security/provider/PolicyFile$8
instanceKlass sun/security/provider/PolicyFile$6
instanceKlass sun/security/util/PolicyUtil
instanceKlass sun/security/provider/PolicyFile$4
instanceKlass java/net/HostPortrange
instanceKlass java/net/URLPermission$Authority
# instanceKlass java/lang/invoke/LambdaForm$MH+0x0000022aba204000
instanceKlass java/lang/invoke/LambdaFormEditor$1
instanceKlass sun/security/provider/PolicyFile$PolicyEntry
instanceKlass sun/security/util/PropertyExpander
instanceKlass sun/security/provider/PolicyParser$PermissionEntry
instanceKlass sun/security/provider/PolicyParser$GrantEntry
instanceKlass sun/security/provider/PolicyParser
instanceKlass sun/security/provider/PolicyFile$2
instanceKlass java/security/ProtectionDomain$JavaSecurityAccessImpl$1
instanceKlass jdk/internal/access/JavaSecurityAccess$ProtectionDomainCache
instanceKlass sun/security/provider/PolicyFile$PolicyInfo
instanceKlass sun/security/provider/PolicyFile$1
instanceKlass java/security/Policy$1
instanceKlass java/security/Policy$PolicyInfo
instanceKlass java/security/Policy
instanceKlass ch/qos/logback/core/util/Loader$1
instanceKlass ch/qos/logback/core/util/Loader
instanceKlass ch/qos/logback/core/util/OptionHelper
instanceKlass ch/qos/logback/core/status/StatusListener
instanceKlass ch/qos/logback/core/util/StatusListenerConfigHelper
instanceKlass ch/qos/logback/classic/util/ContextInitializer
instanceKlass ch/qos/logback/classic/selector/ContextSelector
instanceKlass ch/qos/logback/classic/util/ContextSelectorStaticBinder
instanceKlass ch/qos/logback/classic/Level
instanceKlass ch/qos/logback/classic/spi/ILoggingEvent
instanceKlass ch/qos/logback/core/spi/DeferredProcessingAware
instanceKlass ch/qos/logback/classic/Logger
instanceKlass ch/qos/logback/core/spi/AppenderAttachable
instanceKlass org/slf4j/spi/LocationAwareLogger
instanceKlass ch/qos/logback/classic/spi/LoggerContextVO
instanceKlass ch/qos/logback/core/spi/LogbackLock
instanceKlass ch/qos/logback/core/helpers/CyclicBuffer
instanceKlass ch/qos/logback/core/BasicStatusManager
instanceKlass ch/qos/logback/core/status/Status
instanceKlass ch/qos/logback/core/status/StatusManager
instanceKlass ch/qos/logback/core/ContextBase
instanceKlass ch/qos/logback/core/spi/LifeCycle
instanceKlass ch/qos/logback/core/Context
instanceKlass ch/qos/logback/core/spi/PropertyContainer
instanceKlass org/slf4j/impl/StaticLoggerBinder
instanceKlass org/slf4j/spi/LoggerFactoryBinder
instanceKlass org/slf4j/helpers/Util
instanceKlass org/slf4j/helpers/NOPLoggerFactory
instanceKlass org/slf4j/Logger
instanceKlass org/slf4j/helpers/SubstituteLoggerFactory
instanceKlass org/slf4j/ILoggerFactory
instanceKlass org/slf4j/event/LoggingEvent
instanceKlass org/slf4j/LoggerFactory
instanceKlass software/coley/cafedude/classfile/constant/CpEntry
instanceKlass software/coley/cafedude/classfile/ConstantPoolConstants
instanceKlass software/coley/cafedude/io/ClassFileReader
instanceKlass dev/xdark/ssvm/io/Handle
instanceKlass  @bci dev/xdark/ssvm/threadlocal/ThreadLocalStorage <clinit> ()V 0 <appendix> argL0 ; # dev/xdark/ssvm/threadlocal/ThreadLocalStorage$$Lambda+0x0000022aba1e8848
instanceKlass dev/xdark/ssvm/threadlocal/ThreadLocalStorage
instanceKlass  @bci dev/xdark/ssvm/operation/DefaultClassOperations link (Ldev/xdark/ssvm/mirror/type/InstanceClass;)V 633 <appendix> argL0 ; # dev/xdark/ssvm/operation/DefaultClassOperations$$Lambda+0x0000022aba1e8220
instanceKlass  @bci dev/xdark/ssvm/operation/DefaultClassOperations link (Ldev/xdark/ssvm/mirror/type/InstanceClass;)V 620 <appendix> argL0 ; # dev/xdark/ssvm/operation/DefaultClassOperations$$Lambda+0x0000022aba1e8000
instanceKlass  @bci dev/xdark/ssvm/LanguageSpecification <clinit> ()V 57 <appendix> argL0 ; # dev/xdark/ssvm/LanguageSpecification$$Lambda+0x0000022aba1e5bc8
instanceKlass dev/xdark/ssvm/LanguageSpecification
instanceKlass dev/xdark/ssvm/mirror/member/SimpleJavaField$1
instanceKlass dev/xdark/ssvm/mirror/member/SimpleJavaField
instanceKlass  @bci java/util/function/BinaryOperator maxBy (Ljava/util/Comparator;)Ljava/util/function/BinaryOperator; 6 <appendix> member <vmtarget> ; # java/util/function/BinaryOperator$$Lambda+0x0000022aba1f02a0
instanceKlass  @bci java/util/Comparator comparingLong (Ljava/util/function/ToLongFunction;)Ljava/util/Comparator; 6 <appendix> member <vmtarget> ; # java/util/Comparator$$Lambda+0x0000022aba1f0000
instanceKlass  @bci dev/xdark/ssvm/operation/DefaultClassOperations link (Ldev/xdark/ssvm/mirror/type/InstanceClass;)V 266 <appendix> argL0 ; # dev/xdark/ssvm/operation/DefaultClassOperations$$Lambda+0x0000022aba1e5250
instanceKlass  @cpi dev/xdark/ssvm/operation/DefaultClassOperations 519 form vmentry <vmtarget> ; # java/lang/invoke/LambdaForm$DMH+0x0000022aba1e4c00
instanceKlass java/util/function/ToLongFunction
instanceKlass  @bci dev/xdark/ssvm/operation/DefaultClassOperations link (Ldev/xdark/ssvm/mirror/type/InstanceClass;)V 256 <appendix> argL0 ; # dev/xdark/ssvm/operation/DefaultClassOperations$$Lambda+0x0000022aba1e5000
instanceKlass dev/xdark/ssvm/mirror/member/area/EmptyClassArea
instanceKlass dev/xdark/ssvm/mirror/member/SimpleMemberIdentifier
instanceKlass  @bci java/util/stream/Collectors uniqKeysMapMerger ()Ljava/util/function/BinaryOperator; 0 <appendix> argL0 ; # java/util/stream/Collectors$$Lambda+0x0000022aba17fcf8
instanceKlass  @bci java/util/stream/Collectors uniqKeysMapAccumulator (Ljava/util/function/Function;Ljava/util/function/Function;)Ljava/util/function/BiConsumer; 2 <appendix> member <vmtarget> ; # java/util/stream/Collectors$$Lambda+0x0000022aba17fac0
instanceKlass  @bci java/util/stream/Collectors toMap (Ljava/util/function/Function;Ljava/util/function/Function;)Ljava/util/stream/Collector; 4 <appendix> argL0 ; # java/util/stream/Collectors$$Lambda+0x0000022aba17f8a0
instanceKlass  @bci java/util/function/Function identity ()Ljava/util/function/Function; 0 <appendix> argL0 ; # java/util/function/Function$$Lambda+0x0000022aba17f660
instanceKlass  @bci dev/xdark/ssvm/mirror/member/area/SimpleClassArea <init> (Ljava/util/List;I)V 36 <appendix> argL0 ; # dev/xdark/ssvm/mirror/member/area/SimpleClassArea$$Lambda+0x0000022aba1e78c0
instanceKlass dev/xdark/ssvm/mirror/member/area/SimpleClassArea
instanceKlass  @bci dev/xdark/ssvm/util/TypeSafeMap <init> (Ljava/util/function/Supplier;)V 17 <appendix> member <vmtarget> ; # dev/xdark/ssvm/util/TypeSafeMap$$Lambda+0x0000022aba1e7038
instanceKlass  @bci dev/xdark/ssvm/util/TypeSafeMap <init> ()V 1 <appendix> argL0 ; # dev/xdark/ssvm/util/TypeSafeMap$$Lambda+0x0000022aba1e6e18
instanceKlass dev/xdark/ssvm/util/TypeSafeMap
instanceKlass dev/xdark/ssvm/mirror/member/MemberIdentifier
instanceKlass dev/xdark/jlinker/MemberInfo
instanceKlass dev/xdark/ssvm/mirror/member/SimpleJavaMethod
instanceKlass dev/xdark/ssvm/mirror/type/SimpleInstanceClass$1
instanceKlass dev/xdark/ssvm/util/Assertions
instanceKlass dev/xdark/ssvm/inject/InjectedField
instanceKlass dev/xdark/ssvm/inject/InjectedClassLayout
instanceKlass dev/xdark/ssvm/mirror/type/InitializationState
instanceKlass  @bci dev/xdark/ssvm/mirror/type/SimpleInstanceClass <clinit> ()V 11 <appendix> argL0 ; # dev/xdark/ssvm/mirror/type/SimpleInstanceClass$$Lambda+0x0000022aba1e3388
instanceKlass  @bci dev/xdark/ssvm/mirror/type/SimpleInstanceClass nonHidden (Ljava/util/function/ToIntFunction;)Ljava/util/function/Predicate; 1 <appendix> member <vmtarget> ; # dev/xdark/ssvm/mirror/type/SimpleInstanceClass$$Lambda+0x0000022aba1e3130
instanceKlass  @cpi dev/xdark/ssvm/mirror/type/SimpleInstanceClass 565 form vmentry <vmtarget> ; # java/lang/invoke/LambdaForm$DMH+0x0000022aba1e4800
instanceKlass  @bci dev/xdark/ssvm/mirror/type/SimpleInstanceClass <clinit> ()V 0 <appendix> argL0 ; # dev/xdark/ssvm/mirror/type/SimpleInstanceClass$$Lambda+0x0000022aba1e2f10
instanceKlass  @cpi dev/xdark/ssvm/mirror/type/SimpleInstanceClass 588 form vmentry <vmtarget> ; # java/lang/invoke/LambdaForm$DMH+0x0000022aba1e4400
instanceKlass dev/xdark/ssvm/mirror/type/ClassLinkage
instanceKlass dev/xdark/jlinker/ClassInfo
instanceKlass dev/xdark/ssvm/mirror/type/SimpleInstanceClass
instanceKlass dev/xdark/ssvm/classloading/ParsedClassData
instanceKlass dev/xdark/ssvm/util/ClassUtil
instanceKlass java/util/AbstractMap$SimpleEntry
instanceKlass jdk/internal/jimage/ImageBufferCache$2
instanceKlass jdk/internal/jimage/ImageBufferCache
instanceKlass  @bci sun/net/www/protocol/jrt/JavaRuntimeURLConnection <clinit> ()V 0 <appendix> argL0 ; # sun/net/www/protocol/jrt/JavaRuntimeURLConnection$$Lambda+0x0000022aba17e860
instanceKlass  @bci dev/xdark/ssvm/classloading/SimpleClassLoaderData <init> ()V 59 <appendix> member <vmtarget> ; # dev/xdark/ssvm/classloading/SimpleClassLoaderData$$Lambda+0x0000022aba1e1d60
instanceKlass dev/xdark/ssvm/classloading/SimpleClassLoaderData
instanceKlass  @bci dev/xdark/ssvm/NativeJava jvmtiPrepare (Ldev/xdark/ssvm/VirtualMachine;)V 89 <appendix> member <vmtarget> ; # dev/xdark/ssvm/NativeJava$$Lambda+0x0000022aba1e18f8
instanceKlass  @cpi dev/xdark/ssvm/NativeJava 744 form vmentry <vmtarget> ; # java/lang/invoke/LambdaForm$DMH+0x0000022aba1e4000
instanceKlass  @bci dev/xdark/ssvm/NativeJava jvmtiPrepare (Ldev/xdark/ssvm/VirtualMachine;)V 75 <appendix> argL0 ; # dev/xdark/ssvm/NativeJava$$Lambda+0x0000022aba1e16c8
instanceKlass  @bci dev/xdark/ssvm/NativeJava jvmtiPrepare (Ldev/xdark/ssvm/VirtualMachine;)V 61 <appendix> argL0 ; # dev/xdark/ssvm/NativeJava$$Lambda+0x0000022aba1e1498
instanceKlass  @bci dev/xdark/ssvm/NativeJava jvmtiPrepare (Ldev/xdark/ssvm/VirtualMachine;)V 47 <appendix> argL0 ; # dev/xdark/ssvm/NativeJava$$Lambda+0x0000022aba1e1268
instanceKlass  @bci dev/xdark/ssvm/NativeJava jvmtiPrepare (Ldev/xdark/ssvm/VirtualMachine;)V 33 <appendix> argL0 ; # dev/xdark/ssvm/NativeJava$$Lambda+0x0000022aba1e1038
instanceKlass  @bci dev/xdark/ssvm/NativeJava jvmtiPrepare (Ldev/xdark/ssvm/VirtualMachine;)V 19 <appendix> argL0 ; # dev/xdark/ssvm/NativeJava$$Lambda+0x0000022aba1e0e08
instanceKlass dev/xdark/ssvm/JVMTI$JVMTIEnvImpl
instanceKlass dev/xdark/ssvm/NativeJava
instanceKlass dev/xdark/ssvm/operation/DefaultObjectOperations
instanceKlass dev/xdark/ssvm/operation/DefaultConstantOperations
instanceKlass dev/xdark/ssvm/operation/DefaultInvokeDynamicOperations
instanceKlass dev/xdark/ssvm/operation/DefaultMethodHandleOperations
instanceKlass dev/xdark/ssvm/mirror/member/area/ClassArea
instanceKlass dev/xdark/ssvm/operation/DefaultClassOperations
instanceKlass dev/xdark/ssvm/operation/DefaultVerificationOperations
instanceKlass dev/xdark/ssvm/operation/DefaultSynchronizationOperations
instanceKlass dev/xdark/ssvm/operation/DefaultStringOperations
instanceKlass dev/xdark/ssvm/operation/DefaultPrimitiveOperations
instanceKlass dev/xdark/ssvm/execution/ExecutionRequest
instanceKlass dev/xdark/ssvm/value/sink/ValueSink
instanceKlass dev/xdark/ssvm/operation/DefaultInvocationOperations
instanceKlass dev/xdark/ssvm/operation/DefaultFieldOperations
instanceKlass dev/xdark/ssvm/operation/DefaultExceptionOperations
instanceKlass dev/xdark/ssvm/operation/DefaultArrayOperations
instanceKlass dev/xdark/ssvm/operation/DefaultConversionOperations
instanceKlass dev/xdark/ssvm/operation/DefaultAllocationOperations
instanceKlass dev/xdark/ssvm/operation/VMOperations
instanceKlass dev/xdark/ssvm/operation/ObjectOperations
instanceKlass dev/xdark/ssvm/operation/ConstantOperations
instanceKlass dev/xdark/ssvm/operation/InvokeDynamicOperations
instanceKlass dev/xdark/ssvm/operation/MethodHandleOperations
instanceKlass dev/xdark/ssvm/operation/ClassOperations
instanceKlass dev/xdark/ssvm/operation/VerificationOperations
instanceKlass dev/xdark/ssvm/operation/SynchronizationOperations
instanceKlass dev/xdark/ssvm/operation/StringOperations
instanceKlass dev/xdark/ssvm/operation/PrimitiveOperations
instanceKlass dev/xdark/ssvm/operation/InvocationOperations
instanceKlass dev/xdark/ssvm/operation/FieldOperations
instanceKlass dev/xdark/ssvm/operation/ExceptionOperations
instanceKlass dev/xdark/ssvm/operation/ArrayOperations
instanceKlass dev/xdark/ssvm/operation/ConversionOperations
instanceKlass dev/xdark/ssvm/operation/AllocationOperations
instanceKlass  @bci dev/xdark/ssvm/JVMTI <init> (Ldev/xdark/ssvm/VirtualMachine;)V 54 <appendix> member <vmtarget> ; # dev/xdark/ssvm/JVMTI$$Lambda+0x0000022aba1db078
instanceKlass dev/xdark/ssvm/jvmti/event/MethodExit
instanceKlass  @bci dev/xdark/ssvm/JVMTI <init> (Ldev/xdark/ssvm/VirtualMachine;)V 44 <appendix> member <vmtarget> ; # dev/xdark/ssvm/JVMTI$$Lambda+0x0000022aba1dac50
instanceKlass dev/xdark/ssvm/jvmti/event/MethodEnter
instanceKlass  @bci dev/xdark/ssvm/JVMTI <init> (Ldev/xdark/ssvm/VirtualMachine;)V 34 <appendix> member <vmtarget> ; # dev/xdark/ssvm/JVMTI$$Lambda+0x0000022aba1da828
instanceKlass dev/xdark/ssvm/jvmti/event/ClassLink
instanceKlass  @bci dev/xdark/ssvm/JVMTI <init> (Ldev/xdark/ssvm/VirtualMachine;)V 24 <appendix> member <vmtarget> ; # dev/xdark/ssvm/JVMTI$$Lambda+0x0000022aba1da400
instanceKlass dev/xdark/ssvm/jvmti/event/ClassPrepare
instanceKlass dev/xdark/ssvm/jvmti/JVMTIEnv
instanceKlass dev/xdark/ssvm/JVMTI
instanceKlass dev/xdark/ssvm/util/Reflection
instanceKlass dev/xdark/jlinker/JVMRuntimeResolver
instanceKlass dev/xdark/jlinker/RuntimeResolver
instanceKlass dev/xdark/ssvm/RuntimeResolver
instanceKlass dev/xdark/jlinker/JVMLinkResolver
instanceKlass dev/xdark/jlinker/LinkResolver
instanceKlass dev/xdark/jlinker/Arena
instanceKlass dev/xdark/ssvm/ImmediateArenaAllocator
instanceKlass dev/xdark/ssvm/LinkHelper
instanceKlass dev/xdark/jlinker/ArenaAllocator
instanceKlass dev/xdark/ssvm/LinkResolver
instanceKlass dev/xdark/ssvm/classloading/DelegatingBootClassFinder
instanceKlass dev/xdark/ssvm/classloading/BootClassFinder
instanceKlass dev/xdark/ssvm/classloading/RuntimeBootClassFinder
instanceKlass dev/xdark/ssvm/mirror/type/InstanceClass
instanceKlass dev/xdark/ssvm/mirror/type/ArrayClass
instanceKlass dev/xdark/ssvm/mirror/type/PrimitiveClass
instanceKlass dev/xdark/ssvm/mirror/member/JavaMethod
instanceKlass dev/xdark/ssvm/mirror/member/JavaField
instanceKlass dev/xdark/ssvm/mirror/member/JavaMember
instanceKlass dev/xdark/ssvm/util/MetadataHolder
instanceKlass dev/xdark/ssvm/mirror/SimpleMirrorFactory
instanceKlass dev/xdark/ssvm/execution/InterpretedInvoker
instanceKlass dev/xdark/ssvm/api/MethodInvoker
instanceKlass dev/xdark/ssvm/execution/SimpleExecutionEngine
instanceKlass dev/xdark/ssvm/classloading/ClassLoaderData
instanceKlass dev/xdark/ssvm/classloading/SimpleClassLoaders
instanceKlass  @bci dev/xdark/ssvm/memory/management/SimpleStringPool <init> (Ldev/xdark/ssvm/VirtualMachine;)V 33 <appendix> member <vmtarget> ; # dev/xdark/ssvm/memory/management/SimpleStringPool$$Lambda+0x0000022aba1d7370
instanceKlass dev/xdark/ssvm/memory/management/SimpleStringPool
instanceKlass  @bci sun/management/spi/PlatformMBeanProvider$PlatformComponent getMBeans (Ljava/lang/Class;)Ljava/util/List; 63 <appendix> member <vmtarget> ; # sun/management/spi/PlatformMBeanProvider$PlatformComponent$$Lambda+0x0000022aba17e288
instanceKlass  @bci sun/management/spi/PlatformMBeanProvider$PlatformComponent getMBeans (Ljava/lang/Class;)Ljava/util/List; 47 <appendix> member <vmtarget> ; # sun/management/spi/PlatformMBeanProvider$PlatformComponent$$Lambda+0x0000022aba17e030
instanceKlass java/util/Collections$2
instanceKlass sun/management/RuntimeImpl
instanceKlass java/util/stream/ReduceOps$2ReducingSink
instanceKlass  @bci java/lang/management/ManagementFactory$PlatformMBeanFinder findSingleton (Ljava/lang/Class;)Lsun/management/spi/PlatformMBeanProvider$PlatformComponent; 30 <appendix> member <vmtarget> ; # java/lang/management/ManagementFactory$PlatformMBeanFinder$$Lambda+0x0000022aba17d240
instanceKlass  @bci java/lang/management/ManagementFactory$PlatformMBeanFinder findSingleton (Ljava/lang/Class;)Lsun/management/spi/PlatformMBeanProvider$PlatformComponent; 19 <appendix> member <vmtarget> ; # java/lang/management/ManagementFactory$PlatformMBeanFinder$$Lambda+0x0000022aba17cfe8
instanceKlass jdk/management/jfr/internal/FlightRecorderMXBeanProvider$SingleMBeanComponent
instanceKlass jdk/management/jfr/FlightRecorderMXBean
instanceKlass java/lang/management/DefaultPlatformMBeanProvider$11
instanceKlass java/lang/management/DefaultPlatformMBeanProvider$10
instanceKlass java/lang/management/DefaultPlatformMBeanProvider$9
instanceKlass java/util/logging/LogManager
instanceKlass sun/management/ManagementFactoryHelper$LoggingMXBeanAccess$1
instanceKlass sun/management/ManagementFactoryHelper$LoggingMXBeanAccess
instanceKlass java/lang/management/DefaultPlatformMBeanProvider$8
instanceKlass java/lang/management/DefaultPlatformMBeanProvider$7
instanceKlass java/lang/management/DefaultPlatformMBeanProvider$6
instanceKlass java/lang/management/DefaultPlatformMBeanProvider$5
instanceKlass java/lang/management/DefaultPlatformMBeanProvider$4
instanceKlass java/lang/management/DefaultPlatformMBeanProvider$3
instanceKlass java/lang/management/DefaultPlatformMBeanProvider$2
instanceKlass java/lang/management/DefaultPlatformMBeanProvider$1
instanceKlass com/sun/management/internal/PlatformMBeanProviderImpl$5
instanceKlass sun/management/VMManagementImpl
instanceKlass sun/management/VMManagement
instanceKlass sun/management/ManagementFactoryHelper
instanceKlass sun/management/NotificationEmitterSupport
instanceKlass javax/management/NotificationEmitter
instanceKlass javax/management/NotificationBroadcaster
instanceKlass com/sun/management/DiagnosticCommandMBean
instanceKlass javax/management/DynamicMBean
instanceKlass com/sun/management/internal/PlatformMBeanProviderImpl$4
instanceKlass com/sun/management/internal/PlatformMBeanProviderImpl$3
instanceKlass com/sun/management/internal/PlatformMBeanProviderImpl$2
instanceKlass com/sun/management/internal/PlatformMBeanProviderImpl$1
instanceKlass sun/management/spi/PlatformMBeanProvider$PlatformComponent
instanceKlass  @bci com/sun/management/internal/PlatformMBeanProviderImpl <clinit> ()V 8 <appendix> argL0 ; # com/sun/management/internal/PlatformMBeanProviderImpl$$Lambda+0x0000022aba1780e0
instanceKlass sun/management/spi/PlatformMBeanProvider
instanceKlass sun/security/util/SecurityProperties
instanceKlass sun/security/util/FilePermCompat
instanceKlass java/io/FilePermission$1
instanceKlass jdk/internal/access/JavaIOFilePermissionAccess
instanceKlass java/lang/management/ManagementFactory$PlatformMBeanFinder$1
instanceKlass java/lang/management/ManagementFactory$PlatformMBeanFinder
instanceKlass java/lang/management/RuntimeMXBean
instanceKlass java/lang/management/PlatformManagedObject
instanceKlass  @bci java/lang/management/ManagementFactory loadNativeLib ()V 0 <appendix> argL0 ; # java/lang/management/ManagementFactory$$Lambda+0x0000022aba176c18
instanceKlass java/lang/management/ManagementFactory
instanceKlass dev/xdark/ssvm/jvm/SimpleManagementInterface
instanceKlass dev/xdark/ssvm/timezone/SimpleTimeManager
instanceKlass dev/xdark/ssvm/jni/SimpleNativeLibraryManager
instanceKlass dev/xdark/ssvm/filesystem/HostFileManager
instanceKlass  @bci dev/xdark/ssvm/thread/virtual/VirtualThreadManager <init> (Ldev/xdark/ssvm/VirtualMachine;)V 42 <appendix> argL0 ; # dev/xdark/ssvm/thread/virtual/VirtualThreadManager$$Lambda+0x0000022aba1d6430
instanceKlass dev/xdark/ssvm/thread/virtual/VirtualJavaThread
instanceKlass dev/xdark/ssvm/thread/JavaThread
instanceKlass dev/xdark/ssvm/thread/OSThread
instanceKlass dev/xdark/ssvm/thread/backtrace/Backtrace
instanceKlass dev/xdark/ssvm/thread/ThreadStorage
instanceKlass dev/xdark/ssvm/thread/virtual/VirtualThreadManager
instanceKlass dev/xdark/ssvm/classloading/SimpleClassDefiner
instanceKlass dev/xdark/ssvm/memory/allocation/MemoryAddress
instanceKlass dev/xdark/ssvm/value/NullValue
instanceKlass dev/xdark/ssvm/value/ArrayValue
instanceKlass dev/xdark/ssvm/value/JavaValue
instanceKlass dev/xdark/ssvm/value/InstanceValue
instanceKlass dev/xdark/ssvm/memory/management/SimpleMemoryManager
instanceKlass  @bci dev/xdark/ssvm/metadata/SimpleMetadataStorage <init> ()V 54 <appendix> member <vmtarget> ; # dev/xdark/ssvm/metadata/SimpleMetadataStorage$$Lambda+0x0000022aba1d2388
instanceKlass  @cpi dev/xdark/ssvm/classloading/SimpleClassLoaderData 81 form vmentry <vmtarget> ; # java/lang/invoke/LambdaForm$DMH+0x0000022aba1d4000
instanceKlass dev/xdark/ssvm/util/CloseableLock
instanceKlass dev/xdark/ssvm/util/SafeCloseable
instanceKlass dev/xdark/ssvm/metadata/SimpleMetadataStorage
instanceKlass dev/xdark/ssvm/synchronizer/Mutex
instanceKlass dev/xdark/ssvm/synchronizer/java/LockObjectSynchronizer
instanceKlass dev/xdark/ssvm/memory/allocation/BufferMemoryData
instanceKlass dev/xdark/ssvm/memory/allocation/MemoryData
instanceKlass dev/xdark/ssvm/memory/allocation/SimpleMemoryBlock
instanceKlass dev/xdark/ssvm/util/UnsafeUtil
instanceKlass dev/xdark/ssvm/memory/allocation/MemoryBlock
instanceKlass dev/xdark/ssvm/memory/allocation/AbstractMemoryAllocator
instanceKlass dev/xdark/ssvm/UninitializedPrimitives
instanceKlass dev/xdark/ssvm/DelegatingPrimitives
instanceKlass dev/xdark/ssvm/UninitializedSymbols
instanceKlass dev/xdark/ssvm/DelegatingSymbols
instanceKlass dev/xdark/ssvm/api/UnknownInstructionProcessor
instanceKlass  @bci dev/xdark/ssvm/api/SimpleVMInterface <init> ()V 110 <appendix> argL0 ; # dev/xdark/ssvm/api/SimpleVMInterface$$Lambda+0x0000022aba1cda58
instanceKlass  @bci dev/xdark/ssvm/api/SimpleVMInterface <init> ()V 101 <appendix> argL0 ; # dev/xdark/ssvm/api/SimpleVMInterface$$Lambda+0x0000022aba1cd828
instanceKlass  @bci dev/xdark/ssvm/api/SimpleVMInterface <init> ()V 92 <appendix> argL0 ; # dev/xdark/ssvm/api/SimpleVMInterface$$Lambda+0x0000022aba1cd5f8
instanceKlass dev/xdark/ssvm/execution/ExecutionContext
instanceKlass dev/xdark/ssvm/util/VMFunctions
instanceKlass dev/xdark/ssvm/execution/InstructionProcessor
instanceKlass dev/xdark/ssvm/api/SimpleVMInterface
instanceKlass dev/xdark/ssvm/value/ObjectValue
instanceKlass dev/xdark/ssvm/value/Value
instanceKlass dev/xdark/ssvm/mirror/type/JavaClass
instanceKlass dev/xdark/ssvm/memory/management/MemoryManager
instanceKlass dev/xdark/ssvm/memory/management/ReferenceMap
instanceKlass dev/xdark/ssvm/symbol/Primitives
instanceKlass dev/xdark/ssvm/symbol/Symbols
instanceKlass dev/xdark/ssvm/memory/management/StringPool
instanceKlass dev/xdark/ssvm/classloading/ClassDefiner
instanceKlass dev/xdark/ssvm/classloading/ClassStorage
instanceKlass dev/xdark/ssvm/metadata/MetadataStorage
instanceKlass dev/xdark/ssvm/api/VMInterface
instanceKlass dev/xdark/ssvm/timezone/TimeManager
instanceKlass dev/xdark/ssvm/classloading/ClassLoaders
instanceKlass dev/xdark/ssvm/filesystem/FileManager
instanceKlass dev/xdark/ssvm/mirror/MirrorFactory
instanceKlass dev/xdark/ssvm/execution/ExecutionEngine
instanceKlass dev/xdark/ssvm/synchronizer/ObjectSynchronizer
instanceKlass dev/xdark/ssvm/jvm/ManagementInterface
instanceKlass dev/xdark/ssvm/thread/ThreadManager
instanceKlass dev/xdark/ssvm/jni/NativeLibraryManager
instanceKlass dev/xdark/ssvm/memory/allocation/MemoryAllocator
instanceKlass  @bci dev/skidfuscator/obfuscator/number/pure/ImagineBreaker openModuleLayer (Ljava/lang/ModuleLayer;)V 4 <appendix> argL0 ; # dev/skidfuscator/obfuscator/number/pure/ImagineBreaker$$Lambda+0x0000022aba1ca6a0
# instanceKlass java/lang/invoke/LambdaForm$DMH+0x0000022aba1cc400
instanceKlass  @cpi dev/xdark/ssvm/JVMTI 98 form vmentry <vmtarget> ; # java/lang/invoke/LambdaForm$DMH+0x0000022aba1cc000
instanceKlass sun/misc/Unsafe
instanceKlass dev/skidfuscator/obfuscator/number/pure/ImagineBreaker
instanceKlass dev/xdark/ssvm/classloading/SupplyingClassLoaderInstaller$DataSupplier
instanceKlass dev/xdark/ssvm/VirtualMachine
instanceKlass dev/xdark/ssvm/jvmti/VMEventCollection
instanceKlass dev/skidfuscator/obfuscator/number/pure/VmHashTransformer
instanceKlass java/util/PriorityQueue$Itr
instanceKlass  @bci dev/skidfuscator/obfuscator/event/EventBus call (Ldev/skidfuscator/obfuscator/event/impl/Event;[Ljava/util/function/Predicate;)Ldev/skidfuscator/obfuscator/event/impl/Event; 4 <appendix> argL0 ; # dev/skidfuscator/obfuscator/event/EventBus$$Lambda+0x0000022aba1c8b78
instanceKlass dev/skidfuscator/obfuscator/Skidfuscator$1
instanceKlass  @bci dev/skidfuscator/obfuscator/exempt/ExemptManager add (Ljava/lang/Class;Ljava/lang/String;)V 6 <appendix> member <vmtarget> ; # dev/skidfuscator/obfuscator/exempt/ExemptManager$$Lambda+0x0000022aba1c7db0
instanceKlass  @bci dev/skidfuscator/config/DefaultConfig getBoolean (Ljava/lang/String;Z)Z 15 <appendix> member <vmtarget> ; # dev/skidfuscator/config/DefaultConfig$$Lambda+0x0000022aba1c7b68
instanceKlass dev/skidfuscator/obfuscator/transform/strategy/StrengthStrategy
instanceKlass dev/skidfuscator/obfuscator/transform/impl/string/generator/EncryptionGeneratorV3
instanceKlass dev/skidfuscator/obfuscator/Skidfuscator$6
instanceKlass dev/skidfuscator/obfuscator/predicate/factory/PredicateFlowSetter
instanceKlass dev/skidfuscator/obfuscator/predicate/factory/PredicateFlowGetter
instanceKlass com/google/common/base/Ascii
instanceKlass com/google/common/base/CharMatcher
instanceKlass com/google/common/base/Predicate
instanceKlass dev/skidfuscator/obfuscator/predicate/renderer/InstructionRenderer
instanceKlass dev/skidfuscator/obfuscator/number/hash/HashTransformer
instanceKlass dev/skidfuscator/obfuscator/transform/AbstractTransformer
instanceKlass dev/skidfuscator/obfuscator/transform/Transformer
instanceKlass  @bci dev/skidfuscator/obfuscator/hierarchy/SkidHierarchy lambda$setupInvoke$10 (Ldev/skidfuscator/obfuscator/util/progress/ProgressWrapper;Lorg/mapleir/asm/ClassNode;)V 593 <appendix> argL0 ; # dev/skidfuscator/obfuscator/hierarchy/SkidHierarchy$$Lambda+0x0000022aba1bdd98
instanceKlass  @bci dev/skidfuscator/obfuscator/hierarchy/SkidHierarchy lambda$setupInvoke$10 (Ldev/skidfuscator/obfuscator/util/progress/ProgressWrapper;Lorg/mapleir/asm/ClassNode;)V 508 <appendix> member <vmtarget> ; # dev/skidfuscator/obfuscator/hierarchy/SkidHierarchy$$Lambda+0x0000022aba1bdb50
instanceKlass org/objectweb/asm/tree/InsnList$InsnListIterator
instanceKlass  @bci dev/skidfuscator/obfuscator/hierarchy/SkidHierarchy lambda$setupInvoke$8 (Lorg/mapleir/asm/MethodNode;Lorg/mapleir/ir/code/expr/invoke/Invocation;)V 439 <appendix> member <vmtarget> ; # dev/skidfuscator/obfuscator/hierarchy/SkidHierarchy$$Lambda+0x0000022aba1bd668
instanceKlass dev/skidfuscator/obfuscator/skidasm/SkidInvocation
instanceKlass  @bci dev/skidfuscator/obfuscator/hierarchy/SkidHierarchy lambda$setupInvoke$10 (Ldev/skidfuscator/obfuscator/util/progress/ProgressWrapper;Lorg/mapleir/asm/ClassNode;)V 556 <appendix> member <vmtarget> ; # dev/skidfuscator/obfuscator/hierarchy/SkidHierarchy$$Lambda+0x0000022aba1bcd58
instanceKlass  @bci dev/skidfuscator/obfuscator/hierarchy/SkidHierarchy lambda$setupInvoke$10 (Ldev/skidfuscator/obfuscator/util/progress/ProgressWrapper;Lorg/mapleir/asm/ClassNode;)V 543 <appendix> argL0 ; # dev/skidfuscator/obfuscator/hierarchy/SkidHierarchy$$Lambda+0x0000022aba1bcb18
instanceKlass  @bci dev/skidfuscator/obfuscator/hierarchy/SkidHierarchy lambda$setupInvoke$10 (Ldev/skidfuscator/obfuscator/util/progress/ProgressWrapper;Lorg/mapleir/asm/ClassNode;)V 533 <appendix> argL0 ; # dev/skidfuscator/obfuscator/hierarchy/SkidHierarchy$$Lambda+0x0000022aba1bc8c8
instanceKlass  @bci dev/skidfuscator/obfuscator/skidasm/cfg/SkidControlFlowGraph allExprStream ()Ljava/util/stream/Stream; 39 <appendix> argL0 ; # dev/skidfuscator/obfuscator/skidasm/cfg/SkidControlFlowGraph$$Lambda+0x0000022aba1bc688
instanceKlass com/google/common/collect/Streams
instanceKlass  @bci dev/skidfuscator/obfuscator/skidasm/cfg/SkidControlFlowGraph allExprStream ()Ljava/util/stream/Stream; 29 <appendix> argL0 ; # dev/skidfuscator/obfuscator/skidasm/cfg/SkidControlFlowGraph$$Lambda+0x0000022aba1bc240
instanceKlass  @bci dev/skidfuscator/obfuscator/skidasm/cfg/SkidControlFlowGraph allExprStream ()Ljava/util/stream/Stream; 19 <appendix> argL0 ; # dev/skidfuscator/obfuscator/skidasm/cfg/SkidControlFlowGraph$$Lambda+0x0000022aba1bc000
instanceKlass  @bci dev/skidfuscator/obfuscator/skidasm/cfg/SkidControlFlowGraph allExprStream ()Ljava/util/stream/Stream; 9 <appendix> argL0 ; # dev/skidfuscator/obfuscator/skidasm/cfg/SkidControlFlowGraph$$Lambda+0x0000022aba1b7c00
instanceKlass  @bci dev/skidfuscator/obfuscator/hierarchy/SkidHierarchy setupInvoke ()V 83 <appendix> member <vmtarget> ; # dev/skidfuscator/obfuscator/hierarchy/SkidHierarchy$$Lambda+0x0000022aba1b79c8
instanceKlass  @bci dev/skidfuscator/obfuscator/hierarchy/SkidHierarchy setupInvoke ()V 19 <appendix> member <vmtarget> ; # dev/skidfuscator/obfuscator/hierarchy/SkidHierarchy$$Lambda+0x0000022aba1b7770
instanceKlass org/mapleir/flowgraph/FlowGraph$1
instanceKlass java/lang/StackTraceElement$HashedModules
instanceKlass org/mapleir/ir/cfg/DefaultBlockFactory$15
instanceKlass  @bci dev/skidfuscator/obfuscator/skidasm/SkidAnnotation parse ()V 204 <adapter> ; # java/lang/invoke/LambdaForm$MH+0x0000022aba1b8800
# instanceKlass java/lang/invoke/LambdaForm$DMH+0x0000022aba1b8400
instanceKlass  @bci dev/skidfuscator/obfuscator/skidasm/SkidAnnotation parse ()V 204 <appendix> form vmentry <vmtarget> ; # java/lang/invoke/LambdaForm$DMH+0x0000022aba1b8000
instanceKlass  @bci dev/skidfuscator/obfuscator/skidasm/SkidAnnotation parse ()V 204 <appendix> member <vmtarget> ; # dev/skidfuscator/obfuscator/skidasm/SkidAnnotation$$Lambda+0x0000022aba1b6d70
instanceKlass  @bci java/util/stream/FindOps$FindSink$OfRef <clinit> ()V 43 <appendix> argL0 ; # java/util/stream/FindOps$FindSink$OfRef$$Lambda+0x800000048
instanceKlass  @bci java/util/stream/FindOps$FindSink$OfRef <clinit> ()V 38 <appendix> argL0 ; # java/util/stream/FindOps$FindSink$OfRef$$Lambda+0x80000004a
instanceKlass  @bci java/util/stream/FindOps$FindSink$OfRef <clinit> ()V 16 <appendix> argL0 ; # java/util/stream/FindOps$FindSink$OfRef$$Lambda+0x800000049
instanceKlass  @bci java/util/stream/FindOps$FindSink$OfRef <clinit> ()V 11 <appendix> argL0 ; # java/util/stream/FindOps$FindSink$OfRef$$Lambda+0x80000004b
instanceKlass java/util/stream/FindOps$FindOp
instanceKlass java/util/stream/FindOps$FindSink
instanceKlass java/util/stream/FindOps
instanceKlass  @bci dev/skidfuscator/obfuscator/skidasm/SkidAnnotation parse ()V 185 <appendix> member <vmtarget> ; # dev/skidfuscator/obfuscator/skidasm/SkidAnnotation$$Lambda+0x0000022aba1b6b18
instanceKlass dev/skidfuscator/obfuscator/skidasm/SkidAnnotation$6
instanceKlass dev/skidfuscator/obfuscator/skidasm/SkidAnnotation$5
instanceKlass dev/skidfuscator/obfuscator/skidasm/SkidAnnotation$AnnotationValue
instanceKlass org/mapleir/ir/cfg/DefaultBlockFactory$9
instanceKlass dev/skidfuscator/obfuscator/skidasm/SkidAnnotation
instanceKlass  @bci dev/skidfuscator/obfuscator/hierarchy/SkidHierarchy getAnnotation (Lorg/objectweb/asm/tree/AnnotationNode;Ldev/skidfuscator/obfuscator/skidasm/SkidAnnotation$AnnotationType;)V 42 <appendix> argL0 ; # dev/skidfuscator/obfuscator/hierarchy/SkidHierarchy$$Lambda+0x0000022aba1b5590
instanceKlass org/mapleir/ir/cfg/builder/ssaopt/ArrayConstraint
instanceKlass org/mapleir/ir/cfg/DefaultBlockFactory$6
instanceKlass org/mapleir/ir/cfg/DefaultBlockFactory$5
instanceKlass org/mapleir/ir/cfg/DefaultBlockFactory$25
instanceKlass org/mapleir/ir/cfg/DefaultBlockFactory$22
instanceKlass org/mapleir/ir/cfg/DefaultBlockFactory$16
instanceKlass  @bci dev/skidfuscator/obfuscator/hierarchy/SkidHierarchy$1 accept (Lorg/mapleir/asm/ClassNode;)V 461 <appendix> member <vmtarget> ; # dev/skidfuscator/obfuscator/hierarchy/SkidHierarchy$1$$Lambda+0x0000022aba1b2a68
instanceKlass java/util/Collections$UnmodifiableList$1
instanceKlass org/mapleir/flowgraph/ExceptionRange
instanceKlass dev/skidfuscator/obfuscator/skidasm/cfg/SkidBlockFactory$2
instanceKlass  @bci org/mapleir/stdlib/collections/graph/FastDirectedGraph getCommonAncestor (Ljava/util/Collection;)Ljava/util/Collection; 524 <appendix> member <vmtarget> ; # org/mapleir/stdlib/collections/graph/FastDirectedGraph$$Lambda+0x0000022aba1b1448
instanceKlass  @bci org/mapleir/stdlib/collections/graph/FastDirectedGraph getCommonAncestor (Ljava/util/Collection;)Ljava/util/Collection; 353 <appendix> argL0 ; # org/mapleir/stdlib/collections/graph/FastDirectedGraph$$Lambda+0x0000022aba1b1208
instanceKlass  @bci org/mapleir/stdlib/collections/graph/FastDirectedGraph getCommonAncestor (Ljava/util/Collection;)Ljava/util/Collection; 327 <appendix> member <vmtarget> ; # org/mapleir/stdlib/collections/graph/FastDirectedGraph$$Lambda+0x0000022aba1b0fd0
instanceKlass  @bci org/mapleir/stdlib/collections/graph/FastDirectedGraph getCommonAncestor (Ljava/util/Collection;)Ljava/util/Collection; 135 <appendix> member <vmtarget> ; # org/mapleir/stdlib/collections/graph/FastDirectedGraph$$Lambda+0x0000022aba1b0d98
instanceKlass  @bci org/mapleir/stdlib/collections/graph/FastDirectedGraph getSuccessors (Lorg/mapleir/stdlib/collections/graph/FastGraphVertex;)Ljava/util/stream/Stream; 10 <appendix> argL0 ; # org/mapleir/stdlib/collections/graph/FastDirectedGraph$$Lambda+0x0000022aba1b0b58
instanceKlass java/util/TreeMap$TreeMapSpliterator
instanceKlass  @bci java/util/stream/Collectors toSet ()Ljava/util/stream/Collector; 14 <appendix> argL0 ; # java/util/stream/Collectors$$Lambda+0x800000040
instanceKlass  @bci java/util/stream/Collectors toSet ()Ljava/util/stream/Collector; 9 <appendix> argL0 ; # java/util/stream/Collectors$$Lambda+0x800000039
instanceKlass  @bci java/util/stream/Collectors toSet ()Ljava/util/stream/Collector; 4 <appendix> argL0 ; # java/util/stream/Collectors$$Lambda+0x800000045
instanceKlass  @bci dev/skidfuscator/obfuscator/creator/SkidGenerationPass init ()V 208 <appendix> member <vmtarget> ; # dev/skidfuscator/obfuscator/creator/SkidGenerationPass$$Lambda+0x0000022aba1b0910
instanceKlass  @bci dev/skidfuscator/obfuscator/creator/SkidGenerationPass init ()V 197 <appendix> member <vmtarget> ; # dev/skidfuscator/obfuscator/creator/SkidGenerationPass$$Lambda+0x0000022aba1b06b8
instanceKlass  @bci dev/skidfuscator/obfuscator/creator/SkidGenerationPass init ()V 78 <appendix> argL0 ; # dev/skidfuscator/obfuscator/creator/SkidGenerationPass$$Lambda+0x0000022aba1b0478
instanceKlass org/mapleir/ir/cfg/DefaultBlockFactory$14
instanceKlass org/mapleir/ir/algorithms/BoissinotDestructor$CopyPair
instanceKlass org/mapleir/ir/algorithms/BoissinotDestructor$PhiRes
instanceKlass org/mapleir/ir/cfg/DefaultBlockFactory$20
instanceKlass org/mapleir/ir/cfg/DefaultBlockFactory$18
instanceKlass org/mapleir/ir/cfg/DefaultBlockFactory$7
instanceKlass org/mapleir/ir/algorithms/BoissinotDestructor$CongruenceClass$1
instanceKlass org/mapleir/ir/cfg/DefaultBlockFactory$3
instanceKlass org/mapleir/ir/cfg/DefaultBlockFactory$30
instanceKlass org/mapleir/ir/cfg/DefaultBlockFactory$4
instanceKlass org/mapleir/ir/cfg/DefaultBlockFactory$31
instanceKlass org/mapleir/ir/cfg/DefaultBlockFactory$23
instanceKlass java/lang/Byte$ByteCache
instanceKlass org/mapleir/ir/cfg/builder/ssaopt/FieldConstraint
instanceKlass org/mapleir/ir/cfg/DefaultBlockFactory$13
instanceKlass org/mapleir/ir/cfg/DefaultBlockFactory$24
instanceKlass org/mapleir/ir/cfg/DefaultBlockFactory$27
instanceKlass  @bci org/mapleir/ir/algorithms/SSABlockLivenessAnalyser compute ()V 453 <appendix> member <vmtarget> ; # org/mapleir/ir/algorithms/SSABlockLivenessAnalyser$$Lambda+0x0000022aba1ae458
instanceKlass  @bci org/mapleir/ir/algorithms/SSABlockLivenessAnalyser compute ()V 442 <appendix> argL0 ; # org/mapleir/ir/algorithms/SSABlockLivenessAnalyser$$Lambda+0x0000022aba1ae218
instanceKlass org/mapleir/ir/cfg/DefaultBlockFactory$11
instanceKlass dev/skidfuscator/obfuscator/skidasm/cfg/SkidBlockFactory$3
instanceKlass org/mapleir/ir/Uninitialized
instanceKlass org/mapleir/ir/Undefined
instanceKlass org/mapleir/ir/Null
instanceKlass org/mapleir/ir/TypeUtils
instanceKlass dev/skidfuscator/obfuscator/hierarchy/matching/MethodHash
instanceKlass  @bci dev/skidfuscator/obfuscator/skidasm/SkidGroup <init> (Ljava/util/List;Ldev/skidfuscator/obfuscator/Skidfuscator;)V 144 <appendix> argL0 ; # dev/skidfuscator/obfuscator/skidasm/SkidGroup$$Lambda+0x0000022aba1ac928
instanceKlass  @bci dev/skidfuscator/obfuscator/skidasm/SkidGroup <init> (Ljava/util/List;Ldev/skidfuscator/obfuscator/Skidfuscator;)V 134 <appendix> member <vmtarget> ; # dev/skidfuscator/obfuscator/skidasm/SkidGroup$$Lambda+0x0000022aba1ac6e0
instanceKlass  @bci dev/skidfuscator/obfuscator/skidasm/SkidGroup <init> (Ljava/util/List;Ldev/skidfuscator/obfuscator/Skidfuscator;)V 117 <appendix> argL0 ; # dev/skidfuscator/obfuscator/skidasm/SkidGroup$$Lambda+0x0000022aba1ac4a0
instanceKlass  @bci dev/skidfuscator/obfuscator/skidasm/SkidGroup <init> (Ljava/util/List;Ldev/skidfuscator/obfuscator/Skidfuscator;)V 107 <appendix> argL0 ; # dev/skidfuscator/obfuscator/skidasm/SkidGroup$$Lambda+0x0000022aba1ac250
instanceKlass  @bci dev/skidfuscator/obfuscator/skidasm/SkidGroup <init> (Ljava/util/List;Ldev/skidfuscator/obfuscator/Skidfuscator;)V 87 <appendix> argL0 ; # dev/skidfuscator/obfuscator/skidasm/SkidGroup$$Lambda+0x0000022aba1ac000
instanceKlass  @bci dev/skidfuscator/obfuscator/skidasm/SkidGroup <init> (Ljava/util/List;Ldev/skidfuscator/obfuscator/Skidfuscator;)V 67 <appendix> argL0 ; # dev/skidfuscator/obfuscator/skidasm/SkidGroup$$Lambda+0x0000022aba1a7c38
instanceKlass  @bci dev/skidfuscator/obfuscator/predicate/renderer/impl/ExceptionRenderer transform (Ldev/skidfuscator/obfuscator/Skidfuscator;Lorg/mapleir/ir/cfg/ControlFlowGraph;Lorg/mapleir/flowgraph/ExceptionRange;)V 399 <bsm> form vmentry <vmtarget> ; # java/lang/invoke/LambdaForm$DMH+0x0000022aba1a8000
instanceKlass  @bci java/util/stream/MatchOps makeRef (Ljava/util/function/Predicate;Ljava/util/stream/MatchOps$MatchKind;)Ljava/util/stream/TerminalOp; 20 <appendix> member <vmtarget> ; # java/util/stream/MatchOps$$Lambda+0x0000022aba1748b8
instanceKlass java/util/stream/MatchOps$BooleanTerminalSink
instanceKlass java/util/stream/MatchOps$MatchOp
instanceKlass java/util/stream/MatchOps
instanceKlass  @bci dev/skidfuscator/obfuscator/skidasm/SkidGroup <init> (Ljava/util/List;Ldev/skidfuscator/obfuscator/Skidfuscator;)V 47 <appendix> member <vmtarget> ; # dev/skidfuscator/obfuscator/skidasm/SkidGroup$$Lambda+0x0000022aba1a79e0
instanceKlass  @bci dev/skidfuscator/obfuscator/predicate/SimplePredicateAnalysis getMethodPredicate (Ldev/skidfuscator/obfuscator/skidasm/SkidGroup;)Ldev/skidfuscator/obfuscator/predicate/opaque/MethodOpaquePredicate; 6 <appendix> member <vmtarget> ; # dev/skidfuscator/obfuscator/predicate/SimplePredicateAnalysis$$Lambda+0x0000022aba1a7798
instanceKlass dev/skidfuscator/obfuscator/creator/pass/SkidLocalsReallocator$1
instanceKlass  @bci dev/skidfuscator/obfuscator/creator/pass/SkidLocalsReallocator realloc (Ldev/skidfuscator/obfuscator/Skidfuscator;Lorg/mapleir/ir/cfg/ControlFlowGraph;)I 9 <appendix> argL0 ; # dev/skidfuscator/obfuscator/creator/pass/SkidLocalsReallocator$$Lambda+0x0000022aba1a72a0
instanceKlass dev/skidfuscator/obfuscator/creator/pass/SkidLocalsReallocator
instanceKlass  @bci org/mapleir/ir/algorithms/SSADefUseMap <init> (Lorg/mapleir/ir/cfg/ControlFlowGraph;)V 63 <appendix> argL0 ; # org/mapleir/ir/algorithms/SSADefUseMap$$Lambda+0x0000022aba1a6e50
instanceKlass org/mapleir/stdlib/collections/map/ListCreator
instanceKlass org/mapleir/ir/algorithms/DominanceLivenessAnalyser
instanceKlass  @bci org/mapleir/ir/algorithms/BoissinotDestructor <init> (Lorg/mapleir/ir/cfg/ControlFlowGraph;)V 22 <appendix> argL0 ; # org/mapleir/ir/algorithms/BoissinotDestructor$$Lambda+0x0000022aba1a67b0
instanceKlass org/mapleir/ir/algorithms/SSADefUseMap
instanceKlass org/mapleir/ir/algorithms/BoissinotDestructor
instanceKlass org/mapleir/ir/cfg/builder/ssaopt/InvokeConstraint
instanceKlass org/mapleir/ir/cfg/builder/ssaopt/Constraint
instanceKlass org/mapleir/ir/cfg/builder/ssaopt/ConstraintUtil
instanceKlass org/mapleir/ir/cfg/builder/ssaopt/LatestValue
instanceKlass  @bci java/util/Comparator comparing (Ljava/util/function/Function;)Ljava/util/Comparator; 6 <appendix> member <vmtarget> ; # java/util/Comparator$$Lambda+0x0000022aba173ad8
instanceKlass  @bci org/mapleir/ir/cfg/builder/SSAGenPass search (Lorg/mapleir/ir/cfg/BasicBlock;Ljava/util/Set;Ljava/util/List;)V 47 <appendix> member <vmtarget> ; # org/mapleir/ir/cfg/builder/SSAGenPass$$Lambda+0x0000022aba1a5338
instanceKlass org/mapleir/stdlib/collections/map/SetCreator
instanceKlass org/mapleir/stdlib/collections/graph/algorithms/LT79Dom
instanceKlass  @bci org/mapleir/ir/cfg/builder/SSAGenPass splitRanges ()V 22 <appendix> argL0 ; # org/mapleir/ir/cfg/builder/SSAGenPass$$Lambda+0x0000022aba1a48b8
instanceKlass  @bci org/mapleir/ir/algorithms/SSABlockLivenessAnalyser <init> (Lorg/mapleir/ir/cfg/ControlFlowGraph;)V 48 <appendix> member <vmtarget> ; # org/mapleir/ir/algorithms/SSABlockLivenessAnalyser$$Lambda+0x0000022aba1a4668
instanceKlass org/mapleir/ir/algorithms/SSABlockLivenessAnalyser
instanceKlass org/mapleir/stdlib/collections/bitset/GenericBitSet$1
instanceKlass  @bci org/mapleir/stdlib/collections/graph/algorithms/ExtendedDfs <init> (Lorg/mapleir/stdlib/collections/graph/FastDirectedGraph;I)V 20 <appendix> member <vmtarget> ; # org/mapleir/stdlib/collections/graph/algorithms/ExtendedDfs$$Lambda+0x0000022aba1a3f80
instanceKlass org/mapleir/stdlib/collections/graph/algorithms/ExtendedDfs
instanceKlass org/mapleir/stdlib/collections/graph/algorithms/SimpleDfs
instanceKlass org/mapleir/stdlib/collections/graph/algorithms/DepthFirstSearch
instanceKlass org/mapleir/propertyframework/api/IProperty
instanceKlass org/mapleir/ir/utils/CFGUtils
instanceKlass  @bci org/mapleir/ir/cfg/builder/GenerationPass processQueue ()V 57 <appendix> member <vmtarget> ; # org/mapleir/ir/cfg/builder/GenerationPass$$Lambda+0x0000022aba1a31e8
instanceKlass  @bci org/mapleir/stdlib/collections/list/IndexedList <init> ()V 32 <appendix> argL0 ; # org/mapleir/stdlib/collections/list/IndexedList$$Lambda+0x0000022aba1a2fa0
instanceKlass  @bci org/mapleir/stdlib/collections/list/IndexedList <init> ()V 16 <appendix> member <vmtarget> ; # org/mapleir/stdlib/collections/list/IndexedList$$Lambda+0x0000022aba1a2d68
instanceKlass  @bci org/mapleir/stdlib/collections/list/IndexedList <init> ()V 10 <appendix> member <vmtarget> ; # org/mapleir/stdlib/collections/list/IndexedList$$Lambda+0x0000022aba1a2b30
instanceKlass org/mapleir/stdlib/collections/list/IndexedList
instanceKlass org/mapleir/ir/cfg/DefaultBlockFactory$28
instanceKlass org/mapleir/ir/cfg/DefaultBlockFactory$21
instanceKlass org/mapleir/ir/cfg/DefaultBlockFactory$19
instanceKlass dev/skidfuscator/obfuscator/skidasm/cfg/SkidBlockFactory$1
instanceKlass org/mapleir/ir/code/ExpressionStack
instanceKlass  @bci org/mapleir/ir/cfg/BasicBlock <init> (Lorg/mapleir/ir/cfg/ControlFlowGraph;)V 39 <appendix> member <vmtarget> ; # org/mapleir/ir/cfg/BasicBlock$$Lambda+0x0000022aba19fd78
instanceKlass  @bci org/mapleir/ir/cfg/BasicBlock <init> (Lorg/mapleir/ir/cfg/ControlFlowGraph;)V 33 <appendix> member <vmtarget> ; # org/mapleir/ir/cfg/BasicBlock$$Lambda+0x0000022aba19fb40
instanceKlass org/mapleir/ir/cfg/BasicBlock
instanceKlass dev/skidfuscator/obfuscator/skidasm/cfg/SkidBlockFactory$4
instanceKlass  @bci org/mapleir/ir/cfg/builder/SSAGenPass createCongMap ()Lorg/mapleir/stdlib/collections/map/NullPermeableHashMap; 4 <appendix> argL0 ; # org/mapleir/ir/cfg/builder/SSAGenPass$$Lambda+0x0000022aba19e790
instanceKlass org/mapleir/ir/algorithms/Liveness
instanceKlass org/mapleir/ir/cfg/builder/GenerationVerifier$VerifierRule
instanceKlass org/mapleir/ir/cfg/builder/GenerationVerifier$VerifierToken
instanceKlass org/objectweb/asm/util/Printer
instanceKlass org/mapleir/ir/cfg/builder/GenerationVerifier
instanceKlass org/mapleir/stdlib/collections/bitset/GenericBitSet
instanceKlass org/mapleir/ir/cfg/builder/GenerationVerifier$GenerationEvent
instanceKlass org/mapleir/stdlib/util/IUsesJavaDesc
instanceKlass org/mapleir/ir/cfg/builder/ControlFlowGraphBuilder$BuilderPass
instanceKlass  @bci org/mapleir/ir/cfg/builder/ControlFlowGraphBuilder <init> (Lorg/mapleir/asm/MethodNode;Lorg/mapleir/ir/cfg/SSAFactory;Z)V 152 <appendix> argL0 ; # org/mapleir/ir/cfg/builder/ControlFlowGraphBuilder$$Lambda+0x0000022aba198000
instanceKlass org/mapleir/stdlib/util/JavaDesc
instanceKlass org/mapleir/flowgraph/FlowGraph$FastGraphVertexBitSetIndexer
instanceKlass  @bci org/mapleir/ir/locals/LocalsPool <init> ()V 63 <appendix> argL0 ; # org/mapleir/ir/locals/LocalsPool$$Lambda+0x0000022aba195b18
instanceKlass org/mapleir/stdlib/collections/bitset/IncrementalBitSetIndexer$1
instanceKlass org/mapleir/stdlib/collections/bitset/IncrementalBitSetIndexer
instanceKlass org/mapleir/stdlib/collections/bitset/BitSetIndexer
instanceKlass dev/skidfuscator/obfuscator/skidasm/cfg/SkidBlockFactory$5
instanceKlass org/mapleir/ir/cfg/builder/ssa/CfgBuilder
instanceKlass org/mapleir/ir/cfg/builder/ssa/BlockBuilder
instanceKlass org/mapleir/ir/cfg/builder/ssa/stmt/NopStmtBuilder
instanceKlass org/mapleir/ir/cfg/builder/ssa/expr/VarExprBuilder
instanceKlass org/mapleir/ir/cfg/builder/ssa/expr/CastExprBuilder
instanceKlass org/mapleir/ir/cfg/builder/ssa/stmt/ThrowStmtBuilder
instanceKlass org/mapleir/ir/cfg/builder/ssa/expr/PhiExprBuilder
instanceKlass org/mapleir/ir/cfg/builder/ssa/stmt/PopStmtBuilder
instanceKlass org/mapleir/ir/cfg/builder/ssa/stmt/UnconditionalJumpStmtBuilder
instanceKlass org/mapleir/ir/cfg/builder/ssa/stmt/ConditionalJumpStmtBuilder
instanceKlass org/mapleir/ir/cfg/builder/ssa/expr/CaughtExceptionExprBuilder
instanceKlass org/mapleir/ir/cfg/builder/ssa/expr/invoke/VirtualInvocationExprBuilder
instanceKlass org/mapleir/ir/cfg/builder/ssa/expr/ConstantExprBuilder
instanceKlass org/mapleir/ir/cfg/builder/ssa/expr/ArrayLengthExprBuilder
instanceKlass org/mapleir/ir/cfg/builder/ssa/stmt/copy/CopyVarStmtBuilder
instanceKlass org/mapleir/ir/cfg/builder/ssa/expr/InstanceofExprBuilder
instanceKlass org/mapleir/ir/cfg/builder/ssa/stmt/FieldStoreStmtBuilder
instanceKlass org/mapleir/ir/cfg/builder/ssa/stmt/copy/CopyPhiStmtBuilder
instanceKlass org/mapleir/ir/cfg/builder/ssa/expr/NegationExprBuilder
instanceKlass org/mapleir/ir/cfg/builder/ssa/expr/invoke/StaticInvocationExprBuilder
instanceKlass org/mapleir/ir/cfg/builder/ssa/stmt/ArrayStoreStmtBuilder
instanceKlass org/mapleir/ir/cfg/builder/ssa/expr/PhiExceptionExprBuilder
instanceKlass org/mapleir/ir/cfg/builder/ssa/expr/FieldLoadExprBuilder
instanceKlass org/mapleir/ir/cfg/builder/ssa/expr/AllocObjectExprBuilder
instanceKlass org/mapleir/ir/cfg/builder/ssa/stmt/ReturnStmtBuilder
instanceKlass org/mapleir/ir/cfg/builder/ssa/expr/ArrayLoadExprBuilder
instanceKlass org/mapleir/ir/cfg/builder/ssa/expr/ArithmeticExprBuilder
instanceKlass org/mapleir/ir/cfg/builder/ssa/expr/ComparisonExprBuilder
instanceKlass org/mapleir/ir/cfg/builder/ssa/stmt/SwitchStmtBuilder
instanceKlass org/mapleir/ir/cfg/builder/ssa/stmt/MonitorStmtBuilder
instanceKlass org/mapleir/ir/cfg/builder/ssa/expr/NewArrayExprBuilder
instanceKlass org/mapleir/ir/cfg/DefaultBlockFactory
instanceKlass org/mapleir/ir/locals/LocalsPool
instanceKlass org/mapleir/ir/cfg/builder/ControlFlowGraphBuilder
instanceKlass  @bci org/mapleir/stdlib/collections/map/NullPermeableHashMap getNonNull (Ljava/lang/Object;)Ljava/lang/Object; 11 <appendix> member <vmtarget> ; # org/mapleir/stdlib/collections/map/NullPermeableHashMap$$Lambda+0x0000022aba190ba0
instanceKlass  @bci java/util/stream/SortedOps$RefSortingSink end ()V 48 <appendix> member <vmtarget> ; # java/util/stream/SortedOps$RefSortingSink$$Lambda+0x0000022aba173358
instanceKlass  @cpi java/util/stream/SortedOps$RefSortingSink 128 form vmentry <vmtarget> ; # java/lang/invoke/LambdaForm$DMH+0x0000022aba194400
instanceKlass dev/skidfuscator/obfuscator/util/misc/Parameter
instanceKlass java/util/stream/ForEachOps$ForEachOp
instanceKlass java/util/stream/ForEachOps
instanceKlass  @bci dev/skidfuscator/obfuscator/hierarchy/SkidHierarchy$1 accept (Lorg/mapleir/asm/ClassNode;)V 446 <appendix> member <vmtarget> ; # dev/skidfuscator/obfuscator/hierarchy/SkidHierarchy$1$$Lambda+0x0000022aba190508
instanceKlass  @cpi org/mapleir/ir/algorithms/SSABlockLivenessAnalyser 342 form vmentry <vmtarget> ; # java/lang/invoke/LambdaForm$DMH+0x0000022aba194000
instanceKlass java/util/stream/SortedOps
instanceKlass dev/skidfuscator/obfuscator/hierarchy/SkidHierarchy$1$1
instanceKlass  @bci dev/skidfuscator/obfuscator/hierarchy/SkidHierarchy$1 accept (Lorg/mapleir/asm/ClassNode;)V 422 <appendix> member <vmtarget> ; # dev/skidfuscator/obfuscator/hierarchy/SkidHierarchy$1$$Lambda+0x0000022aba190000
instanceKlass  @bci dev/skidfuscator/obfuscator/hierarchy/SkidHierarchy cache ()V 281 <appendix> member <vmtarget> ; # dev/skidfuscator/obfuscator/hierarchy/SkidHierarchy$$Lambda+0x0000022aba189c00
instanceKlass  @bci dev/skidfuscator/obfuscator/hierarchy/SkidHierarchy cache ()V 119 <appendix> member <vmtarget> ; # dev/skidfuscator/obfuscator/hierarchy/SkidHierarchy$$Lambda+0x0000022aba18bd70
instanceKlass  @bci dev/skidfuscator/obfuscator/hierarchy/SkidHierarchy cache ()V 108 <appendix> member <vmtarget> ; # dev/skidfuscator/obfuscator/hierarchy/SkidHierarchy$$Lambda+0x0000022aba18bb18
instanceKlass  @cpi org/mapleir/ir/cfg/builder/GenerationPass 1813 form vmentry <vmtarget> ; # java/lang/invoke/LambdaForm$DMH+0x0000022aba189800
instanceKlass java/util/HashMap$HashMapSpliterator
instanceKlass dev/skidfuscator/obfuscator/hierarchy/SkidHierarchy$1
instanceKlass org/mapleir/ir/code/expr/invoke/Invokable
instanceKlass dev/skidfuscator/obfuscator/hierarchy/SkidHierarchy
instanceKlass  @bci dev/skidfuscator/obfuscator/event/EventBus register (Ldev/skidfuscator/obfuscator/event/Listener;)V 114 <appendix> argL0 ; # dev/skidfuscator/obfuscator/event/EventBus$$Lambda+0x0000022aba18b1c0
instanceKlass dev/skidfuscator/obfuscator/event/EventBus$EventListener
instanceKlass dev/skidfuscator/obfuscator/event/annotation/Listen
instanceKlass dev/skidfuscator/obfuscator/event/EventBus
instanceKlass dev/skidfuscator/obfuscator/protection/MinecraftStealerProtectionProvider
instanceKlass dev/skidfuscator/obfuscator/protection/TokenLoggerProtectionProvider
instanceKlass dev/skidfuscator/obfuscator/protection/ProtectionProvider
instanceKlass org/mapleir/deob/intraproc/DumbExceptionAnalysis
instanceKlass org/mapleir/deob/intraproc/ExceptionAnalysis
instanceKlass org/mapleir/context/BasicAnalysisContext
instanceKlass org/mapleir/deob/dataflow/LiveDataFlowAnalysisImpl
instanceKlass org/mapleir/app/client/AbstractApplicationContext
instanceKlass dev/skidfuscator/obfuscator/resolver/SkidHierarchyMethods
instanceKlass dev/skidfuscator/obfuscator/resolver/SkidInvocationResolver
instanceKlass org/mapleir/context/AnalysisContext
instanceKlass org/mapleir/context/BasicAnalysisContext$BasicContextBuilder
instanceKlass org/mapleir/dot4j/attr/MapAttrs
instanceKlass org/mapleir/dot4j/attr/Attrs
instanceKlass org/mapleir/dot4j/attr/builtin/Font
instanceKlass org/mapleir/dot4j/model/Target
instanceKlass org/mapleir/dot4j/model/Source
instanceKlass org/mapleir/stdlib/collections/graph/GraphUtils
instanceKlass org/mapleir/stdlib/collections/graph/FastGraphEdgeImpl
instanceKlass dev/skidfuscator/obfuscator/util/match/Match
instanceKlass  @bci org/mapleir/app/service/ClassSource iterate ()Ljava/lang/Iterable; 1 <appendix> member <vmtarget> ; # org/mapleir/app/service/ClassSource$$Lambda+0x0000022aba18c498
instanceKlass  @bci org/mapleir/app/service/ClassTree createSet ()Ljava/util/Set; 4 <appendix> argL0 ; # org/mapleir/app/service/ClassTree$$Lambda+0x0000022aba18c200
instanceKlass org/mapleir/app/service/ClassTree$InheritanceEdge
instanceKlass org/mapleir/app/service/LocateableClassNode
# instanceKlass java/lang/invoke/LambdaForm$MH+0x0000022aba189400
# instanceKlass java/lang/invoke/LambdaForm$MH+0x0000022aba189000
# instanceKlass java/lang/invoke/LambdaForm$DMH+0x0000022aba188c00
# instanceKlass java/lang/invoke/LambdaForm$MH+0x0000022aba188800
# instanceKlass java/lang/invoke/LambdaForm$MH+0x0000022aba188400
# instanceKlass java/lang/invoke/LambdaForm$MH+0x0000022aba188000
# instanceKlass java/lang/invoke/LambdaForm$DMH+0x0000022aba187400
instanceKlass  @bci dev/skidfuscator/obfuscator/Skidfuscator _importClasspath ()V 616 <appendix> argL0 ; # dev/skidfuscator/obfuscator/Skidfuscator$$Lambda+0x0000022aba187a20
instanceKlass  @bci dev/skidfuscator/config/DefaultSkidConfig getLibs ()[Ljava/io/File; 29 <appendix> argL0 ; # dev/skidfuscator/config/DefaultSkidConfig$$Lambda+0x0000022aba187800
instanceKlass java/util/stream/DistinctOps
instanceKlass  @bci dev/skidfuscator/config/DefaultSkidConfig getLibs ()[Ljava/io/File; 14 <appendix> argL0 ; # dev/skidfuscator/config/DefaultSkidConfig$$Lambda+0x0000022aba16fd78
instanceKlass jdk/internal/math/FDBigInteger
instanceKlass java/lang/foreign/MemorySegment
# instanceKlass java/lang/invoke/LambdaForm$MH+0x0000022aba187000
# instanceKlass java/lang/invoke/LambdaForm$MH+0x0000022aba186c00
# instanceKlass java/lang/invoke/LambdaForm$MH+0x0000022aba186800
# instanceKlass java/lang/invoke/LambdaForm$MH+0x0000022aba186400
# instanceKlass java/lang/invoke/LambdaForm$MH+0x0000022aba186000
# instanceKlass java/lang/invoke/LambdaForm$MH+0x0000022aba185c00
instanceKlass  @bci java/util/Comparator comparingInt (Ljava/util/function/ToIntFunction;)Ljava/util/Comparator; 6 <appendix> member <vmtarget> ; # java/util/Comparator$$Lambda+0x0000022aba170c98
instanceKlass  @bci java/lang/invoke/BootstrapMethodInvoker invoke (Ljava/lang/Class;Ljava/lang/invoke/MethodHandle;Ljava/lang/String;Ljava/lang/Object;Ljava/lang/Object;Ljava/lang/Class;)Ljava/lang/Object; 462 <adapter> ; # java/lang/invoke/LambdaForm$MH+0x0000022aba185800
instanceKlass  @cpi dev/skidfuscator/obfuscator/transform/impl/string/generator/v3/AbstractEncryptionGeneratorV3 666 form vmentry <vmtarget> ; # java/lang/invoke/LambdaForm$DMH+0x0000022aba185400
instanceKlass  @bci org/mapleir/app/service/ApplicationClassSource addLibraries ([Lorg/mapleir/app/service/LibraryClassSource;)V 56 <appendix> argL0 ; # org/mapleir/app/service/ApplicationClassSource$$Lambda+0x0000022aba16fb58
instanceKlass  @cpi dev/skidfuscator/obfuscator/creator/SkidFlowGraphDumper 1758 form vmentry <vmtarget> ; # java/lang/invoke/LambdaForm$DMH+0x0000022aba185000
instanceKlass java/util/function/ToIntFunction
instanceKlass dev/skidfuscator/builder/MethodNodeBuilder
instanceKlass dev/skidfuscator/builder/ClassNodeBuilder
instanceKlass org/mapleir/app/factory/Builder
instanceKlass com/google/gson/internal/LinkedTreeMap$LinkedTreeMapIterator
instanceKlass java/util/AbstractMap$2$1
instanceKlass  @bci dev/skidfuscator/jghost/GhostHelper importFile (Ldev/skidfuscator/logger/Logger;ZLdev/skidfuscator/jghost/tree/GhostLibrary;)Lorg/mapleir/app/service/ApplicationClassSource; 24 <appendix> argL0 ; # dev/skidfuscator/jghost/GhostHelper$$Lambda+0x0000022aba16e340
# instanceKlass java/lang/invoke/LambdaForm$MH+0x0000022aba184c00
# instanceKlass java/lang/invoke/LambdaForm$MH+0x0000022aba184800
# instanceKlass java/lang/invoke/LambdaForm$MH+0x0000022aba184400
# instanceKlass java/lang/invoke/LambdaForm$MH+0x0000022aba184000
# instanceKlass java/lang/invoke/LambdaForm$MH+0x0000022aba183c00
# instanceKlass java/lang/invoke/LambdaForm$MH+0x0000022aba183800
# instanceKlass java/lang/invoke/LambdaForm$DMH+0x0000022aba183400
# instanceKlass java/lang/invoke/LambdaForm$MH+0x0000022aba183000
# instanceKlass java/lang/invoke/LambdaForm$MH+0x0000022aba182c00
# instanceKlass java/lang/invoke/LambdaForm$MH+0x0000022aba182800
# instanceKlass java/lang/invoke/LambdaForm$DMH+0x0000022aba182400
# instanceKlass java/lang/invoke/LambdaForm$MH+0x0000022aba182000
# instanceKlass java/lang/invoke/LambdaForm$MH+0x0000022aba181c00
# instanceKlass java/lang/invoke/LambdaForm$MH+0x0000022aba181800
# instanceKlass java/lang/invoke/LambdaForm$MH+0x0000022aba181400
# instanceKlass java/lang/invoke/LambdaForm$MH+0x0000022aba181000
# instanceKlass java/lang/invoke/LambdaForm$MH+0x0000022aba180c00
# instanceKlass java/lang/invoke/LambdaForm$DMH+0x0000022aba180800
# instanceKlass java/lang/invoke/LambdaForm$MH+0x0000022aba180400
# instanceKlass java/lang/invoke/LambdaForm$DMH+0x0000022aba180000
instanceKlass com/google/gson/internal/bind/ObjectTypeAdapter$2
instanceKlass com/google/gson/internal/LinkedTreeMap$Node
instanceKlass com/google/gson/internal/LinkedTreeMap$1
instanceKlass com/google/gson/internal/ConstructorConstructor$15
instanceKlass dev/skidfuscator/jghost/tree/GhostFieldNode
instanceKlass dev/skidfuscator/jghost/tree/GhostAnnotationNode
instanceKlass com/google/gson/internal/ConstructorConstructor$9
instanceKlass sun/reflect/generics/tree/TypeVariableSignature
instanceKlass dev/skidfuscator/jghost/tree/GhostMethodNode
instanceKlass com/google/gson/internal/$Gson$Types$GenericArrayTypeImpl
instanceKlass com/google/gson/internal/$Gson$Types$ParameterizedTypeImpl
instanceKlass dev/skidfuscator/jghost/tree/GhostClassNode
instanceKlass dev/skidfuscator/jghost/GhostReader
instanceKlass com/google/gson/internal/Primitives
instanceKlass com/google/gson/annotations/SerializedName
instanceKlass dev/skidfuscator/jghost/tree/GhostContents
instanceKlass com/google/gson/internal/ConstructorConstructor$4
instanceKlass com/google/gson/internal/reflect/ReflectionHelper
instanceKlass com/google/gson/annotations/JsonAdapter
instanceKlass com/google/gson/internal/JsonReaderInternalAccess
instanceKlass dev/skidfuscator/jghost/tree/GhostLibrary
instanceKlass com/google/gson/internal/bind/ReflectiveTypeAdapterFactory$BoundField
instanceKlass com/google/gson/internal/bind/ReflectiveTypeAdapterFactory
instanceKlass com/google/gson/internal/bind/JsonAdapterAnnotationTypeAdapterFactory
instanceKlass com/google/gson/internal/bind/MapTypeAdapterFactory
instanceKlass com/google/gson/internal/bind/CollectionTypeAdapterFactory
instanceKlass com/google/gson/internal/bind/ArrayTypeAdapter$1
instanceKlass com/google/gson/internal/bind/DateTypeAdapter$1
instanceKlass java/util/concurrent/atomic/AtomicLongArray
instanceKlass com/google/gson/internal/bind/NumberTypeAdapter$1
instanceKlass com/google/gson/internal/bind/ObjectTypeAdapter$1
instanceKlass com/google/gson/internal/ObjectConstructor
instanceKlass com/google/gson/internal/ConstructorConstructor
instanceKlass com/google/gson/internal/sql/SqlTimestampTypeAdapter$1
instanceKlass com/google/gson/internal/sql/SqlTimeTypeAdapter$1
instanceKlass com/google/gson/internal/sql/SqlDateTypeAdapter$1
instanceKlass com/google/gson/internal/bind/DefaultDateTypeAdapter$DateType
instanceKlass com/google/gson/internal/sql/SqlTypesSupport
instanceKlass com/google/gson/internal/bind/TypeAdapters$30
instanceKlass com/google/gson/internal/bind/TypeAdapters$29
instanceKlass com/google/gson/internal/bind/TypeAdapters$33
instanceKlass com/google/gson/internal/bind/TypeAdapters$34
instanceKlass java/util/concurrent/atomic/AtomicIntegerArray
instanceKlass com/google/gson/internal/bind/TypeAdapters$32
instanceKlass com/google/gson/internal/bind/TypeAdapters$31
instanceKlass com/google/gson/internal/bind/TypeAdapters
instanceKlass com/google/gson/InstanceCreator
instanceKlass com/google/gson/JsonDeserializer
instanceKlass com/google/gson/JsonSerializer
instanceKlass com/google/gson/internal/$Gson$Types
instanceKlass com/google/gson/internal/$Gson$Preconditions
instanceKlass com/google/gson/reflect/TypeToken
instanceKlass com/google/gson/ToNumberStrategy
instanceKlass com/google/gson/stream/JsonWriter
instanceKlass com/google/gson/stream/JsonReader
instanceKlass com/google/gson/Gson
instanceKlass com/google/gson/JsonElement
instanceKlass com/google/gson/TypeAdapter
instanceKlass com/google/gson/internal/Excluder
instanceKlass com/google/gson/TypeAdapterFactory
instanceKlass com/google/gson/FieldNamingStrategy
instanceKlass com/google/gson/GsonBuilder
instanceKlass dev/skidfuscator/jghost/Ghost
instanceKlass dev/skidfuscator/jghost/GhostHelper
instanceKlass java/util/stream/AbstractSpinedBuffer
instanceKlass  @bci dev/skidfuscator/obfuscator/Skidfuscator _importClasspath ()V 291 <appendix> argL0 ; # dev/skidfuscator/obfuscator/Skidfuscator$$Lambda+0x0000022aba1586e8
instanceKlass  @bci dev/skidfuscator/obfuscator/Skidfuscator _importClasspath ()V 281 <appendix> argL0 ; # dev/skidfuscator/obfuscator/Skidfuscator$$Lambda+0x0000022aba158498
instanceKlass org/mapleir/asm/ClassHelper
instanceKlass  @bci java/util/stream/Collectors castingIdentity ()Ljava/util/function/Function; 0 <appendix> argL0 ; # java/util/stream/Collectors$$Lambda+0x800000042
instanceKlass  @bci java/util/stream/Collectors toList ()Ljava/util/stream/Collector; 14 <appendix> argL0 ; # java/util/stream/Collectors$$Lambda+0x0000022aba0bb290
instanceKlass  @bci java/util/stream/Collectors toList ()Ljava/util/stream/Collector; 9 <appendix> argL0 ; # java/util/stream/Collectors$$Lambda+0x0000022aba0bc720
instanceKlass  @bci java/util/stream/Collectors toList ()Ljava/util/stream/Collector; 4 <appendix> argL0 ; # java/util/stream/Collectors$$Lambda+0x0000022aba0c28a8
instanceKlass  @bci dev/skidfuscator/obfuscator/creator/SkidApplicationClassSource <init> (Ljava/lang/String;ZLorg/topdank/byteengineer/commons/data/JarContents;Ldev/skidfuscator/obfuscator/Skidfuscator;)V 10 <appendix> argL0 ; # dev/skidfuscator/obfuscator/creator/SkidApplicationClassSource$$Lambda+0x0000022aba157da0
instanceKlass java/util/ArrayList$ArrayListSpliterator
instanceKlass org/objectweb/asm/tree/ModuleExportNode
instanceKlass org/objectweb/asm/tree/ModuleRequireNode
instanceKlass org/objectweb/asm/Handle
instanceKlass org/objectweb/asm/TypePath
instanceKlass org/objectweb/asm/Type
instanceKlass org/objectweb/asm/tree/ParameterNode
instanceKlass org/objectweb/asm/tree/InnerClassNode
instanceKlass org/mapleir/asm/FieldNode
instanceKlass org/objectweb/asm/tree/TryCatchBlockNode
instanceKlass org/objectweb/asm/tree/LocalVariableNode
instanceKlass org/objectweb/asm/Label
instanceKlass org/topdank/byteengineer/commons/data/JarClassData
instanceKlass  @bci dev/skidfuscator/obfuscator/predicate/SimplePredicateAnalysis getBlockPredicate (Ldev/skidfuscator/obfuscator/skidasm/SkidMethodNode;)Ldev/skidfuscator/obfuscator/predicate/opaque/BlockOpaquePredicate; 6 <appendix> member <vmtarget> ; # dev/skidfuscator/obfuscator/predicate/SimplePredicateAnalysis$$Lambda+0x0000022aba1545b8
instanceKlass org/mapleir/flowgraph/edges/FlowEdge
instanceKlass org/mapleir/flowgraph/edges/FlowEdges
instanceKlass org/mapleir/stdlib/collections/graph/FastGraphEdge
instanceKlass org/mapleir/ir/cfg/SSAFactory
instanceKlass org/mapleir/ir/locals/Local
instanceKlass  @bci dev/skidfuscator/obfuscator/predicate/SimplePredicateAnalysis getClassStaticPredicate (Ldev/skidfuscator/obfuscator/skidasm/SkidClassNode;)Ldev/skidfuscator/obfuscator/predicate/opaque/ClassOpaquePredicate; 6 <appendix> member <vmtarget> ; # dev/skidfuscator/obfuscator/predicate/SimplePredicateAnalysis$$Lambda+0x0000022aba152188
instanceKlass dev/skidfuscator/obfuscator/util/RandomUtil
instanceKlass  @bci dev/skidfuscator/obfuscator/predicate/SimplePredicateAnalysis getClassPredicate (Ldev/skidfuscator/obfuscator/skidasm/SkidClassNode;)Ldev/skidfuscator/obfuscator/predicate/opaque/ClassOpaquePredicate; 6 <appendix> member <vmtarget> ; # dev/skidfuscator/obfuscator/predicate/SimplePredicateAnalysis$$Lambda+0x0000022aba151d38
instanceKlass org/mapleir/ir/code/CodeUnit
instanceKlass org/mapleir/ir/code/Opcode
instanceKlass org/objectweb/asm/tree/InsnList
instanceKlass org/objectweb/asm/tree/AbstractInsnNode
instanceKlass org/objectweb/asm/tree/Util
instanceKlass org/objectweb/asm/Context
instanceKlass org/objectweb/asm/Attribute
instanceKlass org/objectweb/asm/FieldVisitor
instanceKlass org/objectweb/asm/AnnotationVisitor
instanceKlass org/objectweb/asm/ModuleVisitor
instanceKlass org/objectweb/asm/RecordComponentVisitor
instanceKlass org/objectweb/asm/ClassReader
instanceKlass  @bci dev/skidfuscator/obfuscator/phantom/jphantom/PhantomJarDownloader download ()V 239 <appendix> member <vmtarget> ; # dev/skidfuscator/obfuscator/phantom/jphantom/PhantomJarDownloader$$Lambda+0x0000022aba14b628
instanceKlass  @cpi dev/skidfuscator/obfuscator/transform/impl/string/generator/v3/AbstractEncryptionGeneratorV3 673 form vmentry <vmtarget> ; # java/lang/invoke/LambdaForm$DMH+0x0000022aba14c000
instanceKlass com/google/common/base/Converter
instanceKlass com/google/common/base/Function
instanceKlass com/google/common/primitives/IntsMethodsForWeb
instanceKlass com/google/common/math/IntMath
instanceKlass org/topdank/byteengineer/commons/data/JarResource
instanceKlass com/google/common/base/Preconditions
instanceKlass com/google/common/io/ByteArrayDataOutput
instanceKlass com/google/common/io/ByteArrayDataInput
instanceKlass com/google/common/io/ByteStreams
instanceKlass java/util/zip/ZipFile$ZipEntryIterator
instanceKlass org/topdank/byteengineer/commons/data/JarInfo
instanceKlass org/objectweb/asm/MethodVisitor
instanceKlass org/topdank/byteengineer/commons/asm/DefaultASMFactory
instanceKlass org/clyze/jphantom/hier/ClassHierarchy
instanceKlass org/clyze/jphantom/Types
instanceKlass org/objectweb/asm/Opcodes
instanceKlass org/objectweb/asm/ClassVisitor
instanceKlass org/topdank/byteio/in/AbstractJarDownloader
instanceKlass org/topdank/byteengineer/commons/asm/ASMFactory
instanceKlass dev/skidfuscator/obfuscator/util/MapleJarUtil
instanceKlass jdk/internal/math/MathUtils
instanceKlass jdk/internal/math/DoubleToDecimal
instanceKlass jdk/internal/math/FormattedFPDecimal
instanceKlass dev/skidfuscator/obfuscator/exempt/Exclusion
instanceKlass dev/skidfuscator/obfuscator/exempt/ExclusionHelper$1
instanceKlass dev/skidfuscator/obfuscator/exempt/ExclusionHelper$6
instanceKlass dev/skidfuscator/obfuscator/exempt/ExclusionMap$2
instanceKlass dev/skidfuscator/obfuscator/exempt/ExclusionMap$1
instanceKlass dev/skidfuscator/obfuscator/exempt/ExclusionTester
instanceKlass dev/skidfuscator/obfuscator/exempt/ExclusionHelper
instanceKlass com/typesafe/config/impl/DefaultTransformer$2
instanceKlass com/typesafe/config/impl/SimpleConfigList$2
instanceKlass com/typesafe/config/impl/DefaultTransformer
instanceKlass  @bci dev/skidfuscator/config/DefaultConfig getStringList (Ljava/lang/String;Ljava/util/List;)Ljava/util/List; 12 <appendix> member <vmtarget> ; # dev/skidfuscator/config/DefaultConfig$$Lambda+0x0000022aba142df0
instanceKlass  @cpi dev/skidfuscator/config/DefaultConfig 198 form vmentry <vmtarget> ; # java/lang/invoke/LambdaForm$DMH+0x0000022aba144000
instanceKlass dev/skidfuscator/config/DefaultExempts
instanceKlass dev/skidfuscator/config/DefaultConfig
instanceKlass com/typesafe/config/impl/ResolveResult
instanceKlass com/typesafe/config/impl/MemoKey
instanceKlass com/typesafe/config/impl/BadMap$Entry
instanceKlass com/typesafe/config/impl/BadMap
instanceKlass com/typesafe/config/impl/ResolveMemos
instanceKlass com/typesafe/config/impl/ResolveSource
instanceKlass com/typesafe/config/impl/ResolveContext
instanceKlass com/typesafe/config/ConfigResolveOptions$1
instanceKlass com/typesafe/config/ConfigResolver
instanceKlass com/typesafe/config/ConfigResolveOptions
instanceKlass com/typesafe/config/impl/ConfigParser$ParseContext
instanceKlass com/typesafe/config/impl/ConfigParser
instanceKlass com/typesafe/config/impl/Path
instanceKlass com/typesafe/config/impl/PathBuilder
instanceKlass com/typesafe/config/impl/PathParser$Element
instanceKlass com/typesafe/config/impl/PathParser
instanceKlass com/typesafe/config/impl/AbstractConfigNode
instanceKlass com/typesafe/config/parser/ConfigNode
instanceKlass com/typesafe/config/impl/ConfigDocumentParser$ParseContext
instanceKlass com/typesafe/config/impl/ConfigDocumentParser
instanceKlass com/typesafe/config/impl/Tokenizer$TokenIterator$WhitespaceSaver
instanceKlass com/typesafe/config/impl/Token
instanceKlass com/typesafe/config/impl/Tokens
instanceKlass com/typesafe/config/impl/Tokenizer$TokenIterator
instanceKlass com/typesafe/config/impl/Tokenizer
instanceKlass com/typesafe/config/impl/ConfigImpl$DebugHolder
instanceKlass com/typesafe/config/impl/SimpleIncludeContext
instanceKlass com/typesafe/config/impl/SimpleIncluder
instanceKlass com/typesafe/config/impl/FullIncluder
instanceKlass com/typesafe/config/ConfigIncluderClasspath
instanceKlass com/typesafe/config/ConfigIncluderURL
instanceKlass com/typesafe/config/ConfigIncluderFile
instanceKlass com/typesafe/config/impl/ConfigImpl$DefaultIncluderHolder
instanceKlass com/typesafe/config/impl/SimpleConfig
instanceKlass com/typesafe/config/impl/AbstractConfigValue$NoExceptionsModifier
instanceKlass com/typesafe/config/impl/AbstractConfigValue$Modifier
instanceKlass com/typesafe/config/impl/ReplaceableMergeStack
instanceKlass com/typesafe/config/impl/Unmergeable
instanceKlass com/typesafe/config/impl/SimpleConfigOrigin
instanceKlass com/typesafe/config/ConfigList
instanceKlass com/typesafe/config/Config
instanceKlass com/typesafe/config/impl/SimpleIncluder$NameSource
instanceKlass com/typesafe/config/impl/ConfigImpl
instanceKlass com/typesafe/config/impl/ConfigImplUtil
instanceKlass com/typesafe/config/ConfigIncluder
instanceKlass com/typesafe/config/parser/ConfigDocument
instanceKlass com/typesafe/config/ConfigIncludeContext
instanceKlass com/typesafe/config/impl/Container
instanceKlass com/typesafe/config/impl/AbstractConfigValue
instanceKlass com/typesafe/config/impl/MergeableValue
instanceKlass com/typesafe/config/ConfigOrigin
instanceKlass com/typesafe/config/impl/Parseable$Relativizer
instanceKlass com/typesafe/config/ConfigObject
instanceKlass com/typesafe/config/ConfigValue
instanceKlass com/typesafe/config/impl/Parseable
instanceKlass com/typesafe/config/ConfigParseable
instanceKlass com/typesafe/config/ConfigParseOptions
instanceKlass com/typesafe/config/ConfigLoadingStrategy
instanceKlass com/typesafe/config/ConfigMergeable
instanceKlass com/typesafe/config/ConfigFactory
instanceKlass  @bci java/util/concurrent/Executors$AutoShutdownDelegatedExecutorService <init> (Ljava/util/concurrent/ExecutorService;)V 6 <appendix> member <vmtarget> ; # java/util/concurrent/Executors$AutoShutdownDelegatedExecutorService$$Lambda+0x0000022aba0bcb90
instanceKlass  @cpi dev/skidfuscator/obfuscator/creator/SkidFlowGraphDumper 1759 form vmentry <vmtarget> ; # java/lang/invoke/LambdaForm$DMH+0x0000022aba130000
instanceKlass java/util/concurrent/LinkedBlockingQueue$Node
instanceKlass java/util/concurrent/Executors$DelegatedExecutorService
instanceKlass lukfor/progress/util/TimeUtil
instanceKlass dev/skidfuscator/obfuscator/util/progress/SkidProgressBar
instanceKlass java/lang/Thread$ThreadNumbering
instanceKlass dev/skidfuscator/obfuscator/util/progress/renderer/SkidRendererThread
instanceKlass lukfor/progress/renderer/RendererThread
instanceKlass lukfor/progress/tasks/monitors/TaskMonitor
instanceKlass lukfor/progress/tasks/monitors/ITaskMonitor
instanceKlass lukfor/progress/renderer/labels/StringLabel
instanceKlass lukfor/progress/renderer/labels/TaskNameLabel
instanceKlass lukfor/progress/renderer/bars/AbstractProgressBar
instanceKlass lukfor/progress/renderer/labels/DefaultLabel
instanceKlass lukfor/progress/renderer/labels/TimeLabel
instanceKlass dev/skidfuscator/obfuscator/util/progress/components/SkidTask
instanceKlass dev/skidfuscator/obfuscator/util/progress/components/SkidSpinner
instanceKlass dev/skidfuscator/obfuscator/util/progress/components/SComponents
instanceKlass dev/skidfuscator/obfuscator/util/progress/components/SkidTaskCustom
instanceKlass lukfor/progress/renderer/IProgressIndicator
instanceKlass lukfor/progress/renderer/AbstractProgressRenderer
instanceKlass lukfor/progress/renderer/IProgressRenderer
instanceKlass dev/skidfuscator/obfuscator/util/progress/TaskServiceBuilder
instanceKlass lukfor/progress/util/AnsiColors
instanceKlass dev/skidfuscator/obfuscator/util/progress/ProgressWrapper
instanceKlass dev/skidfuscator/obfuscator/util/ProgressUtil
instanceKlass dev/skidfuscator/obfuscator/predicate/SimplePredicateAnalysis
instanceKlass  @bci dev/skidfuscator/obfuscator/Skidfuscator run ()V 115 <appendix> argL0 ; # dev/skidfuscator/obfuscator/Skidfuscator$$Lambda+0x0000022aba126c88
instanceKlass  @bci dev/skidfuscator/obfuscator/Skidfuscator run ()V 107 <appendix> argL0 ; # dev/skidfuscator/obfuscator/Skidfuscator$$Lambda+0x0000022aba126a68
instanceKlass dev/skidfuscator/obfuscator/predicate/opaque/impl/IntegerClassOpaquePredicate
instanceKlass dev/skidfuscator/obfuscator/predicate/opaque/ClassOpaquePredicate
instanceKlass  @bci dev/skidfuscator/obfuscator/Skidfuscator run ()V 99 <appendix> argL0 ; # dev/skidfuscator/obfuscator/Skidfuscator$$Lambda+0x0000022aba123d88
instanceKlass dev/skidfuscator/obfuscator/skidasm/SkidGroup
instanceKlass dev/skidfuscator/obfuscator/predicate/opaque/impl/IntegerMethodOpaquePredicate
instanceKlass dev/skidfuscator/obfuscator/predicate/opaque/MethodOpaquePredicate
instanceKlass  @bci dev/skidfuscator/obfuscator/Skidfuscator run ()V 91 <appendix> argL0 ; # dev/skidfuscator/obfuscator/Skidfuscator$$Lambda+0x0000022aba123968
instanceKlass dev/skidfuscator/obfuscator/predicate/opaque/impl/IntegerBlockOpaquePredicate
instanceKlass dev/skidfuscator/obfuscator/predicate/opaque/BlockOpaquePredicate
instanceKlass dev/skidfuscator/obfuscator/predicate/opaque/OpaquePredicate
instanceKlass dev/skidfuscator/obfuscator/predicate/factory/PredicateFactory
instanceKlass dev/skidfuscator/obfuscator/predicate/SimplePredicateAnalysis$Builder
instanceKlass  @bci dev/skidfuscator/obfuscator/creator/SkidCache <init> (Ldev/skidfuscator/obfuscator/Skidfuscator;)V 2 <appendix> member <vmtarget> ; # dev/skidfuscator/obfuscator/creator/SkidCache$$Lambda+0x0000022aba122c68
instanceKlass org/mapleir/stdlib/collections/graph/FastDirectedGraph
instanceKlass org/mapleir/stdlib/collections/graph/FastGraph
instanceKlass org/mapleir/stdlib/collections/map/ValueCreator
instanceKlass org/mapleir/stdlib/collections/map/KeyedValueCreator
instanceKlass java/lang/ProcessImpl$2
instanceKlass jdk/internal/vm/ThreadContainers
instanceKlass jdk/internal/vm/StackableScope
instanceKlass java/util/concurrent/LinkedTransferQueue$DualNode
instanceKlass java/util/concurrent/TransferQueue
instanceKlass java/util/concurrent/BlockingQueue
instanceKlass java/util/concurrent/ThreadPoolExecutor$AbortPolicy
instanceKlass java/util/concurrent/RejectedExecutionHandler
instanceKlass java/util/concurrent/AbstractExecutorService
instanceKlass java/util/concurrent/ExecutorService
instanceKlass  @bci java/lang/ProcessHandleImpl lambda$static$1 ()Ljava/util/concurrent/Executor; 45 <appendix> member <vmtarget> ; # java/lang/ProcessHandleImpl$$Lambda+0x0000022aba0b8a98
instanceKlass  @cpi java/lang/ProcessHandleImpl 436 form vmentry <vmtarget> ; # java/lang/invoke/LambdaForm$DMH+0x0000022aba125800
# instanceKlass java/lang/invoke/LambdaForm$DMH+0x0000022aba125400
instanceKlass  @bci java/lang/ProcessHandleImpl <clinit> ()V 32 <appendix> argL0 ; # java/lang/ProcessHandleImpl$$Lambda+0x0000022aba0b8878
instanceKlass java/util/concurrent/Executor
instanceKlass java/lang/ProcessHandleImpl
instanceKlass java/lang/ProcessHandle
instanceKlass  @bci java/lang/ProcessHandleImpl lambda$static$1 ()Ljava/util/concurrent/Executor; 45 <appendix> form vmentry <vmtarget> ; # java/lang/invoke/LambdaForm$DMH+0x0000022aba125000
instanceKlass  @bci java/lang/ProcessImpl <init> ([Ljava/lang/String;Ljava/lang/String;Ljava/lang/String;[JZZ)V 286 <appendix> member <vmtarget> ; # java/lang/ProcessImpl$$Lambda+0x0000022aba0b81b8
instanceKlass  @cpi java/lang/ProcessImpl 640 form vmentry <vmtarget> ; # java/lang/invoke/LambdaForm$DMH+0x0000022aba124c00
instanceKlass java/lang/Process
instanceKlass java/lang/ProcessBuilder
# instanceKlass java/lang/invoke/LambdaForm$MH+0x0000022aba124800
# instanceKlass java/lang/invoke/LambdaForm$MH+0x0000022aba124400
# instanceKlass java/lang/invoke/LambdaForm$DMH+0x0000022aba124000
instanceKlass java/util/Base64$Encoder
instanceKlass java/util/Base64$Decoder
instanceKlass java/util/Base64
instanceKlass sun/nio/cs/Surrogate
instanceKlass sun/nio/cs/Surrogate$Parser
instanceKlass dev/dirs/Util
instanceKlass dev/dirs/BaseDirectories
instanceKlass dev/skidfuscator/obfuscator/directory/SkiddedDirectory
instanceKlass java/util/IdentityHashMap$IdentityHashMapIterator
instanceKlass java/util/LinkedList$ListItr
instanceKlass org/apache/http/impl/conn/PoolingHttpClientConnectionManager$2
instanceKlass org/apache/http/impl/client/InternalHttpClient$1
instanceKlass org/apache/http/conn/ClientConnectionManager
instanceKlass org/apache/http/impl/client/HttpClientBuilder$2
instanceKlass org/apache/http/impl/client/CookieSpecRegistries
instanceKlass org/apache/http/impl/execchain/RedirectExec
instanceKlass org/apache/http/impl/execchain/RetryExec
instanceKlass org/apache/http/impl/client/DefaultHttpRequestRetryHandler
instanceKlass org/apache/http/impl/execchain/ProtocolExec
instanceKlass org/apache/http/client/entity/DeflateInputStreamFactory
instanceKlass org/apache/http/client/entity/GZIPInputStreamFactory
instanceKlass org/apache/http/client/entity/InputStreamFactory
instanceKlass org/apache/http/client/protocol/ResponseContentEncoding
instanceKlass org/apache/http/client/protocol/RequestAcceptEncoding
instanceKlass org/apache/http/client/methods/CloseableHttpResponse
instanceKlass org/apache/http/impl/execchain/MainClientExec
instanceKlass org/apache/http/impl/client/DefaultUserTokenHandler
instanceKlass org/apache/http/impl/entity/StrictContentLengthStrategy
instanceKlass org/apache/http/impl/entity/LaxContentLengthStrategy
instanceKlass org/apache/http/io/HttpMessageParser
instanceKlass org/apache/http/impl/conn/DefaultHttpResponseParserFactory
instanceKlass org/apache/http/io/HttpMessageWriter
instanceKlass org/apache/http/impl/io/DefaultHttpRequestWriterFactory
instanceKlass org/apache/http/impl/BHttpConnectionBase
instanceKlass org/apache/http/conn/ManagedHttpClientConnection
instanceKlass org/apache/http/HttpClientConnection
instanceKlass org/apache/http/entity/ContentLengthStrategy
instanceKlass org/apache/http/io/HttpMessageParserFactory
instanceKlass org/apache/http/io/HttpMessageWriterFactory
instanceKlass org/apache/http/impl/conn/ManagedHttpClientConnectionFactory
instanceKlass org/apache/http/conn/HttpConnectionFactory
instanceKlass org/apache/http/impl/conn/PoolingHttpClientConnectionManager$InternalConnectionFactory
instanceKlass org/apache/http/pool/RouteSpecificPool
instanceKlass org/apache/http/pool/AbstractConnPool
instanceKlass org/apache/http/impl/conn/PoolingHttpClientConnectionManager$ConfigData
instanceKlass org/apache/http/impl/conn/DefaultHttpClientConnectionOperator
instanceKlass org/apache/http/conn/socket/PlainConnectionSocketFactory
instanceKlass org/apache/http/conn/ConnectionRequest
instanceKlass org/apache/http/conn/HttpClientConnectionOperator
instanceKlass org/apache/http/pool/ConnFactory
instanceKlass org/apache/http/impl/conn/PoolingHttpClientConnectionManager
instanceKlass javax/net/SocketFactory
instanceKlass org/apache/http/conn/ssl/SSLConnectionSocketFactory
instanceKlass java/lang/invoke/ConstantBootstraps
instanceKlass java/nio/channels/SelectionKey
instanceKlass org/apache/http/protocol/HttpRequestExecutor
instanceKlass org/apache/http/impl/nio/reactor/SessionRequestHandle
instanceKlass sun/net/NetHooks
instanceKlass org/apache/http/impl/client/CloseableHttpClient
instanceKlass sun/nio/ch/OptionKey
instanceKlass sun/nio/ch/SocketOptionRegistry$LazyInitialization
instanceKlass sun/nio/ch/SocketOptionRegistry$RegistryKey
instanceKlass org/apache/http/client/HttpRequestRetryHandler
instanceKlass sun/nio/ch/SocketOptionRegistry
instanceKlass org/apache/http/impl/execchain/ClientExecChain
instanceKlass sun/nio/ch/ExtendedSocketOption$1
instanceKlass sun/nio/ch/ExtendedSocketOption
instanceKlass sun/nio/ch/SocketChannelImpl$DefaultOptionsHolder
instanceKlass org/apache/http/conn/HttpClientConnectionManager
instanceKlass java/net/StandardSocketOptions$StdSocketOption
instanceKlass java/net/StandardSocketOptions
instanceKlass org/apache/http/conn/socket/LayeredConnectionSocketFactory
instanceKlass org/apache/http/conn/socket/ConnectionSocketFactory
instanceKlass java/net/SocketImpl
instanceKlass java/net/SocketOptions
instanceKlass org/apache/http/impl/client/HttpClientBuilder
instanceKlass java/net/Socket
instanceKlass org/apache/http/impl/nio/client/FutureWrapper
instanceKlass org/apache/http/impl/nio/conn/PoolingNHttpClientConnectionManager$2
instanceKlass org/apache/http/nio/pool/AbstractNIOConnPool$3
instanceKlass org/apache/http/impl/nio/reactor/SessionRequestImpl
instanceKlass java/net/InetSocketAddress$InetSocketAddressHolder
instanceKlass java/util/concurrent/atomic/Striped64$1
instanceKlass jdk/internal/util/random/RandomSupport
instanceKlass java/net/InetAddress$CachedLookup
instanceKlass sun/net/InetAddressCachePolicy$1
instanceKlass sun/net/InetAddressCachePolicy
instanceKlass  @bci java/net/InetAddress getAddressesFromNameService (Ljava/lang/String;)[Ljava/net/InetAddress; 94 <appendix> argL0 ; # java/net/InetAddress$$Lambda+0x0000022aba0b1420
instanceKlass  @bci java/net/InetAddress loadResolver ()Ljava/net/spi/InetAddressResolver; 8 <appendix> argL0 ; # java/net/InetAddress$$Lambda+0x0000022aba0b11e0
instanceKlass java/net/spi/InetAddressResolverProvider
instanceKlass java/net/InetAddress$NameServiceAddresses
instanceKlass java/net/InetAddress$Addresses
instanceKlass java/util/concurrent/ConcurrentSkipListMap$Iter
instanceKlass org/apache/http/util/LangUtils
instanceKlass org/apache/http/nio/pool/LeaseRequest
instanceKlass org/apache/http/impl/nio/conn/PoolingNHttpClientConnectionManager$1
instanceKlass org/apache/http/impl/nio/client/AbstractClientExchangeHandler$1
instanceKlass org/apache/http/impl/cookie/DefaultCookieSpec
instanceKlass org/apache/http/impl/cookie/BasicDomainHandler
instanceKlass org/apache/http/impl/cookie/RFC2109DomainHandler
instanceKlass org/apache/http/impl/cookie/RFC2965DiscardAttributeHandler
instanceKlass org/apache/http/impl/cookie/RFC2965CommentUrlAttributeHandler
instanceKlass org/apache/http/impl/cookie/AbstractCookieAttributeHandler
instanceKlass org/apache/http/impl/cookie/RFC2965PortAttributeHandler
instanceKlass org/apache/http/impl/cookie/PublicSuffixDomainFilter
instanceKlass org/apache/http/impl/cookie/RFC2965DomainAttributeHandler
instanceKlass org/apache/http/impl/cookie/RFC2965VersionAttributeHandler
instanceKlass org/apache/http/cookie/SetCookie
instanceKlass org/apache/http/cookie/Cookie
instanceKlass org/apache/http/impl/cookie/AbstractCookieSpec
instanceKlass org/apache/http/cookie/CookieOrigin
instanceKlass org/apache/http/HeaderElement
instanceKlass org/apache/http/message/BasicHeader
instanceKlass org/apache/http/message/BasicNameValuePair
instanceKlass org/apache/http/message/TokenParser
instanceKlass org/apache/http/util/CharArrayBuffer
instanceKlass org/apache/http/conn/routing/HttpRoute
instanceKlass org/apache/http/message/BasicRequestLine
instanceKlass java/nio/channels/spi/AbstractSelector$1
instanceKlass org/apache/http/params/HttpProtocolParams
instanceKlass org/apache/http/params/CoreProtocolPNames
instanceKlass org/apache/http/impl/nio/client/InternalState
instanceKlass org/apache/http/impl/nio/client/AbstractClientExchangeHandler
instanceKlass org/apache/http/nio/protocol/HttpAsyncClientExchangeHandler
instanceKlass org/apache/http/auth/AuthState
instanceKlass org/apache/http/concurrent/BasicFuture
instanceKlass org/apache/http/nio/util/ContentInputBuffer
instanceKlass org/apache/http/nio/protocol/AbstractAsyncResponseConsumer
instanceKlass org/apache/http/nio/protocol/BasicAsyncRequestProducer
instanceKlass org/apache/http/HttpEntityEnclosingRequest
instanceKlass org/apache/http/nio/entity/HttpAsyncContentProducer
instanceKlass org/apache/http/nio/protocol/HttpAsyncResponseConsumer
instanceKlass org/apache/http/nio/protocol/HttpAsyncRequestProducer
instanceKlass org/apache/http/nio/client/methods/HttpAsyncMethods
instanceKlass org/apache/http/HttpHost
instanceKlass org/apache/http/client/utils/URIUtils
instanceKlass org/apache/http/protocol/BasicHttpContext
instanceKlass org/apache/http/protocol/HttpCoreContext
instanceKlass java/util/concurrent/atomic/AtomicMarkableReference$Pair
instanceKlass java/util/concurrent/atomic/AtomicMarkableReference
instanceKlass org/apache/http/HeaderIterator
instanceKlass org/apache/http/message/HeaderGroup
instanceKlass org/apache/http/message/AbstractHttpMessage
instanceKlass org/apache/http/client/methods/AbortableHttpRequest
instanceKlass org/apache/http/client/methods/HttpExecutionAware
instanceKlass org/apache/http/client/methods/Configurable
instanceKlass org/apache/http/impl/nio/reactor/InterestOpsCallback
instanceKlass org/apache/http/impl/nio/reactor/SessionClosedCallback
instanceKlass org/apache/http/util/Asserts
instanceKlass org/apache/http/impl/nio/reactor/AbstractIODispatch
instanceKlass org/apache/http/nio/reactor/IOEventDispatch
instanceKlass org/apache/http/impl/nio/client/CloseableHttpAsyncClientBase$1
instanceKlass org/apache/http/concurrent/Cancellable
instanceKlass org/apache/http/ExceptionLogger$2
instanceKlass org/apache/http/ExceptionLogger$1
instanceKlass org/apache/http/ExceptionLogger
instanceKlass org/apache/http/nio/protocol/HttpAsyncRequestExecutor
instanceKlass java/util/concurrent/Executors$DefaultThreadFactory
instanceKlass java/util/concurrent/Executors
instanceKlass org/apache/http/impl/auth/HttpAuthenticator
instanceKlass org/apache/http/conn/routing/BasicRouteDirector
instanceKlass org/apache/http/auth/Credentials
instanceKlass org/apache/http/conn/routing/RouteInfo
instanceKlass org/apache/http/conn/routing/HttpRouteDirector
instanceKlass org/apache/http/impl/nio/client/MainClientExec
instanceKlass org/apache/http/impl/client/DefaultRedirectStrategy
instanceKlass org/apache/http/impl/client/BasicCredentialsProvider
instanceKlass java/util/concurrent/locks/ReentrantReadWriteLock$WriteLock
instanceKlass java/util/concurrent/locks/ReentrantReadWriteLock$ReadLock
instanceKlass java/util/concurrent/locks/ReentrantReadWriteLock
instanceKlass org/apache/http/cookie/CookieIdentityComparator
instanceKlass java/util/concurrent/locks/ReadWriteLock
instanceKlass org/apache/http/impl/client/BasicCookieStore
instanceKlass org/apache/http/impl/cookie/IgnoreSpecProvider
instanceKlass org/apache/http/impl/cookie/NetscapeDraftSpecProvider
instanceKlass org/apache/http/impl/cookie/RFC6265CookieSpecProvider
instanceKlass org/apache/http/cookie/CookieSpec
instanceKlass org/apache/http/impl/cookie/BasicPathHandler
instanceKlass org/apache/http/cookie/CommonCookieAttributeHandler
instanceKlass org/apache/http/cookie/CookieAttributeHandler
instanceKlass org/apache/http/impl/cookie/DefaultCookieSpecProvider
instanceKlass org/apache/http/cookie/CookieSpecProvider
instanceKlass org/apache/http/impl/auth/KerberosSchemeFactory
instanceKlass org/apache/http/impl/auth/SPNegoSchemeFactory
instanceKlass org/apache/http/impl/auth/NTLMSchemeFactory
instanceKlass org/apache/http/impl/auth/DigestSchemeFactory
instanceKlass org/apache/http/auth/AuthScheme
instanceKlass org/apache/http/impl/auth/BasicSchemeFactory
instanceKlass org/apache/http/auth/AuthSchemeProvider
instanceKlass org/apache/http/auth/AuthSchemeFactory
instanceKlass org/apache/http/impl/conn/DefaultRoutePlanner
instanceKlass org/apache/http/protocol/ImmutableHttpProcessor
instanceKlass org/apache/http/client/protocol/ResponseProcessCookies
instanceKlass org/apache/http/client/protocol/RequestAuthCache
instanceKlass org/apache/http/protocol/HttpContext
instanceKlass org/apache/http/client/protocol/RequestAddCookies
instanceKlass java/util/LinkedList$Node
instanceKlass org/apache/http/protocol/ChainBuilder
instanceKlass org/apache/http/client/protocol/RequestExpectContinue
instanceKlass org/apache/http/protocol/RequestUserAgent
instanceKlass org/apache/http/client/protocol/RequestClientConnControl
instanceKlass org/apache/http/protocol/RequestTargetHost
instanceKlass org/apache/http/protocol/RequestContent
instanceKlass org/apache/http/client/protocol/RequestDefaultHeaders
instanceKlass org/apache/http/protocol/HttpProcessor
instanceKlass org/apache/http/protocol/HttpProcessorBuilder
instanceKlass org/apache/http/util/VersionInfo
instanceKlass org/apache/http/impl/nio/client/DefaultAsyncUserTokenHandler
instanceKlass org/apache/http/client/AuthCache
instanceKlass org/apache/http/impl/client/AuthenticationStrategyImpl
instanceKlass org/apache/http/HeaderElementIterator
instanceKlass org/apache/http/impl/client/DefaultConnectionKeepAliveStrategy
instanceKlass org/apache/http/TokenIterator
instanceKlass org/apache/http/impl/DefaultConnectionReuseStrategy
instanceKlass java/util/concurrent/atomic/AtomicBoolean
instanceKlass org/apache/http/nio/pool/AbstractNIOConnPool$InternalSessionRequestCallback
instanceKlass org/apache/http/nio/util/HeapByteBufferAllocator
instanceKlass org/apache/http/impl/EnglishReasonPhraseCatalog
instanceKlass org/apache/http/HttpResponse
instanceKlass org/apache/http/ReasonPhraseCatalog
instanceKlass org/apache/http/impl/DefaultHttpResponseFactory
instanceKlass org/apache/http/StatusLine
instanceKlass org/apache/http/RequestLine
instanceKlass org/apache/http/ProtocolVersion
instanceKlass org/apache/http/Header
instanceKlass org/apache/http/NameValuePair
instanceKlass org/apache/http/message/BasicLineParser
instanceKlass org/apache/http/nio/NHttpMessageParser
instanceKlass org/apache/http/HttpResponseFactory
instanceKlass org/apache/http/message/LineParser
instanceKlass org/apache/http/impl/nio/codecs/DefaultHttpResponseParserFactory
instanceKlass org/apache/http/message/BasicLineFormatter
instanceKlass org/apache/http/nio/NHttpMessageWriter
instanceKlass org/apache/http/message/LineFormatter
instanceKlass org/apache/http/impl/nio/codecs/DefaultHttpRequestWriterFactory
instanceKlass org/apache/http/impl/nio/NHttpConnectionBase
instanceKlass org/apache/http/nio/reactor/SocketAccessor
instanceKlass org/apache/http/nio/reactor/SessionBufferStatus
instanceKlass org/apache/http/nio/NHttpClientIOTarget
instanceKlass org/apache/http/nio/conn/ManagedNHttpClientConnection
instanceKlass org/apache/http/HttpInetConnection
instanceKlass org/apache/http/nio/NHttpClientConnection
instanceKlass org/apache/http/nio/NHttpConnection
instanceKlass org/apache/http/nio/IOControl
instanceKlass org/apache/http/HttpConnection
instanceKlass org/apache/http/nio/util/ByteBufferAllocator
instanceKlass org/apache/http/nio/NHttpMessageParserFactory
instanceKlass org/apache/http/nio/NHttpMessageWriterFactory
instanceKlass org/apache/http/impl/nio/conn/ManagedNHttpClientConnectionFactory
instanceKlass org/apache/http/nio/conn/NHttpConnectionFactory
instanceKlass org/apache/http/impl/nio/conn/PoolingNHttpClientConnectionManager$InternalConnectionFactory
instanceKlass org/apache/http/pool/PoolEntryCallback
instanceKlass org/apache/http/nio/pool/RouteSpecificPool
instanceKlass org/apache/http/nio/reactor/SessionRequestCallback
instanceKlass org/apache/http/nio/pool/AbstractNIOConnPool
instanceKlass org/apache/http/pool/ConnPool
instanceKlass org/apache/http/impl/nio/conn/PoolingNHttpClientConnectionManager$ConfigData
instanceKlass org/apache/http/impl/conn/SystemDefaultDnsResolver
instanceKlass org/apache/http/impl/conn/DefaultSchemePortResolver
instanceKlass org/apache/http/conn/DnsResolver
instanceKlass org/apache/http/impl/nio/conn/PoolingNHttpClientConnectionManager$InternalAddressResolver
instanceKlass org/apache/http/config/Registry
instanceKlass org/apache/http/util/TextUtils
instanceKlass org/apache/http/nio/conn/NoopIOSessionStrategy
instanceKlass org/apache/http/config/RegistryBuilder
instanceKlass org/apache/http/concurrent/FutureCallback
instanceKlass java/util/concurrent/Future
instanceKlass org/apache/http/pool/PoolEntry
instanceKlass org/apache/http/nio/pool/NIOConnFactory
instanceKlass org/apache/http/nio/pool/SocketAddressResolver
instanceKlass org/apache/http/impl/nio/conn/PoolingNHttpClientConnectionManager
instanceKlass org/apache/http/pool/ConnPoolControl
instanceKlass java/util/concurrent/ConcurrentLinkedQueue$Node
instanceKlass org/apache/http/impl/nio/reactor/AbstractMultiworkerIOReactor$Worker
instanceKlass org/apache/http/impl/nio/reactor/AbstractIOReactor
instanceKlass org/apache/http/impl/nio/reactor/AbstractMultiworkerIOReactor$DefaultThreadFactory
instanceKlass java/nio/BufferMismatch
instanceKlass java/nio/channels/spi/AbstractInterruptibleChannel$1
instanceKlass sun/nio/ch/Interruptible
instanceKlass jdk/net/ExtendedSocketOptions$2
instanceKlass jdk/net/ExtendedSocketOptions$PlatformSocketOptions
instanceKlass jdk/net/ExtendedSocketOptions$ExtSocketOption
instanceKlass java/net/SocketOption
instanceKlass jdk/net/ExtendedSocketOptions
instanceKlass sun/net/ext/ExtendedSocketOptions
instanceKlass sun/nio/ch/Net$1
instanceKlass sun/nio/ch/Net
instanceKlass java/net/SocketAddress
instanceKlass java/net/ProtocolFamily
instanceKlass com/sun/security/sasl/Provider$1
instanceKlass  @bci sun/security/provider/certpath/ldap/JdkLDAP <init> ()V 15 <appendix> member <vmtarget> ; # sun/security/provider/certpath/ldap/JdkLDAP$$Lambda+0x0000022aba0a5790
instanceKlass sun/security/smartcardio/SunPCSC$1
instanceKlass com/sun/security/sasl/gsskerb/JdkSASL$1
instanceKlass  @bci sun/security/jgss/SunProvider <init> ()V 15 <appendix> member <vmtarget> ; # sun/security/jgss/SunProvider$$Lambda+0x0000022aba091248
instanceKlass sun/security/mscapi/SunMSCAPI$2
instanceKlass sun/security/mscapi/SunMSCAPI$1
instanceKlass  @bci sun/security/pkcs11/SunPKCS11 register (Lsun/security/pkcs11/SunPKCS11$Descriptor;)V 27 <appendix> argL0 ; # sun/security/pkcs11/SunPKCS11$$Lambda+0x0000022aba088c00
instanceKlass sun/security/pkcs11/SunPKCS11$Descriptor
instanceKlass javax/security/auth/callback/CallbackHandler
instanceKlass javax/security/auth/Subject
instanceKlass org/jcp/xml/dsig/internal/dom/XMLDSigRI$2
instanceKlass org/jcp/xml/dsig/internal/dom/XMLDSigRI$1
instanceKlass sun/net/NetProperties$1
instanceKlass sun/net/NetProperties
instanceKlass  @bci sun/nio/ch/UnixDomainSocketsUtil getTempDir ()Ljava/lang/String; 0 <appendix> argL0 ; # sun/nio/ch/UnixDomainSocketsUtil$$Lambda+0x0000022aba0a3c68
instanceKlass sun/nio/ch/UnixDomainSocketsUtil
instanceKlass sun/nio/ch/UnixDomainSockets
instanceKlass sun/nio/ch/PipeImpl$Initializer$LoopbackConnector
instanceKlass sun/nio/ch/PipeImpl$Initializer
instanceKlass java/nio/channels/Pipe
instanceKlass sun/nio/ch/WEPoll
instanceKlass sun/nio/ch/Util$2
instanceKlass  @bci sun/nio/ch/DefaultSelectorProvider <clinit> ()V 0 <appendix> argL0 ; # sun/nio/ch/DefaultSelectorProvider$$Lambda+0x0000022aba0a1ee0
instanceKlass sun/nio/ch/DefaultSelectorProvider
instanceKlass  @bci java/nio/channels/spi/SelectorProvider$Holder provider ()Ljava/nio/channels/spi/SelectorProvider; 0 <appendix> argL0 ; # java/nio/channels/spi/SelectorProvider$Holder$$Lambda+0x0000022aba0a1608
instanceKlass java/nio/channels/spi/SelectorProvider$Holder
instanceKlass java/nio/channels/spi/SelectorProvider
instanceKlass java/nio/channels/Selector
instanceKlass org/apache/http/params/AbstractHttpParams
instanceKlass org/apache/http/params/HttpParamsNames
instanceKlass org/apache/http/nio/reactor/SessionRequest
instanceKlass org/apache/http/params/HttpParams
instanceKlass org/apache/http/impl/nio/reactor/AbstractMultiworkerIOReactor
instanceKlass org/apache/http/nio/reactor/ConnectingIOReactor
instanceKlass org/apache/http/nio/reactor/IOReactor
instanceKlass org/apache/http/impl/nio/client/IOReactorUtils
instanceKlass org/apache/http/impl/nio/reactor/IOReactorConfig$Builder
instanceKlass org/apache/http/impl/nio/reactor/IOReactorConfig
instanceKlass java/util/ComparableTimSort
instanceKlass org/apache/http/conn/ssl/AbstractVerifier
instanceKlass org/apache/http/nio/reactor/ssl/SSLSetupHandler
instanceKlass org/apache/http/nio/reactor/IOSession
instanceKlass org/apache/http/conn/ssl/X509HostnameVerifier
instanceKlass org/apache/http/nio/conn/ssl/SSLIOSessionStrategy
instanceKlass  @bci java/lang/Class methodToString (Ljava/lang/String;[Ljava/lang/Class;)Ljava/lang/String; 42 <appendix> argL0 ; # java/lang/Class$$Lambda+0x0000022aba0a0608
# instanceKlass java/lang/invoke/LambdaForm$MH+0x0000022aba088800
instanceKlass org/apache/commons/logging/impl/Log4JLogger
instanceKlass org/apache/commons/logging/Log
instanceKlass org/apache/commons/logging/impl/LogFactoryImpl$1
instanceKlass org/apache/commons/logging/impl/LogFactoryImpl$2
instanceKlass org/apache/commons/logging/LogFactory$2
instanceKlass org/apache/commons/logging/LogFactory$3
instanceKlass org/apache/commons/logging/LogFactory$4
instanceKlass org/apache/commons/logging/impl/WeakHashtable$Referenced
instanceKlass org/apache/commons/logging/LogFactory$1
instanceKlass org/apache/commons/logging/LogFactory$6
instanceKlass org/apache/commons/logging/LogFactory
instanceKlass org/apache/http/conn/ssl/DefaultHostnameVerifier
instanceKlass sun/security/provider/AbstractDrbg$NonceProvider
instanceKlass  @bci sun/security/provider/AbstractDrbg$SeederHolder <clinit> ()V 42 <appendix> member <vmtarget> ; # sun/security/provider/AbstractDrbg$SeederHolder$$Lambda+0x0000022aba0fe168
instanceKlass  @cpi sun/security/provider/AbstractDrbg$SeederHolder 91 form vmentry <vmtarget> ; # java/lang/invoke/LambdaForm$DMH+0x0000022aba088400
# instanceKlass java/lang/invoke/LambdaForm$DMH+0x0000022aba088000
instanceKlass java/nio/file/Files$AcceptAllFilter
instanceKlass java/net/NetworkInterface$1
instanceKlass java/net/DefaultInterface
instanceKlass java/net/Inet6Address$Inet6AddressHolder
instanceKlass java/net/InetAddress$PlatformResolver
instanceKlass java/net/spi/InetAddressResolver
instanceKlass java/net/spi/InetAddressResolver$LookupPolicy
instanceKlass java/net/Inet4AddressImpl
instanceKlass java/net/Inet6AddressImpl
instanceKlass java/net/InetAddressImpl
instanceKlass java/util/concurrent/ConcurrentSkipListMap$Node
instanceKlass java/util/concurrent/ConcurrentSkipListMap$Index
instanceKlass java/util/concurrent/ConcurrentNavigableMap
instanceKlass java/net/InetAddress$InetAddressHolder
instanceKlass java/net/InetAddress$1
instanceKlass jdk/internal/access/JavaNetInetAddressAccess
instanceKlass java/net/InterfaceAddress
instanceKlass sun/security/provider/ByteArrayAccess$BE
instanceKlass sun/security/provider/ByteArrayAccess
instanceKlass sun/security/provider/SeedGenerator$1
instanceKlass sun/security/provider/SeedGenerator
instanceKlass sun/security/provider/AbstractDrbg$SeederHolder
instanceKlass java/security/DrbgParameters$NextBytes
instanceKlass  @bci sun/security/provider/AbstractDrbg <clinit> ()V 12 <appendix> argL0 ; # sun/security/provider/AbstractDrbg$$Lambda+0x0000022aba0fc658
instanceKlass  @cpi sun/security/provider/AbstractDrbg 383 form vmentry <vmtarget> ; # java/lang/invoke/LambdaForm$DMH+0x0000022aba087c00
# instanceKlass java/lang/invoke/LambdaForm$DMH+0x0000022aba087800
instanceKlass sun/security/provider/EntropySource
instanceKlass sun/security/provider/AbstractDrbg
instanceKlass java/security/DrbgParameters$Instantiation
instanceKlass java/security/DrbgParameters
instanceKlass sun/security/provider/MoreDrbgParameters
instanceKlass  @bci sun/security/provider/DRBG <init> (Ljava/security/SecureRandomParameters;)V 26 <appendix> argL0 ; # sun/security/provider/DRBG$$Lambda+0x0000022aba0fb0f8
instanceKlass java/security/SecureRandomSpi
instanceKlass java/util/AbstractList$Itr
instanceKlass  @bci sun/security/ssl/SSLContextImpl engineInit ([Ljavax/net/ssl/KeyManager;[Ljavax/net/ssl/TrustManager;Ljava/security/SecureRandom;)V 57 <appendix> argL0 ; # sun/security/ssl/SSLContextImpl$$Lambda+0x0000022aba0fa800
instanceKlass javax/net/ssl/X509ExtendedTrustManager
instanceKlass javax/net/ssl/X509TrustManager
instanceKlass javax/net/ssl/TrustManager
instanceKlass sun/security/validator/TrustStoreUtil
# instanceKlass java/lang/invoke/LambdaForm$MH+0x0000022aba087400
# instanceKlass java/lang/invoke/LambdaForm$MH+0x0000022aba087000
# instanceKlass java/lang/invoke/LambdaForm$MH+0x0000022aba086c00
# instanceKlass java/lang/invoke/LambdaForm$DMH+0x0000022aba086800
instanceKlass java/lang/invoke/MethodHandle$1
instanceKlass sun/security/x509/NetscapeCertTypeExtension$MapEntry
instanceKlass sun/security/x509/RFC822Name
instanceKlass sun/security/x509/DistributionPoint
instanceKlass java/security/cert/PolicyQualifierInfo
instanceKlass sun/security/x509/DNSName
instanceKlass sun/security/x509/URIName
instanceKlass sun/security/x509/GeneralName
instanceKlass sun/security/x509/AccessDescription
instanceKlass java/security/interfaces/ECPublicKey
instanceKlass java/security/PKCS12Attribute
instanceKlass java/security/KeyStore$Entry$Attribute
instanceKlass sun/security/pkcs12/PKCS12KeyStore$Entry
instanceKlass sun/util/logging/PlatformLogger
instanceKlass sun/util/logging/PlatformLogger$ConfigurableBridge$LoggerConfiguration
instanceKlass jdk/internal/logger/BootstrapLogger$RedirectedLoggers
instanceKlass jdk/internal/logger/LazyLoggers$LazyLoggerAccessor
instanceKlass jdk/internal/logger/LazyLoggers$LoggerAccessor
instanceKlass jdk/internal/logger/AbstractLoggerWrapper
instanceKlass sun/util/logging/internal/LoggingProviderImpl$LogManagerAccess
instanceKlass jdk/internal/logger/BootstrapLogger$DetectBackend$1
instanceKlass jdk/internal/logger/BootstrapLogger$DetectBackend
instanceKlass jdk/internal/logger/BootstrapLogger
instanceKlass sun/util/logging/PlatformLogger$ConfigurableBridge
instanceKlass sun/util/logging/PlatformLogger$Bridge
instanceKlass jdk/internal/logger/DefaultLoggerFinder$1
instanceKlass java/lang/System$LoggerFinder
instanceKlass jdk/internal/logger/LazyLoggers$LazyLoggerFactories
instanceKlass jdk/internal/logger/LazyLoggers$1
instanceKlass jdk/internal/logger/LazyLoggers
instanceKlass jdk/internal/event/EventHelper$ThreadTrackHolder
instanceKlass java/util/jar/JarFile$ThreadTrackHolder
instanceKlass java/lang/System$Logger
instanceKlass jdk/internal/event/EventHelper
instanceKlass sun/security/jca/JCAUtil
instanceKlass sun/security/util/MemoryCache$CacheEntry
instanceKlass sun/security/x509/CertificatePolicyId
instanceKlass sun/security/x509/PolicyInformation
instanceKlass sun/security/x509/GeneralNames
instanceKlass sun/security/x509/KeyIdentifier
# instanceKlass java/lang/invoke/LambdaForm$MH+0x0000022aba086400
instanceKlass sun/security/x509/OIDMap$OIDInfo
instanceKlass sun/security/x509/PKIXExtensions
instanceKlass sun/security/x509/OIDMap
instanceKlass sun/security/x509/Extension
instanceKlass java/security/cert/Extension
instanceKlass sun/security/x509/CertificateExtensions
instanceKlass sun/security/rsa/RSAUtil
instanceKlass java/security/interfaces/RSAPublicKey
instanceKlass java/security/interfaces/RSAKey
instanceKlass java/security/spec/PSSParameterSpec
instanceKlass java/security/spec/RSAPrivateKeySpec
instanceKlass java/security/spec/RSAPublicKeySpec
instanceKlass  @bci java/security/spec/EncodedKeySpec <clinit> ()V 0 <appendix> argL0 ; # java/security/spec/EncodedKeySpec$$Lambda+0x0000022aba0ed720
instanceKlass  @cpi java/security/spec/EncodedKeySpec 79 form vmentry <vmtarget> ; # java/lang/invoke/LambdaForm$DMH+0x0000022aba086000
instanceKlass jdk/internal/access/JavaSecuritySpecAccess
instanceKlass java/security/spec/EncodedKeySpec
instanceKlass java/security/spec/KeySpec
instanceKlass sun/security/util/BitArray
instanceKlass sun/security/x509/X509Key
instanceKlass sun/security/x509/CertificateX509Key
instanceKlass sun/security/x509/CertificateValidity
instanceKlass sun/security/x509/AVA
instanceKlass sun/security/x509/RDN
instanceKlass javax/security/auth/x500/X500Principal
instanceKlass  @bci sun/security/x509/X500Name <clinit> ()V 153 <appendix> argL0 ; # sun/security/x509/X500Name$$Lambda+0x0000022aba0eb618
instanceKlass sun/security/x509/X500Name
instanceKlass sun/security/x509/GeneralNameInterface
instanceKlass sun/security/x509/CertificateAlgorithmId
instanceKlass sun/security/x509/SerialNumber
instanceKlass sun/security/x509/CertificateSerialNumber
instanceKlass sun/security/x509/CertificateVersion
instanceKlass sun/security/x509/X509CertInfo
instanceKlass sun/security/x509/AlgorithmId
instanceKlass java/security/cert/X509Extension
instanceKlass sun/security/util/Cache$EqualByteArray
instanceKlass java/security/cert/CertificateFactorySpi
instanceKlass java/security/cert/CertificateFactory
instanceKlass sun/security/pkcs/ContentInfo
instanceKlass sun/security/util/IOUtils
instanceKlass sun/security/util/DerInputStream
instanceKlass sun/security/util/DerValue
instanceKlass java/util/Collections$SynchronizedMap
instanceKlass sun/security/action/OpenFileInputStreamAction
instanceKlass  @bci sun/security/util/KeyStoreDelegator <init> (Ljava/lang/String;Ljava/lang/Class;Ljava/lang/String;Ljava/lang/Class;)V 4 <appendix> argL0 ; # sun/security/util/KeyStoreDelegator$$Lambda+0x0000022aba0e7ba0
instanceKlass java/security/KeyStoreSpi
instanceKlass  @bci java/security/KeyStore getDefaultType ()Ljava/lang/String; 0 <appendix> argL0 ; # java/security/KeyStore$$Lambda+0x0000022aba0e6898
instanceKlass java/security/KeyStore
instanceKlass sun/security/ssl/TrustStoreManager$TrustStoreDescriptor$1
instanceKlass sun/security/util/FilePaths
instanceKlass sun/security/ssl/TrustStoreManager$TrustStoreDescriptor
instanceKlass sun/security/ssl/TrustStoreManager$TrustAnchorManager
instanceKlass sun/security/ssl/TrustStoreManager
instanceKlass javax/net/ssl/TrustManagerFactorySpi
instanceKlass  @bci javax/net/ssl/TrustManagerFactory getDefaultAlgorithm ()Ljava/lang/String; 0 <appendix> argL0 ; # javax/net/ssl/TrustManagerFactory$$Lambda+0x0000022aba0e5370
instanceKlass javax/net/ssl/TrustManagerFactory
instanceKlass javax/net/ssl/X509ExtendedKeyManager
instanceKlass javax/net/ssl/X509KeyManager
instanceKlass javax/net/ssl/KeyManager
instanceKlass sun/security/util/Cache
instanceKlass sun/security/ssl/SSLSessionContextImpl
instanceKlass javax/net/ssl/SSLSessionContext
instanceKlass sun/security/ssl/EphemeralKeyManager$EphemeralKeyPair
instanceKlass sun/security/ssl/EphemeralKeyManager
instanceKlass sun/security/ssl/SSLContextImpl$CustomizedSSLProtocols
instanceKlass java/security/spec/NamedParameterSpec
instanceKlass sun/security/util/ECKeySizeParameterSpec
instanceKlass java/security/AlgorithmParametersSpi
instanceKlass java/security/AlgorithmParameters
instanceKlass sun/security/util/ECUtil
instanceKlass java/security/KeyPairGeneratorSpi
instanceKlass java/security/PublicKey
instanceKlass java/security/PrivateKey
instanceKlass javax/security/auth/Destroyable
instanceKlass java/security/KeyFactorySpi
instanceKlass java/security/KeyFactory
instanceKlass javax/crypto/KeyAgreement
instanceKlass sun/security/util/MessageDigestSpi2
instanceKlass sun/security/jca/GetInstance$Instance
instanceKlass java/security/MessageDigestSpi
instanceKlass jdk/internal/foreign/MemorySessionImpl
instanceKlass java/lang/foreign/MemorySegment$Scope
instanceKlass java/security/interfaces/ECKey
instanceKlass java/security/Key
instanceKlass java/security/Signature$1
instanceKlass jdk/internal/access/JavaSecuritySignatureAccess
instanceKlass java/security/SignatureSpi
instanceKlass sun/security/ssl/JsseJce$EcAvailability
instanceKlass sun/security/ssl/SSLAlgorithmDecomposer$1
instanceKlass sun/security/ssl/Utilities
instanceKlass sun/security/ssl/JsseJce
instanceKlass sun/security/ssl/NamedGroup$XDHScheme
instanceKlass sun/security/ssl/NamedGroup$FFDHEScheme
instanceKlass sun/security/ssl/NamedGroup$ECDHEScheme
instanceKlass sun/security/ssl/NamedGroup$NamedGroupScheme
instanceKlass sun/security/ssl/SSLCipher$1
instanceKlass sun/security/ssl/SSLCipher$T13CC20P1305WriteCipherGenerator
instanceKlass sun/security/ssl/SSLCipher$T12CC20P1305WriteCipherGenerator
instanceKlass sun/security/ssl/SSLCipher$T13CC20P1305ReadCipherGenerator
instanceKlass sun/security/ssl/SSLCipher$T12CC20P1305ReadCipherGenerator
instanceKlass sun/security/ssl/SSLCipher$T13GcmWriteCipherGenerator
instanceKlass sun/security/ssl/SSLCipher$T13GcmReadCipherGenerator
instanceKlass sun/security/ssl/SSLCipher$T12GcmWriteCipherGenerator
instanceKlass sun/security/ssl/SSLCipher$T12GcmReadCipherGenerator
instanceKlass com/sun/crypto/provider/AESConstants
instanceKlass  @bci javax/crypto/JceSecurityManager <clinit> ()V 67 <appendix> argL0 ; # javax/crypto/JceSecurityManager$$Lambda+0x0000022aba0d8168
instanceKlass  @bci javax/crypto/JceSecurityManager <clinit> ()V 49 <appendix> argL0 ; # javax/crypto/JceSecurityManager$$Lambda+0x0000022aba0d7f48
instanceKlass javax/crypto/JceSecurityManager
instanceKlass sun/security/ssl/SSLCipher$T11BlockWriteCipherGenerator
instanceKlass sun/security/ssl/SSLCipher$T11BlockReadCipherGenerator
instanceKlass com/sun/crypto/provider/PKCS5Padding
instanceKlass com/sun/crypto/provider/Padding
instanceKlass com/sun/crypto/provider/FeedbackCipher
instanceKlass com/sun/crypto/provider/SymmetricCipher
instanceKlass com/sun/crypto/provider/DESConstants
instanceKlass com/sun/crypto/provider/CipherCore
instanceKlass sun/security/ssl/SSLCipher$T10BlockWriteCipherGenerator
instanceKlass sun/security/ssl/SSLCipher$T10BlockReadCipherGenerator
instanceKlass javax/crypto/CipherSpi
instanceKlass javax/crypto/ProviderVerifier
instanceKlass java/lang/Class$Holder
instanceKlass javax/crypto/JceSecurity$3
instanceKlass javax/crypto/JceSecurity$2
instanceKlass javax/crypto/CryptoPolicyParser$CryptoPermissionEntry
instanceKlass javax/crypto/CryptoPolicyParser$GrantEntry
instanceKlass sun/nio/ch/IOStatus
instanceKlass sun/nio/ch/Util$BufferCache
instanceKlass sun/nio/ch/Util
instanceKlass sun/nio/ch/NativeThread
instanceKlass javax/crypto/CryptoPolicyParser
instanceKlass java/nio/channels/NetworkChannel
instanceKlass sun/nio/ch/SelChImpl
instanceKlass sun/nio/ch/Streams
instanceKlass java/nio/channels/Channels
instanceKlass sun/nio/ch/FileChannelImpl$Closer
instanceKlass sun/nio/ch/NativeThreadSet
instanceKlass sun/nio/ch/IOUtil
instanceKlass sun/nio/ch/NativeDispatcher
instanceKlass java/nio/channels/spi/AbstractInterruptibleChannel
instanceKlass java/nio/channels/InterruptibleChannel
instanceKlass java/nio/channels/ScatteringByteChannel
instanceKlass java/nio/channels/GatheringByteChannel
instanceKlass java/nio/channels/SeekableByteChannel
instanceKlass java/nio/channels/ByteChannel
instanceKlass java/nio/channels/WritableByteChannel
instanceKlass java/nio/channels/ReadableByteChannel
instanceKlass java/nio/channels/Channel
instanceKlass sun/nio/fs/WindowsSecurityDescriptor
instanceKlass java/nio/file/attribute/FileAttribute
instanceKlass sun/nio/fs/BasicFileAttributesHolder
instanceKlass sun/nio/fs/WindowsDirectoryStream$WindowsDirectoryIterator
instanceKlass java/nio/file/Files$1
instanceKlass java/nio/file/DirectoryStream$Filter
instanceKlass sun/nio/fs/WindowsFileSystem$2
instanceKlass java/nio/file/PathMatcher
instanceKlass sun/nio/fs/Globs
instanceKlass sun/nio/fs/WindowsDirectoryStream
instanceKlass java/nio/file/DirectoryStream
instanceKlass sun/nio/fs/WindowsChannelFactory$Flags
instanceKlass sun/nio/fs/WindowsChannelFactory$1
instanceKlass sun/nio/fs/WindowsChannelFactory
instanceKlass sun/nio/fs/WindowsFileSystemProvider$1
instanceKlass javax/crypto/JceSecurity$1
instanceKlass javax/crypto/JceSecurity
instanceKlass sun/security/jca/ProviderList$ServiceList$1
instanceKlass sun/security/jca/ServiceId
instanceKlass javax/crypto/Cipher$Transform
instanceKlass javax/crypto/Cipher
instanceKlass sun/security/ssl/SSLCipher$StreamWriteCipherGenerator
instanceKlass sun/security/ssl/SSLCipher$StreamReadCipherGenerator
instanceKlass sun/security/ssl/SSLCipher$NullWriteCipherGenerator
instanceKlass sun/security/ssl/SSLCipher$WriteCipherGenerator
instanceKlass sun/security/ssl/SSLCipher$NullReadCipherGenerator
instanceKlass sun/security/ssl/SSLCipher$ReadCipherGenerator
instanceKlass java/time/zone/ZoneOffsetTransition
instanceKlass java/time/zone/ZoneOffsetTransitionRule
instanceKlass  @bci java/util/regex/CharPredicates ASCII_SPACE ()Ljava/util/regex/Pattern$BmpCharPredicate; 0 <appendix> argL0 ; # java/util/regex/CharPredicates$$Lambda+0x800000026
instanceKlass sun/security/util/DisabledAlgorithmConstraints$Constraints$Holder
instanceKlass sun/security/util/DisabledAlgorithmConstraints$Constraint
instanceKlass sun/security/util/DisabledAlgorithmConstraints$Constraints
instanceKlass sun/security/util/AbstractAlgorithmConstraints$1
instanceKlass sun/security/util/AlgorithmDecomposer
instanceKlass sun/security/util/AbstractAlgorithmConstraints
instanceKlass sun/security/ssl/SSLAlgorithmConstraints
instanceKlass java/security/AlgorithmConstraints
instanceKlass sun/security/ssl/SSLLogger
instanceKlass jdk/internal/event/Event
instanceKlass  @bci sun/security/ssl/SunJSSE registerAlgorithms ()V 1 <appendix> member <vmtarget> ; # sun/security/ssl/SunJSSE$$Lambda+0x0000022aba0c2680
instanceKlass java/security/spec/ECFieldF2m
instanceKlass sun/security/util/ObjectIdentifier
instanceKlass sun/security/util/ByteArrayTagOrder
instanceKlass sun/security/util/ByteArrayLexOrder
instanceKlass sun/security/util/DerEncoder
instanceKlass java/security/spec/ECParameterSpec
instanceKlass java/security/spec/AlgorithmParameterSpec
instanceKlass java/security/spec/ECPoint
instanceKlass java/security/spec/EllipticCurve
instanceKlass java/security/spec/ECFieldFp
instanceKlass java/security/spec/ECField
instanceKlass sun/security/util/CurveDB
instanceKlass sun/security/ec/SunEC$1
instanceKlass sun/security/jca/ProviderConfig$ProviderLoader
instanceKlass sun/security/jca/ProviderConfig$3
instanceKlass sun/security/rsa/SunRsaSignEntries
instanceKlass sun/security/util/SecurityProviderConstants
instanceKlass java/security/Provider$UString
instanceKlass java/security/Provider$Service
instanceKlass sun/security/provider/NativePRNG$NonBlocking
instanceKlass sun/security/provider/NativePRNG$Blocking
instanceKlass sun/security/provider/NativePRNG
instanceKlass sun/security/provider/SunEntries$1
instanceKlass sun/security/provider/SunEntries
instanceKlass sun/security/util/SecurityConstants
instanceKlass java/security/Security$1
instanceKlass jdk/internal/access/JavaSecurityPropertiesAccess
instanceKlass  @bci java/security/Security <clinit> ()V 9 <appendix> argL0 ; # java/security/Security$$Lambda+0x80000000b
instanceKlass java/security/Security
instanceKlass sun/security/jca/ProviderList$2
instanceKlass jdk/internal/math/FloatingDecimal$ASCIIToBinaryBuffer
instanceKlass javax/security/auth/login/Configuration$Parameters
instanceKlass java/security/Policy$Parameters
instanceKlass java/security/cert/CertStoreParameters
instanceKlass java/security/SecureRandomParameters
instanceKlass java/security/Provider$EngineDescription
instanceKlass java/security/Provider$ServiceKey
instanceKlass sun/security/jca/ProviderConfig
instanceKlass sun/security/jca/ProviderList
instanceKlass sun/security/jca/Providers
instanceKlass sun/security/jca/GetInstance
instanceKlass javax/net/ssl/SSLContextSpi
instanceKlass javax/net/ssl/SSLContext
instanceKlass org/apache/http/ssl/SSLContexts
instanceKlass org/apache/http/conn/util/PublicSuffixMatcher
instanceKlass org/apache/http/conn/util/PublicSuffixList
instanceKlass org/apache/http/conn/util/PublicSuffixListParser
instanceKlass org/apache/http/conn/util/PublicSuffixMatcherLoader
instanceKlass org/apache/http/client/config/RequestConfig$Builder
instanceKlass org/apache/http/client/config/RequestConfig
instanceKlass org/apache/http/nio/client/HttpPipeliningClient
instanceKlass org/apache/http/impl/nio/client/InternalClientExec
instanceKlass org/apache/http/nio/NHttpClientEventHandler
instanceKlass org/apache/http/client/RedirectStrategy
instanceKlass org/apache/http/client/CredentialsProvider
instanceKlass org/apache/http/client/CookieStore
instanceKlass org/apache/http/config/Lookup
instanceKlass org/apache/http/HttpResponseInterceptor
instanceKlass org/apache/http/HttpRequestInterceptor
instanceKlass org/apache/http/conn/SchemePortResolver
instanceKlass org/apache/http/client/UserTokenHandler
instanceKlass org/apache/http/client/AuthenticationStrategy
instanceKlass org/apache/http/conn/ConnectionKeepAliveStrategy
instanceKlass org/apache/http/ConnectionReuseStrategy
instanceKlass org/apache/http/nio/conn/NHttpClientConnectionManager
instanceKlass org/apache/http/nio/conn/SchemeIOSessionStrategy
instanceKlass javax/net/ssl/HostnameVerifier
instanceKlass org/apache/http/impl/nio/client/HttpAsyncClientBuilder
instanceKlass  @bci org/piwik/java/tracking/HttpClientFactory getAsyncInstanceFor (Ljava/lang/String;II)Lorg/apache/http/impl/nio/client/CloseableHttpAsyncClient; 13 <appendix> argL0 ; # org/piwik/java/tracking/HttpClientFactory$$Lambda+0x0000022aba03bd48
instanceKlass org/apache/http/impl/nio/client/CloseableHttpAsyncClient
instanceKlass org/apache/http/nio/client/HttpAsyncClient
instanceKlass org/piwik/java/tracking/HttpClientFactory$KeyEntry
instanceKlass org/apache/http/client/HttpClient
instanceKlass org/apache/http/conn/routing/HttpRoutePlanner
instanceKlass org/piwik/java/tracking/HttpClientFactory
instanceKlass java/net/spi/URLStreamHandlerProvider
instanceKlass java/net/URL$1
instanceKlass java/net/URL$2
instanceKlass jdk/internal/misc/ThreadTracker
instanceKlass java/net/URL$ThreadTrackHolder
instanceKlass  @bci javax/xml/datatype/FactoryFinder newInstance (Ljava/lang/Class;Ljava/lang/String;Ljava/lang/ClassLoader;ZZ)Ljava/lang/Object; 104 <appendix> member <vmtarget> ; # javax/xml/datatype/FactoryFinder$$Lambda+0x0000022aba0757a0
instanceKlass  @bci jdk/xml/internal/SecuritySupport getContextClassLoader ()Ljava/lang/ClassLoader; 0 <appendix> argL0 ; # jdk/xml/internal/SecuritySupport$$Lambda+0x0000022aba0752d0
instanceKlass  @bci javax/xml/datatype/FactoryFinder find (Ljava/lang/Class;Ljava/lang/String;)Ljava/lang/Object; 104 <appendix> member <vmtarget> ; # javax/xml/datatype/FactoryFinder$$Lambda+0x0000022aba0750a8
instanceKlass jdk/internal/loader/URLClassPath$1
instanceKlass java/lang/CompoundEnumeration
instanceKlass jdk/internal/loader/BuiltinClassLoader$1
instanceKlass java/util/Spliterators$1Adapter
instanceKlass javax/xml/datatype/FactoryFinder$1
instanceKlass  @bci jdk/xml/internal/SecuritySupport getFileInputStream (Ljava/io/File;)Ljava/io/FileInputStream; 1 <appendix> member <vmtarget> ; # jdk/xml/internal/SecuritySupport$$Lambda+0x0000022aba074a58
instanceKlass  @bci jdk/xml/internal/SecuritySupport doesFileExist (Ljava/io/File;)Z 1 <appendix> member <vmtarget> ; # jdk/xml/internal/SecuritySupport$$Lambda+0x0000022aba074830
instanceKlass  @bci javax/xml/datatype/FactoryFinder find (Ljava/lang/Class;Ljava/lang/String;)Ljava/lang/Object; 6 <appendix> member <vmtarget> ; # javax/xml/datatype/FactoryFinder$$Lambda+0x0000022aba074608
instanceKlass  @bci jdk/xml/internal/SecuritySupport getSystemProperty (Ljava/lang/String;)Ljava/lang/String; 1 <appendix> member <vmtarget> ; # jdk/xml/internal/SecuritySupport$$Lambda+0x0000022aba0743e0
instanceKlass jdk/xml/internal/SecuritySupport
instanceKlass javax/xml/datatype/FactoryFinder
instanceKlass  @bci java/util/regex/Pattern DOT ()Ljava/util/regex/Pattern$CharPredicate; 0 <appendix> argL0 ; # java/util/regex/Pattern$$Lambda+0x0000022aba073d70
instanceKlass  @bci java/util/regex/Pattern negate (Ljava/util/regex/Pattern$CharPredicate;)Ljava/util/regex/Pattern$CharPredicate; 1 <appendix> member <vmtarget> ; # java/util/regex/Pattern$$Lambda+0x800000031
instanceKlass javax/xml/datatype/DatatypeFactory
instanceKlass javax/xml/bind/DatatypeConverterImpl
instanceKlass javax/xml/bind/DatatypeConverterInterface
instanceKlass javax/xml/bind/DatatypeConverter
instanceKlass java/util/Random
instanceKlass java/util/random/RandomGenerator
instanceKlass javax/json/JsonValue
instanceKlass org/piwik/java/tracking/PiwikRequest
instanceKlass sun/nio/cs/ThreadLocalCoders$Cache
instanceKlass sun/nio/cs/ThreadLocalCoders
instanceKlass org/apache/http/message/ParserCursor
instanceKlass org/apache/http/util/Args
instanceKlass java/util/BitSet
instanceKlass org/apache/http/client/utils/URLEncodedUtils
instanceKlass org/apache/http/Consts
instanceKlass org/apache/http/client/utils/URIBuilder
instanceKlass org/apache/http/HttpEntity
instanceKlass org/apache/http/client/methods/HttpUriRequest
instanceKlass org/apache/http/HttpRequest
instanceKlass org/apache/http/HttpMessage
instanceKlass org/piwik/java/tracking/PiwikTracker
instanceKlass org/fusesource/jansi/Ansi$1
instanceKlass org/fusesource/jansi/Ansi
instanceKlass sun/nio/fs/WindowsPath$1
instanceKlass java/util/Formatter$FixedString
instanceKlass dev/skidfuscator/obfuscator/exempt/SimpleExemptAnalysis
instanceKlass dev/skidfuscator/obfuscator/exempt/ExemptAnalysis
instanceKlass dev/skidfuscator/obfuscator/exempt/ExemptManager
instanceKlass dev/skidfuscator/obfuscator/util/misc/Counter
instanceKlass dev/skidfuscator/obfuscator/dependency/DependencyDownloader
instanceKlass org/objectweb/asm/signature/SignatureVisitor
instanceKlass org/objectweb/asm/commons/Remapper
instanceKlass dev/skidfuscator/obfuscator/SkidfuscatorSession$SkidfuscatorSessionBuilder
instanceKlass dev/skidfuscator/obfuscator/SkidfuscatorSession
instanceKlass java/io/FileOutputStream$1
instanceKlass dev/skidfuscator/migration/AbstractMigration
instanceKlass dev/skidfuscator/migration/Migration
# instanceKlass java/lang/invoke/LambdaForm$MH+0x0000022aba039000
instanceKlass org/apache/log4j/spi/LocationInfo
instanceKlass org/apache/log4j/CategoryKey
# instanceKlass java/lang/invoke/LambdaForm$MH+0x0000022aba038c00
# instanceKlass java/lang/invoke/LambdaForm$MH+0x0000022aba038800
# instanceKlass java/lang/invoke/LambdaForm$MH+0x0000022aba038400
# instanceKlass java/lang/invoke/LambdaForm$MH+0x0000022aba038000
# instanceKlass java/lang/invoke/LambdaForm$MH+0x0000022aba033c00
# instanceKlass java/lang/invoke/LambdaForm$MH+0x0000022aba033800
# instanceKlass java/lang/invoke/LambdaForm$DMH+0x0000022aba033400
instanceKlass java/lang/invoke/ClassSpecializer$Factory$1Var
instanceKlass java/lang/invoke/MethodHandles$1
# instanceKlass java/lang/invoke/LambdaForm$DMH+0x0000022aba033000
instanceKlass sun/invoke/util/ValueConversions$1
instanceKlass sun/invoke/util/ValueConversions$WrapperCache
# instanceKlass java/lang/invoke/LambdaForm$DMH+0x0000022aba032c00
instanceKlass org/apache/log4j/helpers/AppenderAttachableImpl
instanceKlass java/util/Vector$1
instanceKlass org/apache/log4j/SortedKeyEnumeration
instanceKlass java/util/Collections$3
instanceKlass org/apache/log4j/spi/Filter
# instanceKlass java/lang/invoke/LambdaForm$MH+0x0000022aba032800
instanceKlass org/apache/log4j/spi/LoggingEvent
instanceKlass java/beans/SimpleBeanInfo
instanceKlass java/beans/Transient
instanceKlass java/util/Collections$UnmodifiableMap$UnmodifiableEntrySet$UnmodifiableEntry
instanceKlass java/beans/BeanProperty
instanceKlass  @bci com/sun/beans/introspect/PropertyInfo get (Ljava/lang/Class;)Ljava/util/Map; 440 <appendix> argL0 ; # com/sun/beans/introspect/PropertyInfo$$Lambda+0x0000022aba06df48
instanceKlass com/sun/beans/WildcardTypeImpl
instanceKlass com/sun/beans/introspect/PropertyInfo
instanceKlass  @bci com/sun/beans/introspect/EventSetInfo get (Ljava/lang/Class;)Ljava/util/Map; 314 <appendix> argL0 ; # com/sun/beans/introspect/EventSetInfo$$Lambda+0x0000022aba06d630
instanceKlass java/util/function/Predicate
instanceKlass com/sun/beans/introspect/EventSetInfo
instanceKlass java/util/stream/ReduceOps$AccumulatingSink
instanceKlass java/util/stream/TerminalSink
instanceKlass java/util/stream/ReduceOps$Box
instanceKlass java/util/stream/ReduceOps$ReduceOp
instanceKlass java/util/stream/TerminalOp
instanceKlass java/util/stream/ReduceOps
instanceKlass  @bci java/util/stream/Collectors joining (Ljava/lang/CharSequence;Ljava/lang/CharSequence;Ljava/lang/CharSequence;)Ljava/util/stream/Collector; 22 <appendix> argL0 ; # java/util/stream/Collectors$$Lambda+0x800000043
instanceKlass  @bci java/util/stream/Collectors joining (Ljava/lang/CharSequence;Ljava/lang/CharSequence;Ljava/lang/CharSequence;)Ljava/util/stream/Collector; 17 <appendix> argL0 ; # java/util/stream/Collectors$$Lambda+0x800000041
instanceKlass java/util/function/BinaryOperator
instanceKlass  @bci java/util/stream/Collectors joining (Ljava/lang/CharSequence;Ljava/lang/CharSequence;Ljava/lang/CharSequence;)Ljava/util/stream/Collector; 12 <appendix> argL0 ; # java/util/stream/Collectors$$Lambda+0x80000003e
instanceKlass java/util/function/BiConsumer
instanceKlass  @bci java/util/stream/Collectors joining (Ljava/lang/CharSequence;Ljava/lang/CharSequence;Ljava/lang/CharSequence;)Ljava/util/stream/Collector; 7 <appendix> member <vmtarget> ; # java/util/stream/Collectors$$Lambda+0x800000046
instanceKlass java/util/stream/Collector
instanceKlass java/util/stream/Collectors
instanceKlass  @bci java/lang/reflect/Executable sharedToGenericString (IZ)Ljava/lang/String; 193 <appendix> argL0 ; # java/lang/reflect/Executable$$Lambda+0x0000022aba06cdf0
instanceKlass  @cpi dev/xdark/ssvm/mirror/member/area/SimpleClassArea 78 form vmentry <vmtarget> ; # java/lang/invoke/LambdaForm$DMH+0x0000022aba032400
instanceKlass java/util/Spliterators$ArraySpliterator
instanceKlass sun/reflect/generics/reflectiveObjects/ParameterizedTypeImpl
instanceKlass sun/reflect/generics/reflectiveObjects/LazyReflectiveObjectGenerator
instanceKlass java/lang/reflect/WildcardType
instanceKlass sun/reflect/generics/tree/MethodTypeSignature
instanceKlass sun/reflect/generics/tree/Wildcard
instanceKlass sun/reflect/generics/tree/BottomSignature
instanceKlass sun/reflect/generics/tree/ClassSignature
instanceKlass sun/reflect/generics/tree/Signature
instanceKlass sun/reflect/generics/tree/FormalTypeParameter
instanceKlass java/lang/reflect/TypeVariable
instanceKlass sun/reflect/generics/repository/AbstractRepository
instanceKlass com/sun/beans/WeakCache
instanceKlass com/sun/beans/TypeResolver
instanceKlass java/beans/MethodRef
instanceKlass com/sun/beans/introspect/MethodInfo$MethodOrder
instanceKlass  @bci java/util/ArrayDeque copyElements (Ljava/util/Collection;)V 2 <appendix> member <vmtarget> ; # java/util/ArrayDeque$$Lambda+0x0000022aba068910
instanceKlass java/io/Externalizable
instanceKlass com/sun/beans/introspect/MethodInfo
instanceKlass com/sun/beans/util/Cache$Ref
instanceKlass com/sun/beans/util/Cache$CacheEntry
instanceKlass com/sun/beans/util/Cache
instanceKlass com/sun/beans/introspect/ClassInfo
instanceKlass javax/swing/SwingContainer
instanceKlass java/beans/JavaBean
instanceKlass  @bci java/beans/Introspector findCustomizerClass (Ljava/lang/Class;)Ljava/lang/Class; 4 <appendix> form vmentry <vmtarget> ; # java/lang/invoke/LambdaForm$MH+0x0000022aba032000
instanceKlass com/sun/beans/finder/ClassFinder
instanceKlass com/sun/beans/finder/InstanceFinder
instanceKlass java/beans/WeakIdentityMap
instanceKlass java/beans/ThreadGroupContext
instanceKlass sun/reflect/misc/ReflectUtil
instanceKlass java/beans/Introspector$1
instanceKlass jdk/internal/access/JavaBeansAccess
instanceKlass java/beans/FeatureDescriptor
instanceKlass java/beans/Introspector
instanceKlass java/util/Hashtable$Enumerator
instanceKlass java/util/concurrent/ConcurrentHashMap$MapEntry
instanceKlass java/util/Collections$SynchronizedCollection
instanceKlass java/util/Properties$EntrySet
instanceKlass java/beans/BeanInfo
instanceKlass org/apache/log4j/config/PropertySetter
instanceKlass org/apache/log4j/helpers/FormattingInfo
instanceKlass org/apache/log4j/helpers/PatternConverter
instanceKlass org/apache/log4j/helpers/PatternParser
instanceKlass org/apache/log4j/helpers/OnlyOnceErrorHandler
instanceKlass org/apache/log4j/Layout
instanceKlass org/apache/log4j/spi/ErrorHandler
instanceKlass org/apache/log4j/AppenderSkeleton
instanceKlass org/apache/log4j/spi/OptionHandler
instanceKlass org/apache/log4j/Appender
instanceKlass java/util/StringTokenizer
instanceKlass java/util/Properties$LineReader
instanceKlass sun/net/www/MessageHeader
instanceKlass sun/net/www/protocol/jar/JarFileFactory
instanceKlass sun/net/www/protocol/jar/URLJarFile$URLJarFileCloseController
instanceKlass java/net/URLConnection
instanceKlass org/apache/log4j/PropertyConfigurator
instanceKlass jdk/internal/loader/BuiltinClassLoader$2
instanceKlass jdk/internal/module/Resources
instanceKlass org/apache/log4j/helpers/LogLog
instanceKlass  @bci jdk/internal/reflect/DirectMethodHandleAccessor invokeImpl (Ljava/lang/Object;[Ljava/lang/Object;Ljava/lang/Class;)Ljava/lang/Object; 136 <adapter> ; # java/lang/invoke/LambdaForm$MH+0x0000022aba031c00
# instanceKlass org/apache/log4j/helpers/Loader$$InjectedInvoker+0x0000022aba031800
instanceKlass java/lang/invoke/MethodHandleImpl$BindCaller$InjectedInvokerHolder
instanceKlass java/lang/invoke/MethodHandleImpl$BindCaller
# instanceKlass java/lang/invoke/LambdaForm$MH+0x0000022aba031400
# instanceKlass java/lang/invoke/LambdaForm$MH+0x0000022aba031000
# instanceKlass java/lang/invoke/LambdaForm$MH+0x0000022aba030c00
# instanceKlass java/lang/invoke/LambdaForm$DMH+0x0000022aba030800
# instanceKlass java/lang/invoke/LambdaForm$DMH+0x0000022aba030400
# instanceKlass java/lang/invoke/LambdaForm$DMH+0x0000022aba030000
instanceKlass java/lang/invoke/MethodHandleImpl$ArrayAccessor
instanceKlass java/lang/invoke/MethodHandleImpl$LoopClauses
instanceKlass java/lang/invoke/MethodHandleImpl$CasesHolder
instanceKlass java/lang/Thread$Builder$OfVirtual
instanceKlass java/lang/Thread$Builder$OfPlatform
instanceKlass java/lang/Thread$Builder
instanceKlass org/apache/log4j/helpers/Loader
instanceKlass org/apache/log4j/spi/Configurator
instanceKlass org/apache/log4j/helpers/OptionConverter
instanceKlass org/apache/log4j/spi/DefaultRepositorySelector
instanceKlass org/apache/log4j/DefaultCategoryFactory
instanceKlass org/apache/log4j/or/DefaultRenderer
instanceKlass org/apache/log4j/or/ObjectRenderer
instanceKlass org/apache/log4j/or/RendererMap
instanceKlass org/apache/log4j/Priority
instanceKlass org/apache/log4j/spi/LoggerFactory
instanceKlass org/apache/log4j/Hierarchy
instanceKlass org/apache/log4j/spi/ThrowableRendererSupport
instanceKlass org/apache/log4j/spi/RendererSupport
instanceKlass org/apache/log4j/spi/RepositorySelector
instanceKlass org/apache/log4j/spi/LoggerRepository
instanceKlass org/apache/log4j/Category
instanceKlass org/apache/log4j/spi/AppenderAttachable
instanceKlass org/apache/log4j/LogManager
instanceKlass dev/skidfuscator/obfuscator/hierarchy/Hierarchy
instanceKlass org/mapleir/deob/dataflow/DataFlowAnalysis
instanceKlass org/mapleir/app/client/ApplicationContext
instanceKlass org/mapleir/app/service/InvocationResolver
instanceKlass org/mapleir/app/service/ClassSource
instanceKlass dev/skidfuscator/obfuscator/predicate/PredicateAnalysis
instanceKlass dev/skidfuscator/obfuscator/event/impl/Event
instanceKlass org/mapleir/asm/ClassNode
instanceKlass org/mapleir/asm/MethodNode
instanceKlass org/mapleir/stdlib/util/IHasJavaDesc
instanceKlass org/mapleir/stdlib/collections/graph/FastGraphVertex
instanceKlass dev/skidfuscator/obfuscator/Skidfuscator$Caller
instanceKlass dev/skidfuscator/obfuscator/event/Listener
instanceKlass org/topdank/byteengineer/commons/data/JarContents
instanceKlass dev/skidfuscator/obfuscator/Skidfuscator
instanceKlass java/io/PrintWriter$1
instanceKlass jdk/internal/access/JavaIOPrintWriterAccess
instanceKlass picocli/CommandLine$ParseResult$GroupValidationResult
instanceKlass picocli/CommandLine$AbbreviationMatcher$MatchResult
instanceKlass picocli/CommandLine$AbbreviationMatcher
instanceKlass jdk/internal/math/FloatingDecimal$PreparedASCIIToBinaryBuffer
instanceKlass jdk/internal/math/FloatingDecimal$ASCIIToBinaryConverter
instanceKlass jdk/internal/math/FloatingDecimal$BinaryToASCIIBuffer
instanceKlass jdk/internal/math/FloatingDecimal$ExceptionalBinaryToASCIIBuffer
instanceKlass jdk/internal/math/FloatingDecimal$BinaryToASCIIConverter
instanceKlass jdk/internal/math/FloatingDecimal
instanceKlass  @bci dev/skidfuscator/obfuscator/number/pure/ImagineBreaker openModule (Ljava/lang/Module;)V 44 <adapter> ; # java/lang/invoke/LambdaForm$MH+0x0000022aba026c00
# instanceKlass java/lang/invoke/LambdaForm$MH+0x0000022aba026800
# instanceKlass java/lang/invoke/LambdaForm$MH+0x0000022aba026400
# instanceKlass java/lang/invoke/LambdaForm$MH+0x0000022aba026000
# instanceKlass java/lang/invoke/LambdaForm$MH+0x0000022aba025c00
instanceKlass  @bci jdk/internal/reflect/MethodHandleIntegerFieldAccessorImpl setInt (Ljava/lang/Object;I)V 41 <adapter> ; # java/lang/invoke/LambdaForm$MH+0x0000022aba025800
instanceKlass  @bci jdk/internal/reflect/MethodHandleBooleanFieldAccessorImpl getBoolean (Ljava/lang/Object;)Z 20 <adapter> ; # java/lang/invoke/LambdaForm$MH+0x0000022aba025400
# instanceKlass java/lang/invoke/LambdaForm$MH+0x0000022aba025000
# instanceKlass java/lang/invoke/LambdaForm$BMH+0x0000022aba024c00
# instanceKlass java/lang/invoke/LambdaForm$DMH+0x0000022aba024800
# instanceKlass java/lang/invoke/LambdaForm$MH+0x0000022aba024400
instanceKlass  @cpi sun/management/spi/PlatformMBeanProvider$PlatformComponent 113 form vmentry <vmtarget> ; # java/lang/invoke/LambdaForm$DMH+0x0000022aba024000
instanceKlass picocli/CommandLine$ParseResult$GroupMatch
instanceKlass picocli/CommandLine$ParseResult$GroupMatchContainer
instanceKlass picocli/CommandLine$ParseResult$Builder
instanceKlass picocli/CommandLine$ParseResult
instanceKlass java/util/concurrent/atomic/AtomicReference
instanceKlass dev/skidfuscator/obfuscator/util/misc/SkidTimedLogger
instanceKlass dev/skidfuscator/logger/TimedLogger
instanceKlass dev/skidfuscator/logger/Logger
instanceKlass dev/skidfuscator/obfuscator/command/MappingsCommand
instanceKlass dev/skidfuscator/obfuscator/command/ObfuscateCommand
instanceKlass java/util/Collections$UnmodifiableMap$UnmodifiableEntrySet$1
instanceKlass java/util/Collections$ReverseComparator2
instanceKlass java/util/Collections$ReverseComparator
instanceKlass picocli/CommandLine$Help$ShortestFirst
instanceKlass picocli/CommandLine$PositionalParametersSorter
instanceKlass picocli/CommandLine$Model$Messages
instanceKlass java/lang/ProcessEnvironment$CheckedEntry
instanceKlass java/lang/ProcessEnvironment$CheckedEntrySet$1
instanceKlass java/lang/ProcessEnvironment$EntryComparator
instanceKlass java/lang/ProcessEnvironment$NameComparator
instanceKlass picocli/CommandLine$Model$ObjectBinding
instanceKlass picocli/CommandLine$Model$ArgSpec$Builder
instanceKlass picocli/CommandLine$Model$FieldBinding
instanceKlass picocli/CommandLine$Model$ObjectScope
instanceKlass java/lang/reflect/ParameterizedType
instanceKlass picocli/CommandLine$Model$RuntimeTypeInfo
instanceKlass picocli/CommandLine$Model$ITypeInfo
instanceKlass picocli/CommandLine$Range
instanceKlass picocli/CommandLine$NullParameterConsumer
instanceKlass picocli/CommandLine$IParameterConsumer
instanceKlass picocli/CommandLine$NoCompletionCandidates
instanceKlass picocli/CommandLine$AutoHelpMixin
instanceKlass picocli/CommandLine$Model
instanceKlass picocli/CommandLine$NoOpModelTransformer
instanceKlass picocli/CommandLine$IModelTransformer
instanceKlass picocli/CommandLine$NoVersionProvider
instanceKlass picocli/CommandLine$IVersionProvider
instanceKlass  @bci sun/reflect/annotation/AnnotationParser parseClassArray (ILjava/nio/ByteBuffer;Ljdk/internal/reflect/ConstantPool;Ljava/lang/Class;)Ljava/lang/Object; 10 <appendix> member <vmtarget> ; # sun/reflect/annotation/AnnotationParser$$Lambda+0x0000022aba05b670
instanceKlass picocli/CommandLine$NoDefaultProvider
instanceKlass picocli/CommandLine$IDefaultValueProvider
instanceKlass picocli/CommandLine$ParentCommand
instanceKlass picocli/CommandLine$Spec
instanceKlass picocli/CommandLine$Mixin
instanceKlass picocli/CommandLine$Unmatched
instanceKlass picocli/CommandLine$ArgGroup
instanceKlass picocli/CommandLine$Parameters
instanceKlass picocli/CommandLine$Option
instanceKlass picocli/CommandLine$Model$MethodBinding
instanceKlass picocli/CommandLine$Model$TypedMember
instanceKlass picocli/CommandLine$Model$IExtensible
instanceKlass picocli/CommandLine$3
instanceKlass jdk/internal/vm/annotation/IntrinsicCandidate
instanceKlass java/lang/annotation/Target
# instanceKlass java/lang/invoke/LambdaForm$MH+0x0000022aba018400
# instanceKlass java/lang/invoke/LambdaForm$MH+0x0000022aba018000
instanceKlass java/lang/reflect/Proxy$ProxyBuilder$1
instanceKlass jdk/internal/org/objectweb/asm/Edge
instanceKlass  @bci java/lang/reflect/ProxyGenerator addProxyMethod (Ljava/lang/reflect/Method;Ljava/lang/Class;)V 23 <appendix> argL0 ; # java/lang/reflect/ProxyGenerator$$Lambda+0x0000022aba059ea0
instanceKlass  @bci java/lang/reflect/ProxyGenerator addProxyMethod (Ljava/lang/reflect/ProxyGenerator$ProxyMethod;)V 10 <appendix> argL0 ; # java/lang/reflect/ProxyGenerator$$Lambda+0x0000022aba059c60
instanceKlass java/util/StringJoiner
instanceKlass java/lang/reflect/ProxyGenerator$ProxyMethod
instanceKlass  @bci java/lang/reflect/Proxy getLoader (Ljava/lang/Module;)Ljava/lang/ClassLoader; 6 <appendix> member <vmtarget> ; # java/lang/reflect/Proxy$$Lambda+0x0000022aba059508
instanceKlass  @bci java/lang/WeakPairMap computeIfAbsent (Ljava/lang/Object;Ljava/lang/Object;Ljava/util/function/BiFunction;)Ljava/lang/Object; 18 <appendix> member <vmtarget> ; # java/lang/WeakPairMap$$Lambda+0x0000022aba0590b0
instanceKlass  @bci java/lang/Module implAddExportsOrOpens (Ljava/lang/String;Ljava/lang/Module;ZZ)V 145 <appendix> argL0 ; # java/lang/Module$$Lambda+0x0000022aba058e80
instanceKlass  @bci java/lang/module/ModuleDescriptor$Builder packages (Ljava/util/Set;)Ljava/lang/module/ModuleDescriptor$Builder; 17 <appendix> argL0 ; # java/lang/module/ModuleDescriptor$Builder$$Lambda+0x800000002
instanceKlass java/lang/WeakPairMap$Pair$Lookup
instanceKlass java/lang/WeakPairMap$Pair
instanceKlass java/lang/WeakPairMap
instanceKlass java/lang/Module$ReflectionData
instanceKlass jdk/internal/module/Checks
instanceKlass java/lang/module/ModuleDescriptor$Builder
instanceKlass  @bci java/lang/reflect/Proxy$ProxyBuilder getDynamicModule (Ljava/lang/ClassLoader;)Ljava/lang/Module; 4 <appendix> argL0 ; # java/lang/reflect/Proxy$ProxyBuilder$$Lambda+0x0000022aba058528
instanceKlass java/lang/PublicMethods
instanceKlass java/lang/reflect/Proxy$ProxyBuilder
instanceKlass  @bci java/lang/reflect/Proxy getProxyConstructor (Ljava/lang/Class;Ljava/lang/ClassLoader;[Ljava/lang/Class;)Ljava/lang/reflect/Constructor; 35 <appendix> argL0 ; # java/lang/reflect/Proxy$$Lambda+0x0000022aba057258
instanceKlass java/lang/ClassValue$Version
instanceKlass java/lang/ClassValue$Identity
instanceKlass java/lang/ClassValue
instanceKlass java/lang/reflect/Proxy
instanceKlass sun/reflect/annotation/AnnotationInvocationHandler
instanceKlass sun/reflect/annotation/AnnotationParser$1
instanceKlass java/lang/annotation/Documented
instanceKlass java/lang/annotation/Inherited
instanceKlass java/lang/annotation/Retention
instanceKlass sun/reflect/annotation/ExceptionProxy
instanceKlass sun/reflect/annotation/AnnotationType$1
instanceKlass sun/reflect/annotation/AnnotationType
instanceKlass java/lang/reflect/GenericArrayType
instanceKlass java/lang/Deprecated
instanceKlass sun/reflect/generics/visitor/Reifier
instanceKlass sun/reflect/generics/visitor/TypeTreeVisitor
instanceKlass sun/reflect/generics/factory/CoreReflectionFactory
instanceKlass sun/reflect/generics/factory/GenericsFactory
instanceKlass sun/reflect/generics/scope/AbstractScope
instanceKlass sun/reflect/generics/scope/Scope
instanceKlass sun/reflect/generics/tree/ClassTypeSignature
instanceKlass sun/reflect/generics/tree/SimpleClassTypeSignature
instanceKlass sun/reflect/generics/tree/FieldTypeSignature
instanceKlass sun/reflect/generics/tree/BaseType
instanceKlass sun/reflect/generics/tree/TypeSignature
instanceKlass sun/reflect/generics/tree/ReturnType
instanceKlass sun/reflect/generics/tree/TypeArgument
instanceKlass sun/reflect/generics/tree/TypeTree
instanceKlass sun/reflect/generics/tree/Tree
instanceKlass sun/reflect/generics/parser/SignatureParser
instanceKlass java/util/Arrays$ArrayItr
instanceKlass java/lang/Class$AnnotationData
instanceKlass java/util/Vector$Itr
instanceKlass picocli/CommandLine$NoOpParameterPreprocessor
instanceKlass  @bci java/util/regex/CharPredicates ASCII_WORD ()Ljava/util/regex/Pattern$BmpCharPredicate; 0 <appendix> argL0 ; # java/util/regex/CharPredicates$$Lambda+0x0000022aba0506c0
instanceKlass picocli/CommandLine$RegexTransformer$Builder
instanceKlass picocli/CommandLine$Model$UsageMessageSpec$19
instanceKlass picocli/CommandLine$Model$UsageMessageSpec$18
instanceKlass picocli/CommandLine$Model$UsageMessageSpec$17
instanceKlass picocli/CommandLine$Model$UsageMessageSpec$16
instanceKlass picocli/CommandLine$Model$UsageMessageSpec$15
instanceKlass picocli/CommandLine$Model$UsageMessageSpec$14
instanceKlass picocli/CommandLine$Model$UsageMessageSpec$13
instanceKlass picocli/CommandLine$Model$UsageMessageSpec$12
instanceKlass picocli/CommandLine$Model$UsageMessageSpec$11
instanceKlass picocli/CommandLine$Model$UsageMessageSpec$10
instanceKlass picocli/CommandLine$Model$UsageMessageSpec$9
instanceKlass picocli/CommandLine$Model$UsageMessageSpec$8
instanceKlass picocli/CommandLine$Model$UsageMessageSpec$7
instanceKlass picocli/CommandLine$Model$UsageMessageSpec$6
instanceKlass picocli/CommandLine$Model$UsageMessageSpec$5
instanceKlass picocli/CommandLine$Model$UsageMessageSpec$4
instanceKlass picocli/CommandLine$Model$UsageMessageSpec$3
instanceKlass picocli/CommandLine$Model$UsageMessageSpec$2
instanceKlass picocli/CommandLine$IHelpSectionRenderer
instanceKlass picocli/CommandLine$IHelpFactory
instanceKlass picocli/CommandLine$Model$UsageMessageSpec
instanceKlass picocli/CommandLine$Model$Interpolator$4
instanceKlass picocli/CommandLine$Model$Interpolator$3
instanceKlass picocli/CommandLine$Model$Interpolator$2
instanceKlass picocli/CommandLine$Model$Interpolator$1
instanceKlass picocli/CommandLine$Model$Interpolator$ILookup
instanceKlass picocli/CommandLine$Model$Interpolator
instanceKlass picocli/CommandLine$Model$ParserSpec
instanceKlass java/lang/reflect/InvocationHandler
instanceKlass picocli/CommandLine$Model$CommandUserObject
instanceKlass picocli/CommandLine$Command
instanceKlass picocli/CommandLine$Model$Predicate
instanceKlass picocli/CommandLine$Model$IScope
instanceKlass picocli/CommandLine$Model$ISetter
instanceKlass picocli/CommandLine$Model$IGetter
instanceKlass picocli/CommandLine$Model$IAnnotatedElement
instanceKlass picocli/CommandLine$Model$CommandReflection
instanceKlass picocli/CommandLine$IParameterPreprocessor
instanceKlass picocli/CommandLine$Model$CommandSpec
instanceKlass java/time/zone/ZoneRules
instanceKlass java/time/YearMonth
instanceKlass java/time/Year
instanceKlass  @bci java/util/regex/Pattern CIRange (II)Ljava/util/regex/Pattern$CharPredicate; 2 <appendix> member <vmtarget> ; # java/util/regex/Pattern$$Lambda+0x0000022aba04f330
instanceKlass  @bci java/util/regex/Pattern SingleI (II)Ljava/util/regex/Pattern$BmpCharPredicate; 2 <appendix> member <vmtarget> ; # java/util/regex/Pattern$$Lambda+0x0000022aba04f0a0
instanceKlass java/io/ObjectOutput
instanceKlass  @bci java/time/ZoneOffset ofTotalSeconds (I)Ljava/time/ZoneOffset; 37 <appendix> argL0 ; # java/time/ZoneOffset$$Lambda+0x80000000c
instanceKlass  @bci java/time/format/DateTimeFormatter <clinit> ()V 1075 <appendix> argL0 ; # java/time/format/DateTimeFormatter$$Lambda+0x80000000e
instanceKlass  @bci java/time/format/DateTimeFormatter <clinit> ()V 1067 <appendix> argL0 ; # java/time/format/DateTimeFormatter$$Lambda+0x80000000d
instanceKlass java/time/format/DateTimeFormatterBuilder$TextPrinterParser
instanceKlass java/util/TimSort
instanceKlass java/util/Arrays$LegacyMergeSort
instanceKlass java/time/format/DateTimeTextProvider$1
instanceKlass java/time/format/DateTimeTextProvider
instanceKlass java/util/LinkedHashMap$LinkedHashIterator
instanceKlass java/util/Collections$1
instanceKlass java/util/AbstractMap$SimpleImmutableEntry
instanceKlass java/time/format/DateTimeTextProvider$LocaleStore
instanceKlass java/lang/Long$LongCache
instanceKlass java/time/format/DateTimeFormatterBuilder$InstantPrinterParser
instanceKlass java/time/format/DateTimeFormatterBuilder$ZoneIdPrinterParser
instanceKlass java/time/format/DateTimeFormatterBuilder$OffsetIdPrinterParser
instanceKlass java/time/format/DecimalStyle
instanceKlass java/time/format/DateTimeFormatterBuilder$CompositePrinterParser
instanceKlass java/time/format/DateTimeFormatterBuilder$CharLiteralPrinterParser
instanceKlass java/time/format/DateTimeFormatterBuilder$NumberPrinterParser
instanceKlass java/time/format/DateTimeFormatterBuilder$StringLiteralPrinterParser
instanceKlass java/time/format/DateTimeFormatterBuilder$DateTimePrinterParser
instanceKlass java/time/temporal/JulianFields
instanceKlass java/time/temporal/IsoFields
instanceKlass  @bci java/time/format/DateTimeFormatterBuilder <clinit> ()V 0 <appendix> argL0 ; # java/time/format/DateTimeFormatterBuilder$$Lambda+0x80000000f
instanceKlass java/time/format/DateTimeFormatterBuilder
instanceKlass java/time/MonthDay
instanceKlass java/time/chrono/AbstractChronology
instanceKlass java/time/chrono/Chronology
instanceKlass java/time/chrono/Era
instanceKlass java/time/OffsetTime
instanceKlass java/time/LocalTime
instanceKlass java/time/Period
instanceKlass java/time/chrono/ChronoPeriod
instanceKlass java/time/format/DateTimeFormatter
instanceKlass java/time/LocalDate
instanceKlass java/time/chrono/ChronoLocalDate
instanceKlass java/time/ZonedDateTime
instanceKlass java/time/chrono/ChronoZonedDateTime
instanceKlass java/time/OffsetDateTime
instanceKlass java/time/ZoneId
instanceKlass java/time/temporal/ValueRange
instanceKlass java/time/temporal/TemporalQuery
instanceKlass java/time/temporal/TemporalField
instanceKlass java/io/ObjectStreamConstants
instanceKlass java/io/ObjectInput
instanceKlass java/time/temporal/TemporalUnit
instanceKlass java/time/Duration
instanceKlass java/time/temporal/TemporalAmount
instanceKlass java/time/LocalDateTime
instanceKlass java/time/chrono/ChronoLocalDateTime
instanceKlass picocli/CommandLine$BuiltIn$ReflectionConverter
instanceKlass java/sql/DriverAction
instanceKlass java/sql/Driver
instanceKlass java/sql/DriverManager
instanceKlass java/sql/Connection
instanceKlass java/sql/Wrapper
instanceKlass picocli/CommandLine$BuiltIn$ISO8601TimeConverter
instanceKlass picocli/CommandLine$BuiltIn
instanceKlass picocli/CommandLine$BuiltIn$NetworkInterfaceConverter
instanceKlass java/net/NetworkInterface
instanceKlass picocli/CommandLine$BuiltIn$ClassConverter
instanceKlass picocli/CommandLine$BuiltIn$ByteOrderConverter
instanceKlass picocli/CommandLine$BuiltIn$TimeZoneConverter
instanceKlass picocli/CommandLine$BuiltIn$CurrencyConverter
instanceKlass java/util/Currency
instanceKlass picocli/CommandLine$BuiltIn$UUIDConverter
instanceKlass java/util/UUID
instanceKlass picocli/CommandLine$BuiltIn$PatternConverter
instanceKlass picocli/CommandLine$BuiltIn$InetAddressConverter
instanceKlass java/net/InetAddress
instanceKlass picocli/CommandLine$BuiltIn$CharsetConverter
instanceKlass picocli/CommandLine$BuiltIn$BigIntegerConverter
instanceKlass picocli/CommandLine$BuiltIn$BigDecimalConverter
instanceKlass picocli/CommandLine$BuiltIn$ISO8601DateConverter
instanceKlass picocli/CommandLine$BuiltIn$URLConverter
instanceKlass picocli/CommandLine$BuiltIn$URIConverter
instanceKlass picocli/CommandLine$BuiltIn$FileConverter
instanceKlass picocli/CommandLine$BuiltIn$DoubleConverter
instanceKlass picocli/CommandLine$BuiltIn$FloatConverter
instanceKlass picocli/CommandLine$BuiltIn$LongConverter
instanceKlass picocli/CommandLine$BuiltIn$IntegerConverter
instanceKlass picocli/CommandLine$BuiltIn$ShortConverter
instanceKlass picocli/CommandLine$BuiltIn$CharacterConverter
instanceKlass picocli/CommandLine$BuiltIn$BooleanConverter
instanceKlass picocli/CommandLine$BuiltIn$ByteConverter
instanceKlass picocli/CommandLine$BuiltIn$CharSequenceConverter
instanceKlass picocli/CommandLine$BuiltIn$CharArrayConverter
instanceKlass picocli/CommandLine$BuiltIn$StringBuilderConverter
instanceKlass picocli/CommandLine$BuiltIn$StringConverter
instanceKlass java/io/StreamTokenizer
instanceKlass java/io/Reader
instanceKlass picocli/CommandLine$ITypeConverter
instanceKlass picocli/CommandLine$Interpreter
instanceKlass picocli/CommandLine$2
instanceKlass picocli/CommandLine$1
instanceKlass picocli/CommandLine$AbstractHandler
instanceKlass picocli/CommandLine$IParseResultHandler
instanceKlass picocli/CommandLine$Help$ColorScheme$1
instanceKlass picocli/CommandLine$Help$ColorScheme
instanceKlass picocli/CommandLine$Help$Ansi$IStyle
instanceKlass picocli/CommandLine$Assert
instanceKlass picocli/CommandLine$Help$ColorScheme$Builder
instanceKlass picocli/CommandLine$Help$IParameterRenderer
instanceKlass picocli/CommandLine$Help$IOptionRenderer
instanceKlass picocli/CommandLine$Model$IOrdered
instanceKlass picocli/CommandLine$Model$ArgSpec
instanceKlass picocli/CommandLine$RegexTransformer
instanceKlass picocli/CommandLine$INegatableOptionTransformer
instanceKlass picocli/CommandLine$Help$IParamLabelRenderer
instanceKlass picocli/CommandLine$Help
instanceKlass picocli/CommandLine$Help$Ansi$Text
instanceKlass picocli/CommandLine$Tracer
instanceKlass picocli/CommandLine$DefaultFactory
instanceKlass dev/skidfuscator/obfuscator/command/HelpCommand
instanceKlass java/util/concurrent/Callable
instanceKlass picocli/CommandLine$IExceptionHandler2
instanceKlass picocli/CommandLine$IExceptionHandler
instanceKlass picocli/CommandLine$IExecutionExceptionHandler
instanceKlass picocli/CommandLine$IParameterExceptionHandler
instanceKlass picocli/CommandLine$IExecutionStrategy
instanceKlass picocli/CommandLine$IParseResultHandler2
instanceKlass picocli/CommandLine$IFactory
instanceKlass picocli/CommandLine
instanceKlass java/text/DontCareFieldPosition$1
instanceKlass java/text/Format$FieldDelegate
instanceKlass java/time/Clock
instanceKlass java/time/InstantSource
instanceKlass java/time/Instant
instanceKlass java/time/temporal/TemporalAdjuster
instanceKlass java/time/temporal/Temporal
instanceKlass java/time/temporal/TemporalAccessor
instanceKlass java/util/Date
instanceKlass java/text/DigitList
instanceKlass java/text/FieldPosition
instanceKlass  @bci sun/util/locale/provider/JRELocaleProviderAdapter getDecimalFormatSymbolsProvider ()Ljava/text/spi/DecimalFormatSymbolsProvider; 8 <appendix> member <vmtarget> ; # sun/util/locale/provider/JRELocaleProviderAdapter$$Lambda+0x800000066
instanceKlass java/text/DecimalFormatSymbols
instanceKlass  @bci sun/util/locale/provider/JRELocaleProviderAdapter getNumberFormatProvider ()Ljava/text/spi/NumberFormatProvider; 8 <appendix> member <vmtarget> ; # sun/util/locale/provider/JRELocaleProviderAdapter$$Lambda+0x800000067
instanceKlass java/util/Collections$EmptyEnumeration
instanceKlass sun/util/resources/Bundles$2
instanceKlass sun/util/resources/LocaleData$LocaleDataResourceBundleProvider
instanceKlass java/util/spi/ResourceBundleProvider
instanceKlass  @bci sun/util/locale/provider/JRELocaleProviderAdapter getDateFormatSymbolsProvider ()Ljava/text/spi/DateFormatSymbolsProvider; 8 <appendix> member <vmtarget> ; # sun/util/locale/provider/JRELocaleProviderAdapter$$Lambda+0x800000065
instanceKlass java/text/DateFormatSymbols
instanceKlass sun/util/calendar/CalendarUtils
instanceKlass sun/util/calendar/CalendarDate
instanceKlass sun/util/resources/Bundles$CacheKeyReference
instanceKlass  @bci java/util/ResourceBundle$ResourceBundleProviderHelper newResourceBundle (Ljava/lang/Class;)Ljava/util/ResourceBundle; 22 <appendix> member <vmtarget> ; # java/util/ResourceBundle$ResourceBundleProviderHelper$$Lambda+0x800000010
instanceKlass java/util/ResourceBundle$ResourceBundleProviderHelper
instanceKlass  @bci sun/util/cldr/CLDRLocaleProviderAdapter applyAliases (Ljava/util/Locale;)Ljava/util/Locale; 4 <appendix> argL0 ; # sun/util/cldr/CLDRLocaleProviderAdapter$$Lambda+0x80000005f
instanceKlass sun/util/resources/Bundles$CacheKey
instanceKlass java/util/ResourceBundle$1
instanceKlass jdk/internal/access/JavaUtilResourceBundleAccess
instanceKlass sun/util/resources/Bundles
instanceKlass sun/util/resources/LocaleData$LocaleDataStrategy
instanceKlass sun/util/resources/Bundles$Strategy
instanceKlass sun/util/resources/LocaleData$1
instanceKlass sun/util/resources/LocaleData
instanceKlass sun/util/locale/provider/LocaleResources
instanceKlass java/util/stream/Sink$ChainedReference
instanceKlass java/util/stream/Node$Builder
instanceKlass java/util/stream/Sink
instanceKlass java/util/function/Consumer
instanceKlass java/util/stream/Nodes$ArrayNode
instanceKlass java/util/stream/Node$OfDouble
instanceKlass java/util/stream/Node$OfLong
instanceKlass java/util/stream/Node$OfInt
instanceKlass java/util/stream/Node$OfPrimitive
instanceKlass java/util/stream/Nodes$EmptyNode
instanceKlass java/util/stream/Node
instanceKlass java/util/stream/Nodes
instanceKlass  @bci sun/util/locale/provider/LocaleProviderAdapter toLocaleArray (Ljava/util/Set;)[Ljava/util/Locale; 16 <appendix> argL0 ; # sun/util/locale/provider/LocaleProviderAdapter$$Lambda+0x800000069
instanceKlass java/util/function/IntFunction
instanceKlass  @bci sun/util/locale/provider/LocaleProviderAdapter toLocaleArray (Ljava/util/Set;)[Ljava/util/Locale; 6 <appendix> argL0 ; # sun/util/locale/provider/LocaleProviderAdapter$$Lambda+0x800000068
# instanceKlass java/lang/invoke/LambdaForm$MH+0x0000022aba002400
instanceKlass sun/reflect/annotation/AnnotationParser
instanceKlass java/lang/Class$3
instanceKlass java/util/EnumMap$1
instanceKlass java/util/stream/StreamOpFlag$MaskBuilder
instanceKlass java/util/stream/Stream
instanceKlass java/util/stream/BaseStream
instanceKlass java/util/stream/PipelineHelper
instanceKlass java/util/stream/StreamSupport
instanceKlass java/util/Spliterators$IteratorSpliterator
instanceKlass java/util/Spliterator$OfDouble
instanceKlass java/util/Spliterator$OfLong
instanceKlass java/util/Spliterator$OfInt
instanceKlass java/util/Spliterator$OfPrimitive
instanceKlass java/util/Spliterator
instanceKlass java/util/Spliterators$EmptySpliterator
instanceKlass java/util/Spliterators
instanceKlass  @bci sun/util/cldr/CLDRLocaleProviderAdapter getCalendarDataProvider ()Ljava/util/spi/CalendarDataProvider; 8 <appendix> member <vmtarget> ; # sun/util/cldr/CLDRLocaleProviderAdapter$$Lambda+0x800000062
instanceKlass java/util/ResourceBundle
instanceKlass java/util/ResourceBundle$Control
instanceKlass sun/util/locale/provider/CalendarDataUtility$CalendarWeekParameterGetter
instanceKlass sun/util/locale/provider/LocaleServiceProviderPool$LocalizedObjectGetter
instanceKlass sun/util/locale/provider/LocaleServiceProviderPool
instanceKlass sun/util/calendar/CalendarSystem$GregorianHolder
instanceKlass sun/util/calendar/CalendarSystem
instanceKlass java/util/Calendar$Builder
instanceKlass  @bci sun/util/locale/provider/JRELocaleProviderAdapter getCalendarProvider ()Lsun/util/spi/CalendarProvider; 8 <appendix> member <vmtarget> ; # sun/util/locale/provider/JRELocaleProviderAdapter$$Lambda+0x800000063
instanceKlass sun/util/calendar/ZoneInfoFile$ZoneOffsetTransitionRule
instanceKlass java/io/FileInputStream$1
instanceKlass java/lang/invoke/VarHandle$AccessDescriptor
instanceKlass java/lang/invoke/VarForm
instanceKlass java/lang/invoke/VarHandleGuards
instanceKlass java/lang/invoke/VarHandles
instanceKlass jdk/internal/util/ByteArray
instanceKlass sun/util/calendar/ZoneInfoFile$1
instanceKlass sun/util/calendar/ZoneInfoFile
instanceKlass java/util/TimeZone
instanceKlass java/util/Calendar
instanceKlass java/text/AttributedCharacterIterator$Attribute
instanceKlass java/util/Locale$Builder
instanceKlass sun/util/locale/provider/CalendarDataUtility
instanceKlass java/util/Collections$EmptyIterator
instanceKlass sun/util/locale/provider/AvailableLanguageTags
instanceKlass  @bci sun/util/locale/provider/JRELocaleProviderAdapter getDateFormatProvider ()Ljava/text/spi/DateFormatProvider; 8 <appendix> member <vmtarget> ; # sun/util/locale/provider/JRELocaleProviderAdapter$$Lambda+0x800000064
instanceKlass java/util/ServiceLoader$ProviderImpl
instanceKlass java/util/ServiceLoader$Provider
instanceKlass java/util/ServiceLoader$1
instanceKlass sun/util/resources/cldr/provider/CLDRLocaleDataMetaInfo
instanceKlass jdk/internal/jimage/ImageLocation
instanceKlass jdk/internal/jimage/decompressor/Decompressor
instanceKlass jdk/internal/jimage/ImageStringsReader
instanceKlass jdk/internal/jimage/ImageStrings
instanceKlass jdk/internal/jimage/ImageHeader
instanceKlass jdk/internal/jimage/NativeImageBuffer$1
instanceKlass jdk/internal/jimage/NativeImageBuffer
instanceKlass jdk/internal/jimage/BasicImageReader$1
instanceKlass jdk/internal/jimage/BasicImageReader
instanceKlass jdk/internal/jimage/ImageReader
instanceKlass jdk/internal/jimage/ImageReaderFactory$1
instanceKlass java/net/URI$Parser
instanceKlass java/nio/file/FileSystems$DefaultFileSystemHolder$1
instanceKlass java/nio/file/FileSystems$DefaultFileSystemHolder
instanceKlass java/nio/file/FileSystems
instanceKlass java/nio/file/Paths
instanceKlass jdk/internal/jimage/ImageReaderFactory
instanceKlass jdk/internal/module/SystemModuleFinders$SystemImage
instanceKlass jdk/internal/module/ModulePatcher$PatchedModuleReader
instanceKlass jdk/internal/module/SystemModuleFinders$SystemModuleReader
instanceKlass java/lang/module/ModuleReader
instanceKlass jdk/internal/loader/BuiltinClassLoader$5
instanceKlass java/util/ServiceLoader$3
instanceKlass java/util/ServiceLoader$2
instanceKlass java/util/ServiceLoader$LazyClassPathLookupIterator
instanceKlass java/util/concurrent/CopyOnWriteArrayList$COWIterator
instanceKlass java/util/ServiceLoader$ModuleServicesLookupIterator
instanceKlass java/util/ServiceLoader
instanceKlass  @bci sun/util/cldr/CLDRLocaleProviderAdapter <init> ()V 4 <appendix> argL0 ; # sun/util/cldr/CLDRLocaleProviderAdapter$$Lambda+0x800000061
instanceKlass jdk/internal/reflect/MethodHandleAccessorFactory$LazyStaticHolder
instanceKlass sun/util/locale/InternalLocaleBuilder$CaseInsensitiveChar
instanceKlass sun/util/locale/InternalLocaleBuilder
instanceKlass sun/util/locale/StringTokenIterator
instanceKlass sun/util/locale/ParseStatus
instanceKlass sun/util/locale/LanguageTag
instanceKlass sun/util/cldr/CLDRBaseLocaleDataMetaInfo
instanceKlass sun/util/locale/provider/LocaleDataMetaInfo
instanceKlass sun/util/locale/provider/ResourceBundleBasedAdapter
instanceKlass java/util/Collections$UnmodifiableCollection$1
instanceKlass java/util/Collections$UnmodifiableCollection
instanceKlass sun/util/locale/provider/LocaleProviderAdapter
instanceKlass java/util/spi/LocaleServiceProvider
instanceKlass java/text/Format
instanceKlass dev/skidfuscator/obfuscator/util/MiscUtil
instanceKlass java/util/Formattable
instanceKlass java/util/Formatter$Flags
instanceKlass java/util/Formatter$FormatSpecifier
instanceKlass java/util/Formatter$FormatString
instanceKlass java/util/regex/ASCII
instanceKlass java/util/regex/IntHashSet
instanceKlass java/util/regex/Matcher
instanceKlass java/util/regex/MatchResult
instanceKlass java/util/Formatter$Conversion
instanceKlass java/util/regex/Pattern$TreeInfo
instanceKlass  @bci java/util/regex/Pattern union (Ljava/util/regex/Pattern$CharPredicate;Ljava/util/regex/Pattern$CharPredicate;Z)Ljava/util/regex/Pattern$CharPredicate; 6 <appendix> member <vmtarget> ; # java/util/regex/Pattern$$Lambda+0x800000032
instanceKlass  @bci java/util/regex/Pattern Range (II)Ljava/util/regex/Pattern$CharPredicate; 23 <appendix> member <vmtarget> ; # java/util/regex/Pattern$$Lambda+0x80000002a
instanceKlass java/util/regex/Pattern$BitClass
instanceKlass  @bci dev/skidfuscator/obfuscator/predicate/renderer/impl/ExceptionRenderer transform (Ldev/skidfuscator/obfuscator/Skidfuscator;Lorg/mapleir/ir/cfg/ControlFlowGraph;Lorg/mapleir/flowgraph/ExceptionRange;)V 399 <appendix> form vmentry <vmtarget> ; # java/lang/invoke/LambdaForm$MH+0x0000022aba002000
instanceKlass java/lang/invoke/MethodHandles$Lookup$ClassDefiner
instanceKlass java/lang/invoke/MethodHandles$Lookup$ClassFile
instanceKlass jdk/internal/org/objectweb/asm/Handler
instanceKlass jdk/internal/org/objectweb/asm/Attribute
instanceKlass jdk/internal/org/objectweb/asm/FieldVisitor
instanceKlass java/util/ArrayList$Itr
instanceKlass java/lang/invoke/InvokerBytecodeGenerator$ClassData
instanceKlass jdk/internal/org/objectweb/asm/AnnotationVisitor
instanceKlass jdk/internal/org/objectweb/asm/Frame
instanceKlass jdk/internal/org/objectweb/asm/Label
instanceKlass jdk/internal/org/objectweb/asm/MethodVisitor
instanceKlass java/lang/invoke/LambdaFormBuffer
instanceKlass java/lang/invoke/LambdaFormEditor$TransformKey
instanceKlass java/lang/invoke/LambdaFormEditor
instanceKlass java/lang/invoke/DelegatingMethodHandle$Holder
instanceKlass java/lang/invoke/DirectMethodHandle$2
instanceKlass java/lang/invoke/ClassSpecializer$Factory
instanceKlass java/lang/invoke/ClassSpecializer$SpeciesData
instanceKlass java/lang/invoke/ClassSpecializer$1
instanceKlass java/lang/invoke/ClassSpecializer
instanceKlass  @bci java/util/regex/CharPredicates ASCII_DIGIT ()Ljava/util/regex/Pattern$BmpCharPredicate; 0 <appendix> argL0 ; # java/util/regex/CharPredicates$$Lambda+0x800000025
instanceKlass java/util/regex/CharPredicates
instanceKlass sun/invoke/empty/Empty
instanceKlass sun/invoke/util/VerifyType
instanceKlass  @bci java/util/regex/Pattern Single (I)Ljava/util/regex/Pattern$BmpCharPredicate; 1 <appendix> member <vmtarget> ; # java/util/regex/Pattern$$Lambda+0x800000029
instanceKlass java/lang/invoke/LambdaProxyClassArchive
instanceKlass jdk/internal/org/objectweb/asm/ByteVector
instanceKlass jdk/internal/org/objectweb/asm/Symbol
instanceKlass jdk/internal/org/objectweb/asm/SymbolTable
instanceKlass jdk/internal/org/objectweb/asm/ClassVisitor
instanceKlass java/lang/invoke/InfoFromMemberName
instanceKlass java/lang/invoke/MethodHandleInfo
instanceKlass jdk/internal/org/objectweb/asm/ConstantDynamic
instanceKlass sun/invoke/util/BytecodeDescriptor
instanceKlass jdk/internal/org/objectweb/asm/Handle
instanceKlass sun/security/action/GetBooleanAction
instanceKlass jdk/internal/org/objectweb/asm/Type
instanceKlass java/lang/invoke/AbstractValidatingLambdaMetafactory
instanceKlass java/lang/invoke/MethodHandleImpl$1
instanceKlass jdk/internal/access/JavaLangInvokeAccess
instanceKlass java/lang/invoke/Invokers$Holder
instanceKlass java/lang/invoke/BootstrapMethodInvoker
instanceKlass java/util/regex/Pattern$BmpCharPredicate
instanceKlass java/util/regex/Pattern$CharPredicate
instanceKlass java/lang/invoke/InvokerBytecodeGenerator$1
instanceKlass java/lang/invoke/InvokerBytecodeGenerator
instanceKlass java/lang/invoke/LambdaForm$Holder
instanceKlass java/lang/invoke/LambdaForm$Name
instanceKlass java/lang/invoke/Invokers
instanceKlass java/lang/invoke/MethodHandleImpl
instanceKlass sun/invoke/util/ValueConversions
instanceKlass java/lang/invoke/DirectMethodHandle$Holder
instanceKlass java/lang/invoke/LambdaForm$NamedFunction
instanceKlass sun/invoke/util/Wrapper$Format
instanceKlass java/lang/invoke/MethodTypeForm
instanceKlass jdk/internal/util/StrongReferenceKey
instanceKlass jdk/internal/util/ReferenceKey
instanceKlass jdk/internal/util/ReferencedKeyMap
instanceKlass java/lang/invoke/MethodType$1
instanceKlass java/lang/invoke/LambdaMetafactory
instanceKlass java/util/regex/Pattern$Node
instanceKlass java/util/regex/Pattern
instanceKlass java/util/Formatter
instanceKlass dev/skidfuscator/obfuscator/util/LogoUtil
instanceKlass java/lang/Void
instanceKlass java/lang/PublicMethods$Key
instanceKlass java/lang/PublicMethods$MethodList
instanceKlass org/jline/reader/Parser
instanceKlass jdk/internal/misc/PreviewFeatures
instanceKlass jdk/internal/misc/MainMethodFinder
instanceKlass dev/skidfuscator/obfuscator/SkidfuscatorMain
instanceKlass java/security/SecureClassLoader$DebugHolder
instanceKlass java/security/Permission
instanceKlass java/security/Guard
instanceKlass java/security/PermissionCollection
instanceKlass java/security/SecureClassLoader$1
instanceKlass java/util/zip/Checksum$1
instanceKlass java/util/zip/CRC32
instanceKlass java/util/zip/Checksum
instanceKlass sun/nio/ByteBuffered
instanceKlass java/lang/Package$VersionInfo
instanceKlass java/lang/NamedPackage
instanceKlass jdk/internal/loader/Resource
instanceKlass java/nio/charset/CoderResult
instanceKlass java/lang/Readable
instanceKlass jdk/internal/loader/FileURLMapper
instanceKlass jdk/internal/loader/URLClassPath$JarLoader$1
instanceKlass jdk/internal/loader/URLClassPath$Loader
instanceKlass jdk/internal/loader/URLClassPath$3
instanceKlass java/security/PrivilegedExceptionAction
instanceKlass sun/net/util/URLUtil
instanceKlass java/io/RandomAccessFile$1
instanceKlass java/lang/reflect/Array
instanceKlass java/util/jar/Attributes$Name
instanceKlass java/util/jar/Attributes
instanceKlass java/util/jar/JarVerifier
instanceKlass sun/security/action/GetIntegerAction
instanceKlass sun/security/util/Debug
instanceKlass sun/security/util/SignatureFileVerifier
instanceKlass java/util/zip/ZipFile$InflaterCleanupAction
instanceKlass java/util/zip/Inflater$InflaterZStreamRef
instanceKlass java/util/zip/Inflater
instanceKlass java/util/zip/ZipEntry
instanceKlass java/util/zip/ZipFile$2
instanceKlass java/nio/Bits$1
instanceKlass jdk/internal/misc/VM$BufferPool
instanceKlass java/nio/Bits
instanceKlass sun/nio/ch/DirectBuffer
instanceKlass jdk/internal/perf/PerfCounter$CoreCounters
instanceKlass jdk/internal/perf/Perf
instanceKlass jdk/internal/perf/Perf$GetPerfAction
instanceKlass jdk/internal/perf/PerfCounter
instanceKlass sun/util/locale/LocaleObjectCache
instanceKlass sun/util/locale/BaseLocale$Key
instanceKlass sun/util/locale/LocaleUtils
instanceKlass sun/util/locale/BaseLocale
instanceKlass java/util/Locale
instanceKlass java/nio/file/attribute/FileTime
instanceKlass java/util/TreeMap$PrivateEntryIterator
instanceKlass java/util/TreeMap$Entry
instanceKlass java/util/NavigableMap
instanceKlass java/util/SortedMap
instanceKlass java/util/SequencedMap
instanceKlass java/util/NavigableSet
instanceKlass java/util/SortedSet
instanceKlass java/util/SequencedSet
instanceKlass java/util/zip/ZipUtils
instanceKlass java/util/zip/ZipFile$Source$End
instanceKlass java/io/RandomAccessFile$2
instanceKlass jdk/internal/access/JavaIORandomAccessFileAccess
instanceKlass java/io/RandomAccessFile
instanceKlass java/io/DataInput
instanceKlass java/io/DataOutput
instanceKlass sun/nio/fs/WindowsNativeDispatcher$CompletionStatus
instanceKlass sun/nio/fs/WindowsNativeDispatcher$AclInformation
instanceKlass sun/nio/fs/WindowsNativeDispatcher$Account
instanceKlass sun/nio/fs/WindowsNativeDispatcher$DiskFreeSpace
instanceKlass sun/nio/fs/WindowsNativeDispatcher$VolumeInformation
instanceKlass sun/nio/fs/WindowsNativeDispatcher$FirstStream
instanceKlass sun/nio/fs/WindowsNativeDispatcher$FirstFile
instanceKlass java/util/Enumeration
instanceKlass java/util/concurrent/ConcurrentHashMap$Traverser
instanceKlass jdk/internal/loader/NativeLibraries$3
instanceKlass jdk/internal/loader/NativeLibrary
instanceKlass java/util/ArrayDeque$DeqIterator
instanceKlass jdk/internal/loader/NativeLibraries$NativeLibraryContext$1
instanceKlass jdk/internal/loader/NativeLibraries$NativeLibraryContext
instanceKlass jdk/internal/loader/NativeLibraries$2
instanceKlass jdk/internal/loader/NativeLibraries$1
instanceKlass jdk/internal/loader/NativeLibraries$LibraryPaths
instanceKlass sun/nio/fs/WindowsNativeDispatcher
instanceKlass sun/nio/fs/NativeBuffer$Deallocator
instanceKlass sun/nio/fs/NativeBuffer
instanceKlass java/lang/ThreadLocal$ThreadLocalMap
instanceKlass java/lang/ThreadLocal
instanceKlass sun/nio/fs/NativeBuffers
instanceKlass sun/nio/fs/WindowsFileAttributes
instanceKlass java/nio/file/attribute/DosFileAttributes
instanceKlass sun/nio/fs/AbstractBasicFileAttributeView
instanceKlass sun/nio/fs/DynamicFileAttributeView
instanceKlass sun/nio/fs/WindowsFileAttributeViews
instanceKlass sun/nio/fs/Util
instanceKlass java/nio/file/attribute/BasicFileAttributeView
instanceKlass java/nio/file/attribute/FileAttributeView
instanceKlass java/nio/file/attribute/AttributeView
instanceKlass java/nio/file/Files
instanceKlass java/nio/file/CopyOption
instanceKlass java/nio/file/attribute/BasicFileAttributes
instanceKlass sun/nio/fs/WindowsPath
instanceKlass java/nio/file/Path
instanceKlass java/nio/file/Watchable
instanceKlass java/util/zip/ZipFile$Source$Key
instanceKlass java/util/concurrent/ForkJoinPool$ManagedBlocker
instanceKlass java/util/concurrent/locks/AbstractQueuedSynchronizer$Node
instanceKlass sun/nio/fs/WindowsPathParser$Result
instanceKlass sun/nio/fs/WindowsPathParser
instanceKlass java/nio/file/FileSystem
instanceKlass java/nio/file/OpenOption
instanceKlass java/nio/file/spi/FileSystemProvider
instanceKlass sun/nio/fs/DefaultFileSystemProvider
instanceKlass java/util/zip/ZipFile$Source
instanceKlass java/lang/ref/Cleaner$Cleanable
instanceKlass jdk/internal/ref/CleanerImpl
instanceKlass java/lang/ref/Cleaner$1
instanceKlass java/lang/ref/Cleaner
instanceKlass jdk/internal/ref/CleanerFactory$1
instanceKlass java/util/concurrent/ThreadFactory
instanceKlass jdk/internal/ref/CleanerFactory
instanceKlass java/util/zip/ZipCoder
instanceKlass java/util/zip/ZipFile$CleanableResource
instanceKlass java/lang/Runtime$Version
instanceKlass java/util/jar/JavaUtilJarAccessImpl
instanceKlass jdk/internal/access/JavaUtilJarAccess
instanceKlass java/util/zip/ZipFile$1
instanceKlass jdk/internal/access/JavaUtilZipFileAccess
instanceKlass java/util/zip/ZipFile
instanceKlass java/util/zip/ZipConstants
instanceKlass java/lang/StringCoding
instanceKlass sun/nio/cs/ArrayDecoder
instanceKlass java/nio/charset/CharsetDecoder
instanceKlass sun/launcher/LauncherHelper
instanceKlass java/lang/invoke/StringConcatFactory
instanceKlass java/lang/ModuleLayer$Controller
instanceKlass java/util/concurrent/CopyOnWriteArrayList
instanceKlass jdk/internal/module/ServicesCatalog$ServiceProvider
instanceKlass jdk/internal/loader/AbstractClassLoaderValue$Memoizer
instanceKlass java/util/ImmutableCollections$ListItr
instanceKlass java/util/ListIterator
instanceKlass java/lang/ModuleLayer
instanceKlass jdk/internal/module/ModuleLoaderMap$Modules
instanceKlass jdk/internal/module/ModuleLoaderMap$Mapper
instanceKlass jdk/internal/module/ModuleLoaderMap
instanceKlass java/util/AbstractMap$1$1
instanceKlass java/lang/module/ResolvedModule
instanceKlass java/lang/module/Configuration
instanceKlass jdk/internal/loader/BuiltinClassLoader$LoadedModule
instanceKlass jdk/internal/loader/AbstractClassLoaderValue
instanceKlass jdk/internal/module/ServicesCatalog
instanceKlass java/util/Deque
instanceKlass java/util/Queue
instanceKlass sun/net/util/IPAddressUtil$MASKS
instanceKlass sun/net/util/IPAddressUtil
instanceKlass java/net/URLStreamHandler
instanceKlass sun/net/www/ParseUtil
instanceKlass java/net/URL$3
instanceKlass jdk/internal/access/JavaNetURLAccess
instanceKlass java/net/URL$DefaultFactory
instanceKlass java/net/URLStreamHandlerFactory
instanceKlass jdk/internal/loader/URLClassPath
instanceKlass java/security/Principal
instanceKlass java/security/ProtectionDomain$Key
instanceKlass java/security/ProtectionDomain$JavaSecurityAccessImpl
instanceKlass jdk/internal/access/JavaSecurityAccess
instanceKlass java/lang/ClassLoader$ParallelLoaders
instanceKlass java/security/cert/Certificate
instanceKlass jdk/internal/loader/ArchivedClassLoaders
instanceKlass java/util/concurrent/ConcurrentHashMap$CollectionView
instanceKlass jdk/internal/loader/ClassLoaderHelper
instanceKlass jdk/internal/loader/NativeLibraries
instanceKlass java/lang/Module$EnableNativeAccess
instanceKlass jdk/internal/loader/BootLoader
instanceKlass java/util/Optional
instanceKlass jdk/internal/module/SystemModuleFinders$SystemModuleFinder
instanceKlass java/lang/module/ModuleFinder
instanceKlass jdk/internal/module/SystemModuleFinders$3
instanceKlass jdk/internal/module/ModuleHashes$HashSupplier
instanceKlass jdk/internal/module/SystemModuleFinders$2
instanceKlass java/util/function/Supplier
instanceKlass java/lang/module/ModuleReference
instanceKlass jdk/internal/module/ModuleResolution
instanceKlass java/util/Collections$UnmodifiableMap
instanceKlass jdk/internal/module/ModuleHashes$Builder
instanceKlass jdk/internal/module/ModuleHashes
instanceKlass jdk/internal/module/ModuleTarget
instanceKlass java/util/ImmutableCollections$Set12$1
instanceKlass java/lang/reflect/AccessFlag$18
instanceKlass java/lang/reflect/AccessFlag$17
instanceKlass java/lang/reflect/AccessFlag$16
instanceKlass java/lang/reflect/AccessFlag$15
instanceKlass java/lang/reflect/AccessFlag$14
instanceKlass java/lang/reflect/AccessFlag$13
instanceKlass java/lang/reflect/AccessFlag$12
instanceKlass java/lang/reflect/AccessFlag$11
instanceKlass java/lang/reflect/AccessFlag$10
instanceKlass java/lang/reflect/AccessFlag$9
instanceKlass java/lang/reflect/AccessFlag$8
instanceKlass java/lang/reflect/AccessFlag$7
instanceKlass java/lang/reflect/AccessFlag$6
instanceKlass java/lang/reflect/AccessFlag$5
instanceKlass java/lang/reflect/AccessFlag$4
instanceKlass java/lang/reflect/AccessFlag$3
instanceKlass java/lang/reflect/AccessFlag$2
instanceKlass java/lang/reflect/AccessFlag$1
instanceKlass java/lang/module/ModuleDescriptor$Version
instanceKlass java/lang/module/ModuleDescriptor$Provides
instanceKlass java/lang/module/ModuleDescriptor$Opens
instanceKlass java/util/ImmutableCollections$SetN$SetNIterator
instanceKlass java/lang/module/ModuleDescriptor$Exports
instanceKlass java/lang/module/ModuleDescriptor$Requires
instanceKlass jdk/internal/module/Builder
instanceKlass jdk/internal/module/SystemModules$default
instanceKlass jdk/internal/module/SystemModules
instanceKlass jdk/internal/module/SystemModulesMap
instanceKlass java/net/URI$1
instanceKlass jdk/internal/access/JavaNetUriAccess
instanceKlass java/net/URI
instanceKlass jdk/internal/module/SystemModuleFinders
instanceKlass jdk/internal/module/ArchivedModuleGraph
instanceKlass jdk/internal/module/ArchivedBootLayer
instanceKlass jdk/internal/module/ModuleBootstrap$Counters
instanceKlass jdk/internal/module/ModulePatcher
instanceKlass java/io/FileSystem
instanceKlass java/io/DefaultFileSystem
instanceKlass java/io/File
instanceKlass java/lang/module/ModuleDescriptor$1
instanceKlass jdk/internal/access/JavaLangModuleAccess
instanceKlass sun/invoke/util/VerifyAccess
instanceKlass java/util/KeyValueHolder
instanceKlass java/util/ImmutableCollections$MapN$MapNIterator
instanceKlass java/lang/StrictMath
instanceKlass java/lang/invoke/MethodHandles$Lookup
instanceKlass java/lang/invoke/MemberName$Factory
instanceKlass java/lang/invoke/MethodHandles
instanceKlass java/lang/module/ModuleDescriptor
instanceKlass jdk/internal/module/ModuleBootstrap
instanceKlass java/lang/Character$CharacterCache
instanceKlass java/util/HexFormat
instanceKlass jdk/internal/util/ClassFileDumper
instanceKlass sun/security/action/GetPropertyAction
instanceKlass java/lang/invoke/MethodHandleStatics
instanceKlass jdk/internal/misc/Blocker
instanceKlass java/util/concurrent/locks/AbstractQueuedSynchronizer$ConditionObject
instanceKlass java/util/Collections
instanceKlass java/util/concurrent/locks/Condition
instanceKlass java/lang/Thread$ThreadIdentifiers
instanceKlass sun/io/Win32ErrorMode
instanceKlass jdk/internal/misc/OSEnvironment
instanceKlass java/lang/Integer$IntegerCache
instanceKlass jdk/internal/misc/Signal$NativeHandler
instanceKlass java/util/Hashtable$Entry
instanceKlass jdk/internal/misc/Signal
instanceKlass java/lang/Terminator$1
instanceKlass jdk/internal/misc/Signal$Handler
instanceKlass java/lang/Terminator
instanceKlass java/nio/ByteOrder
instanceKlass java/nio/Buffer$2
instanceKlass jdk/internal/access/JavaNioAccess
instanceKlass java/nio/Buffer$1
instanceKlass jdk/internal/misc/ScopedMemoryAccess
instanceKlass java/nio/charset/CodingErrorAction
instanceKlass sun/nio/cs/SingleByte
instanceKlass java/lang/StringUTF16
instanceKlass sun/nio/cs/MS1252$Holder
instanceKlass sun/nio/cs/ArrayEncoder
instanceKlass java/nio/charset/CharsetEncoder
instanceKlass java/io/Writer
instanceKlass java/io/PrintStream$1
instanceKlass jdk/internal/access/JavaIOPrintStreamAccess
instanceKlass jdk/internal/misc/InternalLock
instanceKlass java/io/OutputStream
instanceKlass java/io/Flushable
instanceKlass java/io/FileDescriptor$1
instanceKlass jdk/internal/access/JavaIOFileDescriptorAccess
instanceKlass java/io/FileDescriptor
instanceKlass jdk/internal/util/StaticProperty
instanceKlass jdk/internal/reflect/MethodHandleAccessorFactory
instanceKlass java/lang/reflect/Modifier
instanceKlass java/lang/Class$1
instanceKlass java/lang/Class$Atomic
instanceKlass java/lang/Class$ReflectionData
instanceKlass java/nio/charset/StandardCharsets
instanceKlass sun/nio/cs/HistoricallyNamedCharset
instanceKlass java/nio/charset/spi/CharsetProvider
instanceKlass java/nio/charset/Charset
instanceKlass java/util/HashMap$HashIterator
instanceKlass java/util/concurrent/locks/LockSupport
instanceKlass java/util/concurrent/ConcurrentHashMap$Node
instanceKlass java/util/concurrent/ConcurrentHashMap$CounterCell
instanceKlass java/util/concurrent/locks/ReentrantLock
instanceKlass java/util/concurrent/locks/Lock
instanceKlass java/lang/CharacterData
instanceKlass java/util/Arrays
instanceKlass jdk/internal/util/Preconditions$3
instanceKlass jdk/internal/util/Preconditions$2
instanceKlass jdk/internal/util/Preconditions$4
instanceKlass java/util/function/BiFunction
instanceKlass jdk/internal/util/Preconditions$1
instanceKlass java/util/function/Function
instanceKlass jdk/internal/util/Preconditions
instanceKlass java/lang/Runtime
instanceKlass java/lang/VersionProps
instanceKlass java/lang/StringConcatHelper
instanceKlass java/util/HashMap$Node
instanceKlass java/util/Map$Entry
instanceKlass jdk/internal/util/ArraysSupport
instanceKlass jdk/internal/util/SystemProps$Raw
instanceKlass jdk/internal/util/SystemProps
instanceKlass java/lang/System$2
instanceKlass jdk/internal/access/JavaLangAccess
instanceKlass java/lang/ref/NativeReferenceQueue$Lock
instanceKlass java/lang/ref/ReferenceQueue
instanceKlass java/lang/ref/Reference$1
instanceKlass jdk/internal/access/JavaLangRefAccess
instanceKlass jdk/internal/reflect/ReflectionFactory
instanceKlass java/lang/Math
instanceKlass java/lang/StringLatin1
instanceKlass jdk/internal/reflect/Reflection
instanceKlass jdk/internal/reflect/ReflectionFactory$GetReflectionFactoryAction
instanceKlass java/security/PrivilegedAction
instanceKlass jdk/internal/access/SharedSecrets
instanceKlass java/lang/reflect/ReflectAccess
instanceKlass jdk/internal/access/JavaLangReflectAccess
instanceKlass java/util/ImmutableCollections
instanceKlass java/util/Objects
instanceKlass java/util/Set
instanceKlass jdk/internal/misc/CDS
instanceKlass java/lang/Module$ArchivedData
instanceKlass jdk/internal/misc/VM
instanceKlass java/lang/String$CaseInsensitiveComparator
instanceKlass java/util/Comparator
instanceKlass java/io/ObjectStreamField
instanceKlass jdk/internal/vm/FillerObject
instanceKlass jdk/internal/vm/vector/VectorSupport$VectorPayload
instanceKlass jdk/internal/vm/vector/VectorSupport
instanceKlass java/lang/reflect/RecordComponent
instanceKlass java/util/Iterator
instanceKlass java/lang/Number
instanceKlass java/lang/Character
instanceKlass java/lang/Boolean
instanceKlass java/util/concurrent/locks/AbstractOwnableSynchronizer
instanceKlass java/lang/LiveStackFrame
instanceKlass java/lang/StackFrameInfo
instanceKlass java/lang/StackWalker$StackFrame
instanceKlass java/lang/StackStreamFactory$AbstractStackWalker
instanceKlass java/lang/StackWalker
instanceKlass java/nio/Buffer
instanceKlass java/lang/StackTraceElement
instanceKlass java/util/RandomAccess
instanceKlass java/util/List
instanceKlass java/util/SequencedCollection
instanceKlass java/util/AbstractCollection
instanceKlass java/util/Collection
instanceKlass java/lang/Iterable
instanceKlass java/util/concurrent/ConcurrentMap
instanceKlass java/util/AbstractMap
instanceKlass java/security/CodeSource
instanceKlass jdk/internal/loader/ClassLoaders
instanceKlass java/util/jar/Manifest
instanceKlass java/lang/Enum
instanceKlass java/net/URL
instanceKlass java/io/InputStream
instanceKlass java/io/Closeable
instanceKlass java/lang/AutoCloseable
instanceKlass jdk/internal/module/Modules
instanceKlass jdk/internal/misc/Unsafe
instanceKlass jdk/internal/misc/UnsafeConstants
instanceKlass java/lang/AbstractStringBuilder
instanceKlass java/lang/Appendable
instanceKlass java/lang/AssertionStatusDirectives
instanceKlass jdk/internal/foreign/abi/ABIDescriptor
instanceKlass jdk/internal/foreign/abi/NativeEntryPoint
instanceKlass java/lang/invoke/CallSite
instanceKlass java/lang/invoke/MethodType
instanceKlass java/lang/invoke/TypeDescriptor$OfMethod
instanceKlass java/lang/invoke/LambdaForm
instanceKlass java/lang/invoke/MethodHandleNatives
instanceKlass java/lang/invoke/ResolvedMethodName
instanceKlass java/lang/invoke/MemberName
instanceKlass java/lang/invoke/VarHandle
instanceKlass java/lang/invoke/MethodHandle
instanceKlass jdk/internal/reflect/CallerSensitive
instanceKlass java/lang/annotation/Annotation
instanceKlass jdk/internal/reflect/FieldAccessor
instanceKlass jdk/internal/reflect/ConstantPool
instanceKlass jdk/internal/reflect/ConstructorAccessor
instanceKlass jdk/internal/reflect/MethodAccessor
instanceKlass jdk/internal/reflect/MagicAccessorImpl
instanceKlass jdk/internal/vm/StackChunk
instanceKlass jdk/internal/vm/Continuation
instanceKlass jdk/internal/vm/ContinuationScope
instanceKlass java/lang/reflect/Parameter
instanceKlass java/lang/reflect/Member
instanceKlass java/lang/reflect/AccessibleObject
instanceKlass java/lang/Module
instanceKlass java/util/Map
instanceKlass java/util/Dictionary
instanceKlass java/lang/ThreadGroup
instanceKlass java/lang/Thread$UncaughtExceptionHandler
instanceKlass java/lang/Thread$Constants
instanceKlass java/lang/Thread$FieldHolder
instanceKlass java/lang/Thread
instanceKlass java/lang/Runnable
instanceKlass java/lang/ref/Reference
instanceKlass java/lang/Record
instanceKlass java/security/AccessController
instanceKlass java/security/AccessControlContext
instanceKlass java/security/ProtectionDomain
instanceKlass java/lang/SecurityManager
instanceKlass java/lang/Throwable
instanceKlass java/lang/System
instanceKlass java/lang/ClassLoader
instanceKlass java/lang/Cloneable
instanceKlass java/lang/Class
instanceKlass java/lang/invoke/TypeDescriptor$OfField
instanceKlass java/lang/invoke/TypeDescriptor
instanceKlass java/lang/reflect/Type
instanceKlass java/lang/reflect/GenericDeclaration
instanceKlass java/lang/reflect/AnnotatedElement
instanceKlass java/lang/String
instanceKlass java/lang/constant/ConstantDesc
instanceKlass java/lang/constant/Constable
instanceKlass java/lang/CharSequence
instanceKlass java/lang/Comparable
instanceKlass java/io/Serializable
ciInstanceKlass java/lang/Object 1 1 124 7 1 10 12 1 1 10 7 12 1 1 1 10 7 12 1 1 1 10 12 1 1 8 1 10 12 1 1 10 7 12 1 1 1 10 12 1 10 12 1 1 10 7 12 1 1 1 10 12 1 10 12 1 7 1 10 7 12 1 1 1 10 12 1 1 10 12 1 100 1 8 1 10 12 1 3 8 1 7 1 5 0 1 1 1 1 1 1 1 1 1 1 1 1 1 1 1 1 7 1 1 1 1 1 1 1 1 1 1 7 1 1 1 1 1 1 1 1 1 1 3 1 1
ciInstanceKlass java/io/Serializable 1 0 7 100 1 100 1 1 1
ciInstanceKlass java/lang/System 1 1 834 10 7 12 1 1 1 9 7 12 1 1 1 10 12 1 10 12 1 1 10 12 1 1 10 12 1 9 12 1 1 10 7 12 1 1 1 11 100 12 1 1 1 10 100 12 1 1 1 10 12 1 1 10 12 1 1 100 1 8 1 10 12 1 10 7 12 1 1 1 10 7 12 1 1 1 18 12 1 1 10 7 12 1 1 1 7 1 10 12 1 1 10 7 12 1 1 1 10 12 1 10 7 12 1 1 1 9 100 12 1 1 1 10 7 12 1 1 1 11 7 12 1 1 1 10 12 1 1 10 7 12 1 1 1 7 1 10 10 12 1 1 8 1 10 12 1 8 1 10 12 1 9 12 1 1 8 1 10 7 12 1 1 1 10 12 1 1 100 1 8 1 10 9 12 1 1 8 1 10 12 1 1 10 100 12 1 1 1 8 1 10 12 1 7 1 10 12 1 8 1 10 12 1 10 12 1 1 100 1 10 12 10 12 1 9 12 1 1 9 12 1 1 10 7 12 1 1 1 10 7 12 1 1 1 10 12 1 1 10 12 1 10 12 1 10 7 12 1 1 1 10 12 1 100 1 100 1 8 1 10 12 1 10 12 1 1 7 1 10 12 1 100 1 8 1 10 10 12 1 100 1 8 1 10 8 1 10 7 12 1 1 8 1 10 12 100 1 8 1 10 10 12 1 1 10 7 12 1 1 1 100 1 18 12 1 100 1 9 100 12 1 1 1 10 12 1 100 1 10 12 1 1 10 12 1 1 10 7 12 1 1 1 10 12 1 1 10 12 1 10 12 1 10 12 1 1 10 12 1 7 1 10 12 1 9 7 12 1 1 1 10 7 12 1 1 1 10 12 1 10 12 1 10 7 12 1 1 1 7 1 8 1 10 9 12 1 9 12 1 10 12 1 10 7 12 1 1 10 12 1 10 12 1 1 8 1 10 12 1 1 8 1 11 12 1 10 12 11 12 1 1 11 7 12 1 1 1 11 7 12 1 1 11 12 1 1 7 1 11 12 1 10 12 1 8 1 10 12 1 1 8 1 8 1 8 1 8 1 11 12 1 10 12 1 10 12 1 10 12 1 8 1 10 12 1 1 8 1 9 12 1 8 1 10 7 12 1 1 8 1 7 1 9 7 12 1 1 1 10 12 1 7 1 9 12 10 9 12 7 1 10 12 9 12 1 1 8 1 10 12 1 1 8 1 10 7 12 1 1 10 12 1 10 12 1 1 11 7 12 1 1 10 12 10 7 12 1 1 1 9 12 1 1 7 1 8 1 10 12 1 1 10 7 12 1 1 1 7 1 10 12 1 1 10 12 1 8 1 8 1 10 8 1 8 1 8 1 8 1 10 10 7 12 1 1 10 12 1 10 12 1 1 10 12 1 1 10 12 1 10 100 12 1 1 1 10 7 1 8 1 10 10 10 12 1 1 10 12 1 1 8 1 10 12 1 8 1 8 1 10 12 1 10 7 12 1 1 1 10 12 1 1 7 1 10 10 12 1 10 12 1 9 12 1 1 3 1 3 1 1 1 1 1 1 1 1 1 1 1 1 100 1 1 100 1 1 1 1 1 1 1 1 1 1 1 100 1 7 1 1 1 1 1 1 1 1 1 1 1 1 1 1 1 1 1 1 1 1 1 1 1 1 1 1 1 1 1 1 1 1 1 1 1 1 1 1 1 1 1 1 1 1 1 1 1 1 1 1 1 1 1 1 1 1 1 1 100 1 1 1 1 1 1 1 1 1 1 1 1 1 1 1 1 1 1 1 1 1 1 1 1 1 1 1 1 1 1 1 1 1 100 1 1 16 15 10 12 1 1 16 15 10 12 16 1 15 10 100 12 1 1 1 1 1 1 1 1 1 100 1 100 1 1
staticfield java/lang/System in Ljava/io/InputStream; java/io/BufferedInputStream
staticfield java/lang/System out Ljava/io/PrintStream; java/io/PrintStream
staticfield java/lang/System err Ljava/io/PrintStream; java/io/PrintStream
ciInstanceKlass java/lang/SecurityManager 0 0 576 10 7 12 1 1 1 9 7 12 1 1 1 10 7 12 1 1 1 100 1 8 1 10 12 1 10 12 1 1 10 7 12 1 1 1 10 7 1 10 100 1 10 9 100 12 1 1 1 10 7 12 1 1 1 10 12 1 1 10 7 12 1 1 100 1 8 1 10 9 12 1 1 9 12 1 8 1 9 12 1 7 1 10 8 1 10 12 1 1 10 12 1 10 12 1 1 100 1 10 10 12 1 1 100 1 8 1 10 12 1 8 1 8 1 8 1 8 1 8 1 8 1 10 12 1 8 1 8 1 8 1 8 1 8 1 10 7 12 1 1 1 10 12 1 1 8 1 100 1 8 1 10 8 1 8 1 8 1 8 1 8 1 10 100 12 1 1 8 1 100 1 8 1 8 1 10 8 1 10 12 1 100 1 8 1 10 10 12 1 1 10 12 1 10 12 1 10 12 1 10 100 12 1 1 1 10 12 1 10 100 12 1 1 11 100 12 1 1 1 18 12 1 1 11 100 12 1 1 1 18 12 1 1 11 12 1 1 18 18 11 12 1 18 12 1 11 12 1 1 9 12 1 1 9 12 1 9 12 1 9 12 1 100 1 10 100 12 1 1 10 12 1 10 12 1 18 12 1 18 10 100 12 1 1 1 18 12 1 10 12 1 18 18 8 1 10 12 1 9 12 1 1 11 7 12 1 1 1 8 1 100 1 10 12 1 10 12 1 1 10 12 1 1 9 12 1 1 10 12 1 10 12 1 1 8 1 100 1 10 9 12 1 8 1 10 12 1 8 1 100 1 10 10 100 12 1 1 10 100 1 9 7 12 1 1 1 11 12 1 1 10 12 1 11 12 1 10 12 1 7 1 10 10 12 1 1 10 12 1 1 1 1 1 1 1 1 1 1 1 7 1 1 1 1 1 1 1 1 1 1 1 1 1 1 1 1 1 1 1 1 1 1 1 1 1 1 1 1 1 1 1 1 1 1 1 1 1 1 1 1 1 1 1 1 1 1 1 1 1 1 1 1 1 1 1 1 3 1 1 1 1 1 1 1 1 1 1 100 1 1 1 1 1 1 1 1 1 1 1 1 1 1 1 1 1 1 1 1 1 1 1 1 1 1 1 1 1 1 1 1 1 1 1 1 1 1 16 15 10 7 12 1 1 1 16 1 16 15 10 12 16 1 15 10 12 16 15 11 7 1 16 1 16 1 15 10 12 16 15 10 12 16 15 10 12 1 16 1 15 11 12 1 15 10 12 16 15 10 16 1 15 10 100 12 1 1 1 1 1 1 100 1 100 1 1
ciInstanceKlass java/security/AccessController 1 1 295 10 7 12 1 1 1 10 7 12 1 1 1 10 7 12 1 1 1 10 12 1 1 10 12 1 1 10 7 12 1 1 1 10 12 1 1 10 12 1 10 12 1 1 10 12 1 100 1 8 1 10 12 1 10 12 1 10 12 1 1 10 12 1 7 1 7 1 10 12 1 1 10 12 1 10 12 1 10 12 1 1 10 7 12 1 1 1 10 12 1 1 9 100 12 1 1 1 10 7 12 1 1 1 10 12 1 10 12 1 9 100 12 1 1 1 10 12 1 10 12 1 1 9 12 1 1 10 100 1 10 11 7 12 1 1 1 10 7 12 1 1 11 7 1 100 1 10 12 1 10 12 1 10 12 1 8 1 10 12 1 1 8 1 10 100 12 1 1 1 8 1 7 1 10 10 12 1 1 10 12 1 10 7 12 1 1 1 10 12 1 8 1 10 7 12 1 1 8 1 8 1 10 12 1 8 1 10 12 1 10 12 1 1 10 12 1 1 1 1 1 1 1 1 1 1 1 1 1 1 1 1 1 1 1 1 1 1 1 1 1 1 1 1 100 1 1 1 1 1 1 1 1 1 1 1 1 1 1 1 1 1 1 1 1 1 1 1 1 1 1 1 1 1 1 1 1 1 1 100 1 100 1 1 1 1 1 1 1 1 1 3 1 1 1
staticfield java/security/AccessController $assertionsDisabled Z 1
ciInstanceKlass java/security/ProtectionDomain 1 1 348 10 7 12 1 1 1 9 7 12 1 1 1 7 1 10 9 12 1 1 9 12 1 1 9 12 1 1 10 7 12 1 1 7 1 9 12 1 9 12 1 1 7 1 9 12 1 1 9 12 1 10 7 12 1 1 10 7 12 1 1 1 10 12 1 1 10 12 1 9 12 1 9 100 12 1 1 10 12 1 1 10 100 1 10 12 1 1 8 1 7 1 8 1 10 12 1 10 11 10 7 12 1 1 1 10 12 1 1 8 1 11 8 1 10 12 1 8 1 8 1 10 12 1 1 10 12 1 10 12 1 1 10 12 1 8 1 10 12 1 8 1 8 1 10 7 12 1 1 1 9 100 12 1 1 1 10 12 1 1 9 100 12 1 1 1 10 7 12 1 1 1 100 1 18 12 1 1 10 7 12 1 1 1 10 7 1 10 12 1 10 12 1 1 11 100 12 1 1 11 12 1 100 1 11 7 12 1 1 1 10 12 1 10 11 12 1 1 11 12 1 1 10 12 1 10 7 12 1 1 10 100 12 1 1 11 12 1 10 12 10 12 1 8 1 8 1 10 7 12 1 1 1 7 1 10 10 7 12 1 1 1 1 1 1 1 1 1 1 7 1 1 7 1 1 1 1 1 1 1 1 1 1 1 1 1 1 1 1 1 1 1 1 1 1 1 1 1 1 1 1 1 1 1 1 1 1 1 1 1 1 1 1 1 1 1 1 7 1 1 1 1 1 1 100 1 1 16 15 10 12 16 15 10 100 12 1 1 1 1 1 1 1 100 1 100 1 1
staticfield java/security/ProtectionDomain filePermCompatInPD Z 0
ciInstanceKlass java/security/CodeSource 1 1 398 10 7 12 1 1 1 9 7 12 1 1 1 9 12 1 1 9 12 1 1 9 12 1 1 10 7 12 1 1 1 9 12 1 1 10 100 12 1 1 10 100 10 7 12 1 1 1 10 100 12 1 1 1 10 12 1 1 7 1 10 10 100 12 1 1 1 10 100 12 1 1 1 10 12 1 1 100 1 10 12 1 1 10 12 1 1 10 12 1 1 10 12 1 10 10 10 12 1 1 10 7 12 1 1 1 10 12 1 10 12 1 10 12 1 8 1 10 12 1 10 12 1 10 12 1 1 10 12 1 8 1 10 12 1 1 10 7 1 10 10 12 1 1 8 1 10 12 1 10 12 1 10 12 1 8 1 8 1 9 12 1 1 100 1 8 1 10 12 1 10 12 1 1 8 1 10 12 1 8 1 8 1 8 1 10 100 12 1 1 10 12 1 1 10 12 1 10 12 1 1 10 12 1 1 10 12 1 1 100 1 100 1 10 12 1 10 12 10 12 1 1 10 100 12 1 1 10 12 1 7 1 10 12 10 100 12 1 1 1 10 8 1 10 12 1 10 12 1 10 12 1 1 100 1 10 12 1 1 100 1 7 1 8 1 8 1 10 10 12 1 1 10 100 12 1 1 1 7 1 10 12 10 12 1 1 11 7 12 1 1 10 10 12 1 11 10 12 1 8 1 100 1 10 12 1 10 12 1 1 10 12 1 11 12 1 1 7 1 1 1 1 5 0 1 1 1 1 1 1 1 1 1 1 1 1 1 1 1 1 1 1 1 1 1 1 1 1 1 1 1 1 1 1 1 1 1 1 1 1 1 1 1 1 1 1 1 1 1 1 1 1 1 1 1 1 1 1 1 1 1 1 1 1 1 1 1 1 1 1 100 1 1 1 1 1 1 1
ciInstanceKlass java/lang/Boolean 1 1 152 10 7 12 1 1 1 9 7 12 1 1 1 10 12 1 1 10 12 1 8 1 10 7 12 1 1 9 12 1 1 9 12 1 10 12 1 1 10 12 1 1 10 12 1 1 10 7 12 1 1 1 100 1 100 1 10 12 1 1 9 100 12 1 1 9 12 10 100 12 1 1 1 10 12 1 1 8 1 10 7 12 1 1 1 9 12 1 1 7 1 7 1 7 1 1 1 1 1 1 5 0 1 1 1 1 1 1 1 1 1 1 3 1 1 1 1 1 1 1 1 1 1 1 1 1 1 1 1 1 1 7 1 1 1 1 1 1 1 1 1 1 100 1 1 1 1 1 1 1 1 1
staticfield java/lang/Boolean TRUE Ljava/lang/Boolean; java/lang/Boolean
staticfield java/lang/Boolean FALSE Ljava/lang/Boolean; java/lang/Boolean
staticfield java/lang/Boolean TYPE Ljava/lang/Class; java/lang/Class
ciInstanceKlass java/lang/Comparable 1 0 12 100 1 100 1 1 1 1 1 1 1 1
ciInstanceKlass java/lang/constant/Constable 1 0 11 100 1 100 1 1 1 1 1 1 1
ciInstanceKlass java/util/Map 1 1 263 11 7 12 1 1 1 11 12 1 1 10 7 12 1 1 11 12 1 1 11 7 12 1 1 1 11 100 12 1 1 1 11 12 1 1 7 1 11 12 1 11 12 1 100 1 100 1 10 12 1 1 11 100 12 1 1 1 11 100 12 1 1 1 11 12 1 11 12 1 10 12 1 1 11 12 1 11 100 12 1 9 7 12 1 1 1 100 1 10 12 7 1 7 1 10 12 1 7 1 10 7 1 11 12 1 11 12 1 1 11 12 1 1 7 1 11 12 1 1 1 1 1 1 1 1 1 1 1 1 1 1 1 1 1 1 1 1 1 1 1 1 1 1 1 1 1 1 1 1 1 1 1 1 1 1 1 1 1 1 1 1 1 1 1 1 1 1 1 1 1 1 1 1 1 1 1 1 1 1 1 1 1 1 1 1 1 1 1 1 1 1 1 1 1 1 1 1 1 1 1 1 1 1 1 1 1 1 1 1 1 1 1 1 1 1 1 1 1 1 1 1 1 1 1 1 1 1 1 1 1 1 1 1 1 1 1 1 1 1 1 1 1 1 100 1 1 1 1 1 1 1 1 1 1 1 1 1 1 1 1 1 1
ciInstanceKlass java/lang/Class 1 1 1687 10 7 12 1 1 1 9 7 12 1 1 1 9 12 1 1 10 12 1 1 8 1 10 12 1 8 1 8 1 10 12 1 1 10 7 12 1 1 1 10 12 1 7 1 10 10 12 1 10 12 1 1 10 12 1 1 10 12 1 1 10 7 12 1 1 10 12 1 10 12 1 10 12 1 8 1 10 12 1 8 1 10 12 1 8 1 8 1 10 12 1 1 10 7 12 1 1 1 18 12 1 1 11 7 12 1 1 1 8 1 8 1 8 1 10 7 12 1 1 1 11 12 1 1 8 1 10 12 1 10 11 7 12 1 1 1 11 7 12 1 1 1 11 8 1 18 8 1 10 12 1 10 7 12 1 1 10 12 1 1 10 7 12 1 1 1 10 12 1 1 10 12 1 1 10 7 12 1 1 1 10 12 9 100 12 1 1 1 10 7 12 1 1 1 10 12 1 10 7 12 1 1 1 10 12 1 1 18 12 1 1 10 7 12 1 1 1 10 7 12 1 10 12 1 1 10 7 1 7 1 10 12 1 1 9 12 1 1 100 1 8 1 10 12 1 10 12 1 1 10 12 1 1 10 7 12 1 1 1 7 1 10 12 1 7 1 100 1 10 10 12 1 1 10 12 1 1 100 1 10 7 12 1 1 1 10 12 1 1 10 12 1 1 9 12 1 1 10 12 1 10 12 1 1 9 12 1 1 9 12 1 1 10 12 1 1 10 7 1 10 12 1 10 12 1 10 12 1 1 10 9 12 1 10 12 1 8 1 10 12 1 1 10 12 1 1 10 12 1 10 12 1 1 10 12 1 1 10 12 1 1 9 7 12 1 1 1 10 7 12 1 1 10 12 10 12 1 10 12 1 10 12 1 10 12 1 9 100 12 1 1 1 9 12 1 10 12 1 10 100 12 1 1 1 10 12 1 1 10 100 12 1 1 10 12 1 10 12 1 1 10 100 12 1 1 1 10 12 1 10 12 1 1 10 12 1 10 12 1 10 12 1 1 10 7 1 10 10 10 12 1 1 10 12 1 1 10 12 10 10 12 1 1 7 1 8 1 10 10 12 1 1 10 12 1 100 1 11 12 1 10 100 12 1 1 10 12 1 10 12 1 10 100 12 1 1 10 10 12 1 1 8 1 10 12 1 10 12 1 1 8 1 10 12 1 9 12 1 10 12 1 10 12 1 10 12 1 10 12 7 1 9 12 1 10 12 1 9 12 1 10 12 1 10 12 1 10 12 1 10 10 12 1 10 12 1 10 7 12 1 1 10 12 1 10 12 1 10 12 1 1 10 12 1 10 12 1 10 12 1 100 1 10 12 1 10 12 1 1 10 12 1 1 10 12 1 1 10 12 1 1 10 12 1 1 10 12 1 1 100 1 10 10 12 1 1 10 12 1 1 10 12 1 1 10 10 12 1 10 12 1 1 10 12 1 1 10 12 1 1 10 12 1 1 7 1 10 10 12 11 7 12 1 1 10 12 1 10 12 1 10 100 12 1 1 1 10 12 1 1 10 10 12 1 1 7 1 10 10 12 1 1 10 7 12 1 1 1 100 1 100 1 10 12 1 1 10 12 1 10 10 12 1 1 10 12 1 10 12 1 10 12 1 10 100 12 1 1 1 11 7 12 1 1 10 12 1 10 12 1 9 12 1 10 12 1 1 10 12 1 9 7 12 1 1 1 9 12 1 10 100 12 1 1 1 10 12 1 10 12 1 10 100 12 1 1 1 10 12 1 10 12 10 12 1 1 100 1 10 8 1 10 12 1 11 11 12 1 1 11 7 12 1 1 11 12 1 8 1 10 12 1 10 12 1 1 9 12 1 9 12 1 1 10 7 12 1 1 9 12 1 10 12 1 1 10 10 12 1 10 7 12 1 1 1 10 7 12 1 1 10 7 12 1 1 9 12 1 1 10 12 1 9 12 1 10 12 1 10 12 1 1 9 12 1 1 9 12 1 10 12 1 10 12 1 1 9 12 1 100 1 10 10 12 1 1 7 1 10 12 1 1 100 11 7 1 9 12 1 1 9 12 1 7 1 10 12 1 9 12 1 1 9 12 1 10 12 1 10 12 1 1 9 12 1 7 1 10 10 12 1 1 10 10 12 1 10 12 10 10 12 1 9 12 1 10 12 1 1 10 7 12 1 1 1 10 12 1 1 10 12 1 8 10 100 8 1 18 8 1 8 1 10 12 1 9 12 1 9 12 1 1 10 12 1 7 1 7 1 10 12 1 9 12 1 1 7 1 10 10 12 1 10 7 1 9 12 1 8 1 10 12 1 7 1 10 12 1 10 12 1 1 100 1 7 1 9 12 1 100 1 8 1 10 10 7 12 1 1 1 10 12 11 7 12 1 1 1 10 12 1 10 12 1 1 10 8 1 8 1 10 12 1 1 9 7 12 1 1 11 12 7 1 11 7 12 1 1 9 12 1 10 100 12 1 1 1 10 7 12 1 1 10 12 1 1 9 12 1 9 10 12 1 1 10 12 1 1 10 12 1 1 10 12 1 1 10 12 1 1 11 12 1 100 1 11 12 1 10 100 12 1 1 1 10 12 1 11 12 1 10 100 12 1 1 1 10 12 1 10 100 12 1 1 1 11 12 1 11 12 1 1 10 12 1 10 12 1 1 9 12 1 1 9 100 12 1 1 10 12 1 10 100 12 1 1 1 10 12 1 1 10 12 1 10 12 1 10 12 1 10 7 12 1 1 1 10 12 1 8 1 10 12 1 10 12 1 10 12 1 100 1 10 12 10 100 12 1 1 1 11 100 12 1 1 1 10 12 1 1 10 12 1 18 12 1 1 11 12 1 1 18 11 12 1 18 12 1 11 12 1 10 12 1 1 10 12 1 10 12 1 10 12 1 10 12 1 10 12 10 12 1 8 1 10 12 1 7 1 9 12 1 1 7 1 7 1 7 1 7 1 1 1 3 1 3 1 3 1 1 1 1 1 1 1 5 0 1 1 1 1 1 1 1 1 1 1 1 1 1 1 1 1 1 1 1 1 1 1 1 1 100 1 1 1 1 1 1 1 100 1 1 1 1 1 7 1 1 1 1 1 1 1 1 1 1 1 1 1 1 1 1 1 1 1 1 1 1 1 1 1 1 1 1 1 1 1 1 1 1 1 1 1 1 1 1 1 1 100 1 1 1 1 1 1 1 1 1 1 1 1 1 1 1 1 1 1 1 1 1 1 1 1 1 1 1 1 1 1 1 100 1 1 1 1 1 1 1 1 1 1 1 1 1 1 1 1 1 1 1 1 3 1 1 1 1 1 1 1 1 1 1 1 1 1 1 1 1 1 1 1 1 1 1 1 1 1 1 1 1 1 1 1 1 1 1 1 7 1 7 1 1 1 1 1 1 1 7 1 1 1 1 1 1 1 1 1 1 1 1 1 1 1 1 1 1 1 1 1 1 1 1 1 1 1 1 1 1 1 1 1 1 1 1 1 1 1 1 1 1 1 1 1 1 1 1 1 1 1 1 1 1 1 1 1 1 1 1 1 1 1 1 1 1 1 1 1 1 1 1 1 1 1 1 1 1 1 1 1 1 1 1 1 1 1 1 1 1 1 1 1 1 1 1 1 1 1 1 1 1 1 1 1 1 1 1 1 1 1 1 1 1 1 1 1 1 1 1 1 1 1 1 16 15 10 12 16 15 11 12 16 1 16 15 16 15 10 12 16 16 15 10 12 16 15 16 1 15 10 12 16 15 10 7 12 1 1 1 1 1 1 1 1 1 1 1 1 1 7 1 1 100 1 100 1 1 100 1 100 1 1 100 1 100 1 1
staticfield java/lang/Class EMPTY_CLASS_ARRAY [Ljava/lang/Class; 0 [Ljava/lang/Class;
staticfield java/lang/Class serialPersistentFields [Ljava/io/ObjectStreamField; 0 [Ljava/io/ObjectStreamField;
ciInstanceKlass java/lang/reflect/AnnotatedElement 1 1 164 11 7 12 1 1 1 11 12 1 1 7 1 10 100 12 1 1 1 10 12 1 1 10 12 1 1 10 12 1 10 100 12 1 1 1 11 12 1 1 11 7 12 1 1 10 7 12 1 1 1 10 12 1 10 100 12 1 1 1 18 12 1 1 11 100 12 1 1 18 12 1 18 12 1 1 10 100 12 1 1 1 11 100 12 1 1 1 7 1 10 100 12 1 1 1 1 1 1 1 1 1 1 1 1 1 1 1 1 1 1 1 1 1 1 1 1 1 100 1 1 1 1 1 1 1 1 1 1 1 16 15 16 1 16 1 15 11 12 16 16 1 15 10 100 12 1 1 1 16 1 15 10 100 12 1 1 1 1 100 1 100 1 1
ciInstanceKlass java/lang/invoke/TypeDescriptor 1 0 17 100 1 100 1 1 1 1 1 1 100 1 100 1 1 1 1
ciInstanceKlass java/lang/reflect/GenericDeclaration 1 0 30 7 1 7 1 7 1 1 1 1 1 1 1 1 100 1 8 1 1 12 10 1 1 1 8 1 1 1 8 1
ciInstanceKlass java/lang/reflect/Type 1 1 17 11 7 12 1 1 1 100 1 1 1 1 1 1 1 1 1
ciInstanceKlass java/lang/invoke/TypeDescriptor$OfField 1 0 21 100 1 100 1 100 1 1 1 1 1 1 1 1 1 1 1 1 1 1 1
ciInstanceKlass java/lang/StringBuilder 1 1 422 10 7 12 1 1 1 10 12 1 10 12 1 10 12 1 1 10 7 12 1 1 1 10 7 12 1 1 1 10 12 1 10 12 1 10 12 1 10 12 1 10 12 1 10 12 1 10 12 1 10 12 1 10 12 1 10 12 1 10 12 1 10 12 1 10 12 1 10 12 1 1 10 12 1 10 12 1 1 10 12 1 1 10 12 1 10 12 1 10 12 1 10 12 1 10 12 1 10 12 1 10 12 1 10 12 10 12 1 10 12 1 10 12 1 10 12 1 1 10 12 1 10 12 1 10 12 10 12 1 1 10 12 1 10 12 1 10 12 1 10 100 12 1 1 1 9 12 1 1 10 12 1 10 12 1 1 10 12 1 1 9 12 1 1 10 100 12 1 1 1 10 100 1 10 12 1 1 10 100 12 1 1 10 12 1 10 12 1 1 100 1 100 1 8 1 10 10 12 1 1 10 12 1 10 12 1 10 12 1 1 10 12 1 10 12 1 10 12 1 10 12 1 10 12 1 10 12 10 12 1 10 12 1 10 12 1 10 12 1 10 12 1 10 12 1 10 12 1 10 12 1 10 12 1 1 10 12 1 1 10 12 1 10 12 1 10 12 1 10 12 10 12 10 12 1 10 12 1 10 12 1 10 12 10 12 1 10 12 1 10 12 1 10 12 1 10 12 1 10 12 1 10 12 1 10 12 1 10 12 1 1 10 12 1 10 12 1 1 10 12 1 10 12 1 1 10 12 1 10 12 1 1 10 12 1 10 12 1 10 12 1 10 10 12 1 10 12 1 7 1 7 1 7 1 7 1 1 1 1 5 0 1 1 1 1 1 1 1 1 1 1 1 1 1 1 1 1 1 1 1 1 1 1 1 1 1 1 1 1 1 1 1 1 1 1 1 1 1 1 1 1 1 1 1 1 100 1 1 1 7 1 1 1 1 1 1 1 1 1 1 1
instanceKlass java/lang/StringBuilder
instanceKlass java/lang/StringBuffer
ciInstanceKlass java/lang/AbstractStringBuilder 1 1 599 7 1 10 7 12 1 1 1 9 7 12 1 1 1 9 12 1 9 12 1 1 9 12 1 1 10 7 12 1 1 1 10 12 1 1 7 1 3 3 10 12 1 10 12 1 1 11 7 1 100 1 7 1 10 8 1 10 12 1 10 12 1 10 12 1 1 10 12 1 10 12 1 9 12 1 10 12 1 9 12 1 1 10 12 1 1 10 7 12 1 1 1 10 10 12 1 10 12 1 10 12 1 1 10 12 1 1 10 7 12 1 1 1 10 7 12 1 1 1 7 1 8 1 10 10 12 1 1 100 1 10 12 10 12 1 1 10 10 12 1 1 10 12 1 1 10 12 1 1 10 12 1 1 10 10 7 12 1 1 1 10 12 1 100 1 10 10 7 12 1 1 1 9 12 1 1 9 12 1 10 12 1 1 10 10 12 1 1 10 12 10 12 1 10 12 1 1 10 12 1 1 10 12 1 1 10 12 1 10 12 1 1 10 12 1 1 10 12 1 10 12 1 1 8 1 10 12 1 1 10 12 1 10 12 1 10 12 1 10 12 1 10 12 1 10 12 1 10 7 12 1 1 10 12 1 10 12 1 10 100 12 1 1 1 100 1 100 1 10 12 1 10 100 12 1 1 10 12 1 10 12 1 10 12 1 10 12 1 1 10 12 1 10 12 1 1 10 12 1 1 10 10 7 12 1 1 1 10 12 1 10 12 1 10 12 1 1 10 12 1 10 12 1 10 12 1 10 12 1 10 12 1 10 12 1 10 12 1 10 12 1 1 10 12 1 10 12 1 10 12 10 12 1 1 18 12 1 1 100 1 10 100 12 1 1 1 18 10 12 1 1 10 12 1 10 12 1 1 11 12 1 1 10 12 1 10 12 10 10 10 12 1 10 5 0 10 10 12 1 1 100 1 8 1 10 10 12 1 1 10 100 12 1 1 1 10 12 1 10 12 1 1 100 1 10 12 100 1 10 100 1 10 7 1 1 1 1 1 1 1 1 1 1 1 100 1 1 1 1 1 1 1 1 1 1 1 1 1 1 1 1 1 1 1 1 1 1 1 1 1 1 1 1 1 1 1 1 1 1 1 1 1 1 1 1 1 1 1 1 1 1 1 1 1 1 1 1 1 1 1 1 1 1 1 1 1 1 1 1 1 1 1 1 1 1 1 1 1 1 1 1 1 1 1 1 1 1 1 1 1 1 1 1 1 1 1 1 1 1 1 1 1 1 1 1 100 1 1 1 1 1 1 1 1 1 1 1 1 1 1 1 1 1 100 1 1 1 1 1 1 7 1 1 16 1 15 10 12 16 15 10 12 15 10 100 12 1 1 1 1 1 1 1 100 1 100 1 1
staticfield java/lang/AbstractStringBuilder EMPTYVALUE [B 0
ciInstanceKlass java/lang/Appendable 1 0 14 100 1 100 1 1 1 1 100 1 1 1 1 1
ciInstanceKlass java/lang/CharSequence 1 1 131 11 7 12 1 1 1 18 12 1 1 100 1 10 100 12 1 1 1 18 10 100 12 1 1 1 11 12 1 1 11 7 1 11 12 1 1 10 100 12 1 1 1 11 12 1 1 100 1 10 12 1 1 10 100 12 1 1 1 100 1 10 10 12 1 1 7 1 1 1 1 1 1 1 1 1 1 1 1 1 1 1 1 1 1 1 1 1 1 1 1 1 1 1 1 1 1 1 1 1 16 1 15 11 12 16 15 11 12 15 10 100 12 1 1 1 1 1 100 1 100 1 1 100 1 1 100 1 100 1 1
ciInstanceKlass java/lang/AutoCloseable 1 0 12 100 1 100 1 1 1 1 100 1 1 1
ciInstanceKlass java/io/Closeable 1 0 14 100 1 100 1 100 1 1 1 1 100 1 1 1
instanceKlass ch/qos/logback/core/boolex/EvaluationException
instanceKlass ch/qos/logback/core/spi/ScanException
instanceKlass ch/qos/logback/core/util/DynamicClassLoadingException
instanceKlass ch/qos/logback/core/util/IncompatibleClassException
instanceKlass ch/qos/logback/core/joran/spi/JoranException
instanceKlass software/coley/cafedude/InvalidClassException
instanceKlass com/typesafe/config/impl/Tokenizer$ProblemException
instanceKlass com/typesafe/config/impl/AbstractConfigValue$NotPossibleToResolve
instanceKlass java/util/concurrent/ExecutionException
instanceKlass org/apache/http/HttpException
instanceKlass java/util/concurrent/TimeoutException
instanceKlass sun/security/pkcs11/wrapper/PKCS11Exception
instanceKlass java/security/PrivilegedActionException
instanceKlass javax/naming/NamingException
instanceKlass sun/security/ec/ECOperations$IntermediateValueException
instanceKlass sun/nio/fs/WindowsException
instanceKlass java/security/GeneralSecurityException
instanceKlass javax/xml/datatype/DatatypeConfigurationException
instanceKlass java/net/URISyntaxException
instanceKlass java/beans/PropertyVetoException
instanceKlass java/beans/IntrospectionException
instanceKlass org/apache/log4j/config/PropertySetterException
instanceKlass java/lang/CloneNotSupportedException
instanceKlass java/lang/InterruptedException
instanceKlass java/sql/SQLException
instanceKlass java/text/ParseException
instanceKlass java/io/IOException
instanceKlass java/lang/ReflectiveOperationException
instanceKlass java/lang/RuntimeException
ciInstanceKlass java/lang/Exception 1 1 40 10 7 12 1 1 1 10 12 1 10 12 1 10 12 1 10 12 1 100 1 1 1 1 5 0 1 1 1 1 1 1 1 1 1 1 1 1 1 1
instanceKlass dev/xdark/ssvm/execution/WrappedVMException
instanceKlass java/lang/Exception
instanceKlass java/lang/Error
ciInstanceKlass java/lang/Throwable 1 1 404 10 7 12 1 1 1 9 7 12 1 1 1 9 12 1 1 9 12 1 9 12 1 1 9 12 1 10 12 1 1 9 12 1 1 10 12 1 1 10 12 1 100 1 7 1 10 8 1 10 12 1 1 8 1 10 100 12 1 1 10 10 12 1 100 1 8 1 10 10 12 1 1 10 7 12 1 1 10 12 1 8 1 9 7 12 1 1 1 10 12 1 1 7 1 10 12 10 12 1 10 7 12 1 1 1 7 1 10 12 10 12 1 10 12 1 7 1 10 10 7 12 1 1 1 11 7 12 1 1 1 10 12 1 1 10 12 1 1 8 1 10 12 1 10 12 1 1 8 1 8 1 10 12 1 1 10 12 1 8 1 8 1 9 12 1 1 10 12 1 1 100 1 10 11 12 1 8 1 8 1 10 7 12 1 1 8 1 10 12 1 8 1 100 1 10 12 1 9 12 1 1 10 12 1 10 7 12 1 9 12 1 1 10 12 1 1 100 1 8 1 10 12 1 10 100 12 1 1 10 12 1 1 7 1 10 100 12 1 1 1 10 12 1 11 7 12 1 1 1 11 7 12 1 1 11 12 1 8 1 10 12 1 1 8 1 10 10 9 100 12 1 1 1 8 1 10 12 1 1 11 10 100 1 8 1 10 11 12 1 1 8 1 9 12 1 10 100 12 1 1 11 9 12 1 1 11 12 1 1 100 10 12 1 10 12 1 1 7 1 1 1 1 5 0 1 1 1 1 1 1 1 1 1 1 1 1 1 7 1 1 1 1 1 1 1 1 1 1 1 1 1 1 1 1 1 1 1 1 1 1 1 1 1 1 1 1 1 1 1 1 1 1 1 1 1 1 1 1 1 1 1 1 100 1 7 1 1 1 1 1 1 1 1 1 1 1 1 1 1 1 1 1 1
staticfield java/lang/Throwable UNASSIGNED_STACK [Ljava/lang/StackTraceElement; 0 [Ljava/lang/StackTraceElement;
staticfield java/lang/Throwable SUPPRESSED_SENTINEL Ljava/util/List; java/util/Collections$EmptyList
staticfield java/lang/Throwable EMPTY_THROWABLE_ARRAY [Ljava/lang/Throwable; 0 [Ljava/lang/Throwable;
staticfield java/lang/Throwable $assertionsDisabled Z 1
instanceKlass java/security/Provider
ciInstanceKlass java/util/Properties 1 1 690 10 7 12 1 1 1 100 1 10 7 12 1 1 7 1 10 12 1 9 12 1 1 9 12 1 1 9 12 1 1 10 7 12 1 1 1 10 12 1 1 8 1 10 7 12 1 1 1 7 1 10 12 1 10 12 1 1 8 1 10 12 1 7 1 10 12 10 12 1 1 9 12 1 1 10 12 1 1 7 1 10 12 1 10 12 1 10 12 1 1 100 1 8 1 10 12 1 10 12 1 10 12 1 1 10 12 1 7 1 3 10 10 100 12 1 1 1 10 12 1 10 12 1 1 8 1 10 12 1 10 12 1 1 8 1 10 100 12 1 1 10 12 1 1 10 12 1 10 12 1 1 100 1 10 12 1 10 12 1 1 100 1 9 100 12 1 1 1 10 12 1 10 12 1 1 10 12 1 1 10 12 1 1 100 1 9 12 1 1 7 1 7 1 10 12 1 7 1 11 7 12 1 1 1 11 12 1 1 11 7 12 1 1 1 11 7 12 1 1 1 11 12 1 1 11 12 1 11 12 1 10 12 1 1 8 1 10 12 1 10 100 12 1 1 10 12 1 100 1 10 10 12 1 10 12 1 100 1 10 10 12 1 1 10 7 12 1 1 9 100 12 1 1 10 12 1 1 10 100 12 1 1 1 100 1 100 1 100 1 10 8 1 8 1 10 12 1 10 12 1 10 12 1 1 10 10 12 1 1 10 12 1 1 7 1 10 10 12 1 11 7 12 1 1 10 7 12 1 1 1 8 1 10 100 12 1 1 11 11 7 1 8 1 10 100 1 11 10 12 1 10 10 12 1 10 12 1 1 10 12 1 1 10 12 1 1 10 12 1 10 12 1 10 10 12 1 10 12 1 10 12 1 10 10 12 1 1 10 12 1 1 10 10 12 1 10 12 1 10 12 1 10 12 1 10 12 1 1 10 12 1 1 10 12 1 10 12 1 10 12 1 1 10 12 10 12 1 1 10 12 1 1 10 12 1 10 12 1 1 10 12 1 1 10 12 10 11 12 1 4 11 10 12 1 1 10 100 12 1 1 11 12 1 10 12 1 1 10 100 12 1 1 10 12 1 100 1 8 1 10 12 1 10 10 100 12 1 1 1 100 1 6 0 10 12 1 1 11 100 12 1 1 1 10 12 1 10 12 1 1 1 1 1 5 0 1 1 1 1 1 1 1 1 1 1 1 1 1 1 1 1 1 1 1 1 1 1 1 1 1 1 1 1 1 1 1 1 1 1 1 1 1 1 1 100 1 1 1 1 1 1 1 1 1 1 1 1 1 1 1 1 1 1 1 1 100 1 1 1 1 1 1 1 1 1 1 1 1 7 1 7 1 1 1 1 1 100 1 1 1 1 1 1 1 1 1 1 1 1 1 1 1 1 1 1 1 1 1 1 1 1 1 1 1 1 1 1 1 1 1 1 1 1 1 1 1 1 1 1 1 1 1 1 1 1 1 1 1 1 1 1 1 1 1 1 1 1 1 1 1 1 1 1 1 1 1 1 1 1 1 1 1 1 1 7 1 1 1 1 1 1 1 1 1 1 1 100 1 1
staticfield java/util/Properties UNSAFE Ljdk/internal/misc/Unsafe; jdk/internal/misc/Unsafe
instanceKlass java/util/Hashtable
ciInstanceKlass java/util/Dictionary 1 1 36 10 7 12 1 1 1 100 1 1 1 1 1 1 1 1 1 1 1 1 1 1 1 1 1 1 1 1 1 1 1 1 1 1 1 1
instanceKlass org/apache/commons/logging/impl/WeakHashtable
instanceKlass java/util/Properties
ciInstanceKlass java/util/Hashtable 1 1 516 7 1 10 7 12 1 1 1 9 7 12 1 1 1 100 1 7 1 10 8 1 10 12 1 1 10 12 1 10 12 1 1 10 12 1 10 7 12 1 1 1 8 1 10 12 1 9 12 1 1 7 1 9 12 1 1 4 10 7 12 1 1 1 9 12 1 4 10 12 1 11 7 12 1 1 1 10 12 1 1 10 12 1 1 9 12 1 10 12 1 1 100 1 10 9 12 1 1 10 7 12 1 1 1 9 12 1 1 10 12 1 10 12 1 3 9 12 1 9 12 1 3 10 12 1 10 12 1 10 12 1 1 11 12 1 1 11 7 12 1 1 1 11 7 12 1 1 1 11 12 1 7 1 11 12 1 11 12 1 10 12 1 1 10 12 1 1 10 12 1 9 12 1 1 9 12 9 12 1 1 10 100 1 7 1 10 12 1 10 8 1 10 10 12 1 8 1 10 8 1 10 7 12 1 1 1 7 1 10 12 1 10 12 1 100 1 10 12 1 10 12 1 1 7 1 10 100 1 10 10 12 1 1 11 12 1 1 11 12 1 7 1 10 10 10 100 12 1 1 11 100 12 1 1 1 100 1 10 11 100 12 1 1 11 100 12 1 10 12 1 10 12 1 1 10 100 12 1 1 10 12 1 1 10 12 1 1 10 12 1 1 10 100 12 1 1 1 8 10 100 12 1 1 100 1 8 1 10 4 4 10 12 1 1 10 12 1 8 1 4 10 12 10 100 12 1 1 1 100 1 11 100 12 1 1 1 10 100 12 1 1 1 10 12 1 10 12 1 1 10 7 1 7 1 1 1 1 1 1 5 0 1 1 1 1 1 3 1 3 1 3 1 1 1 1 1 1 1 1 1 1 1 1 1 1 1 1 1 1 1 1 1 1 1 1 1 100 1 1 1 1 1 1 1 1 1 1 1 1 1 1 1 1 1 1 1 1 1 1 1 1 1 1 1 1 1 7 1 1 1 1 1 1 1 1 1 1 1 1 1 1 7 1 1 1 1 1 1 1 1 1 1 1 1 1 1 1 1 1 1 1 1 1 1 1 1 1 1 1 1 1 1 1 1 1 1 1 1 1 1 1 1 1 1 1 1 100 1 1 1 7 1 1 1 1 1 7 1 1 1 1 1 1 1 1 1 1 1 1 1 1 1 1 1 1
ciInstanceKlass java/lang/String 1 1 1443 10 7 12 1 1 1 8 1 9 7 12 1 1 1 9 12 1 1 9 12 1 1 9 12 1 1 10 12 1 10 12 1 1 10 12 1 1 9 12 1 10 7 12 1 1 1 10 7 1 10 7 12 1 1 1 10 12 1 1 10 12 1 1 10 12 1 10 12 1 1 10 12 1 10 7 12 1 1 1 7 1 9 7 12 1 1 1 10 7 12 1 1 1 10 7 12 1 1 1 10 12 1 1 10 12 1 1 10 12 1 1 10 12 1 1 9 7 12 1 1 10 12 9 7 12 1 1 10 12 1 1 3 10 12 1 1 7 1 11 12 1 1 11 12 1 11 12 1 1 10 7 12 1 1 1 10 12 1 1 9 7 12 1 1 1 10 12 1 1 10 12 1 11 12 1 1 10 12 1 1 10 12 10 12 1 1 10 7 12 1 1 1 10 12 1 1 10 12 1 1 100 1 7 1 10 12 1 10 12 1 10 12 1 1 100 1 10 12 1 1 100 1 10 12 1 1 10 12 1 1 10 12 1 10 10 12 1 100 1 100 1 100 1 10 12 1 10 12 1 1 10 12 1 1 10 12 1 10 12 1 1 10 12 1 1 10 7 12 1 1 7 1 11 10 7 12 1 1 11 12 1 11 12 1 10 12 1 1 10 12 1 10 12 10 12 1 1 10 10 7 12 1 1 1 10 7 12 1 1 10 12 1 1 10 7 12 1 1 10 12 1 10 12 1 1 10 12 1 1 10 12 1 10 12 1 10 12 1 1 100 1 10 12 1 1 10 12 10 12 1 10 12 1 1 10 12 1 1 10 7 12 1 1 1 10 12 1 10 12 1 1 10 12 1 10 12 1 3 3 10 12 1 1 10 12 1 10 12 1 1 10 12 1 1 10 12 1 1 10 12 1 10 12 1 1 10 12 1 1 10 12 1 10 12 1 10 12 1 10 12 1 1 10 12 1 10 12 1 10 12 1 10 12 1 10 12 1 10 12 1 10 7 1 10 8 1 10 12 1 1 10 12 1 8 1 10 12 1 1 10 12 10 12 1 8 1 10 10 12 1 1 10 12 1 1 10 12 1 1 10 7 1 10 10 12 1 10 12 1 10 12 1 10 10 12 1 10 12 1 10 12 1 10 12 1 10 12 1 10 12 1 10 12 1 1 10 12 1 1 10 12 1 1 10 10 12 1 1 10 10 12 1 100 1 10 10 12 1 1 10 12 1 1 10 7 1 10 12 1 10 12 1 10 7 12 1 1 1 10 12 1 10 12 1 1 10 12 1 11 7 1 11 12 10 12 1 10 12 1 1 10 12 1 1 10 10 12 1 10 12 1 9 12 1 1 11 7 12 1 1 1 10 12 10 10 12 1 10 12 1 1 10 10 12 1 10 12 1 10 12 1 1 10 12 1 1 10 10 12 1 1 10 12 1 10 10 12 1 10 12 10 10 12 10 10 12 1 10 12 1 10 10 12 10 7 12 1 1 1 10 12 10 10 12 10 12 1 10 12 10 12 10 10 12 1 10 12 1 1 10 12 1 1 10 10 12 1 10 7 12 1 1 1 10 12 1 1 10 10 7 12 1 1 1 11 10 12 1 10 12 1 1 10 12 1 1 10 7 12 1 1 1 10 12 1 10 12 1 10 12 1 10 12 1 10 12 1 10 12 1 100 1 7 1 8 1 10 10 10 12 1 10 12 1 1 8 1 10 12 1 3 3 10 12 1 10 12 1 1 10 12 7 1 10 10 12 1 1 10 12 1 10 12 1 10 12 1 1 10 12 1 1 11 7 12 1 1 1 7 1 10 12 1 10 12 1 1 8 1 10 12 1 1 10 12 1 11 7 12 1 1 1 11 7 12 1 1 11 12 1 10 12 1 10 12 1 1 10 10 7 12 1 1 1 10 12 1 10 12 1 10 10 12 10 12 1 1 10 10 12 1 10 10 12 1 10 10 12 1 10 10 12 1 10 12 1 1 10 10 12 1 8 1 10 12 1 1 18 12 1 1 11 100 12 1 1 1 7 1 3 18 12 1 18 12 1 8 1 10 100 12 1 1 1 11 12 1 1 10 12 10 10 12 1 10 11 12 1 1 10 12 1 1 11 12 1 18 3 11 10 12 1 11 11 10 12 1 10 12 1 1 8 1 10 12 1 10 12 1 10 12 1 1 10 10 12 1 11 100 12 1 100 1 100 1 10 12 100 1 10 10 100 12 1 1 1 100 1 10 7 1 10 10 12 1 10 10 12 1 8 1 10 10 12 1 8 1 8 1 10 12 1 10 12 1 10 10 12 10 7 12 1 1 10 7 12 1 1 10 7 12 1 1 8 1 10 12 1 10 12 1 10 9 12 1 10 12 9 7 12 1 1 1 10 12 1 10 12 1 10 12 1 10 12 1 10 12 1 8 1 10 100 12 1 1 1 10 12 10 12 1 1 10 12 10 10 12 10 12 7 1 9 12 1 1 7 1 10 7 1 7 1 7 1 7 1 1 1 1 1 1 5 0 1 1 1 1 1 3 1 3 1 1 1 1 1 1 1 1 1 1 1 1 1 1 1 100 1 1 1 1 1 1 1 1 1 1 1 1 1 1 1 1 1 1 1 1 1 1 1 1 1 1 1 1 1 1 1 100 1 1 1 1 1 1 1 1 1 1 7 1 1 1 1 1 1 1 1 1 1 1 1 1 1 1 1 1 1 1 1 1 1 1 1 1 1 1 1 1 1 1 1 1 1 1 1 1 1 1 1 1 1 1 1 1 1 1 1 1 1 1 1 1 1 1 1 1 1 1 1 1 1 1 1 1 1 1 1 1 1 1 1 1 1 1 1 1 1 1 1 1 1 1 1 1 1 1 1 1 1 1 1 1 1 1 1 1 1 1 1 1 1 1 1 1 1 1 1 1 1 1 1 1 1 1 1 1 1 1 1 1 1 1 1 1 1 1 1 1 1 1 1 1 1 1 1 1 1 1 1 1 1 1 1 1 1 1 1 1 1 1 1 1 1 1 1 1 1 1 1 1 1 1 1 1 1 1 1 1 1 1 1 1 1 1 100 1 1 1 1 1 1 1 1 1 1 1 1 1 1 1 1 1 1 1 1 1 1 1 100 1 1 1 1 1 1 1 1 1 1 1 1 1 1 1 7 1 1 1 1 1 1 1 1 1 1 1 1 1 1 1 16 15 10 12 16 15 10 12 15 10 12 15 10 12 15 10 100 12 1 1 1 1 1 1 1 100 1 100 1 1 1
staticfield java/lang/String COMPACT_STRINGS Z 1
staticfield java/lang/String serialPersistentFields [Ljava/io/ObjectStreamField; 0 [Ljava/io/ObjectStreamField;
staticfield java/lang/String CASE_INSENSITIVE_ORDER Ljava/util/Comparator; java/lang/String$CaseInsensitiveComparator
ciMethod java/lang/String equals (Ljava/lang/Object;)Z 788 0 9455 0 -1
ciInstanceKlass java/lang/constant/ConstantDesc 1 0 37 100 1 100 1 1 1 1 100 1 1 1 1 100 1 100 1 100 1 100 1 100 1 100 1 100 1 100 1 100 1 1 100 1 100 1 1
ciInstanceKlass java/lang/InternalError 0 0 34 10 100 12 1 1 1 10 12 1 10 12 1 10 12 1 100 1 1 1 1 5 0 1 1 1 1 1 1 1 1 1 1 1
instanceKlass java/lang/ThreadDeath
instanceKlass java/lang/AssertionError
instanceKlass java/lang/VirtualMachineError
instanceKlass java/lang/LinkageError
ciInstanceKlass java/lang/Error 1 1 40 10 7 12 1 1 1 10 12 1 10 12 1 10 12 1 10 12 1 100 1 1 1 1 5 0 1 1 1 1 1 1 1 1 1 1 1 1 1 1
instanceKlass java/lang/UnknownError
instanceKlass java/lang/StackOverflowError
instanceKlass java/lang/OutOfMemoryError
instanceKlass java/lang/InternalError
ciInstanceKlass java/lang/VirtualMachineError 1 1 34 10 100 12 1 1 1 10 12 1 10 12 1 10 12 1 100 1 1 1 1 5 0 1 1 1 1 1 1 1 1 1 1 1
ciInstanceKlass java/util/Iterator 1 1 53 100 1 8 1 10 12 1 1 10 7 12 1 1 1 11 7 12 1 1 1 11 12 1 1 11 7 12 1 1 1 7 1 1 1 1 1 1 1 1 1 1 1 1 1 1 1 1 1 1 1 1 1
instanceKlass org/apache/http/client/entity/DeflateInputStream
instanceKlass sun/nio/ch/ChannelInputStream
instanceKlass java/io/ObjectInputStream
instanceKlass java/util/zip/ZipFile$ZipFileInputStream
instanceKlass java/io/FilterInputStream
instanceKlass java/io/FileInputStream
instanceKlass java/io/ByteArrayInputStream
ciInstanceKlass java/io/InputStream 1 1 195 7 1 10 7 12 1 1 1 100 1 10 10 7 12 1 1 1 10 7 12 1 1 1 10 12 1 100 1 3 10 12 1 1 100 1 8 1 10 12 1 10 7 12 1 1 1 3 7 1 8 1 10 10 100 12 1 1 1 7 1 10 11 7 12 1 1 1 10 12 1 1 11 12 1 1 11 7 12 1 1 1 11 12 1 1 7 1 10 7 12 1 1 1 5 0 10 12 1 10 12 1 1 100 1 10 8 1 10 8 1 8 1 10 12 1 1 10 100 12 1 1 1 7 1 5 0 10 12 1 100 1 7 1 1 1 1 3 1 3 1 1 1 1 1 1 1 1 1 1 1 1 1 1 1 1 1 1 1 1 1 1 1 1 1 1 1 1 1 1 1 1 1 1 1 1 1 1 1 1 1 1 1 1 1 1 1 1 1 1 1 1 1 1 1
ciInstanceKlass jdk/internal/misc/Unsafe 1 1 1287 10 7 12 1 1 1 9 7 12 1 1 1 9 12 1 1 10 12 1 1 10 7 12 1 1 1 10 12 1 1 10 12 1 1 10 12 1 1 10 12 1 1 10 12 1 1 10 12 1 1 10 12 1 1 10 12 1 1 10 12 1 1 10 12 1 1 10 12 1 1 10 12 1 1 10 12 1 1 10 12 1 10 12 1 100 1 10 10 12 1 1 10 12 1 1 5 0 10 12 1 1 10 12 1 1 10 7 12 1 1 1 10 12 1 1 10 12 1 10 12 1 10 12 1 1 10 12 1 1 10 12 1 10 12 1 7 1 7 1 10 8 1 10 12 1 1 10 12 1 8 1 10 12 1 1 10 12 1 10 12 1 10 12 1 1 10 12 1 10 12 1 1 10 12 1 1 10 12 1 10 12 1 10 12 1 10 12 1 1 10 12 1 10 12 1 10 12 1 1 10 12 1 5 0 5 0 5 0 10 12 1 10 12 1 10 12 1 10 12 1 10 12 1 10 12 1 10 12 1 10 12 1 10 12 1 1 10 12 1 10 12 1 7 1 8 1 10 100 1 10 10 12 1 1 10 12 1 1 10 12 1 10 12 1 1 10 12 1 1 10 12 1 10 12 1 1 10 12 1 9 7 12 1 1 9 12 1 100 1 10 10 12 1 1 8 1 10 8 1 8 1 10 12 1 1 9 7 12 1 1 1 9 7 1 9 7 1 9 7 1 9 9 7 1 9 7 1 9 7 1 10 12 1 1 10 12 1 1 10 12 1 1 10 12 1 1 5 0 5 0 9 12 1 1 10 12 1 10 12 1 10 12 1 1 10 12 1 1 10 12 1 8 1 3 10 12 1 1 10 12 1 1 10 12 1 10 12 1 1 10 12 1 1 10 12 1 10 12 1 10 12 1 10 12 1 10 12 1 10 12 1 1 10 12 1 1 10 12 1 10 12 1 10 12 1 10 12 1 10 12 1 10 12 1 1 10 12 1 1 10 12 1 10 12 1 10 12 1 10 12 1 10 12 1 10 12 1 1 10 12 1 1 10 12 1 1 10 12 1 1 10 12 1 10 12 1 10 12 1 10 12 1 10 12 1 10 12 1 10 12 1 1 10 12 1 1 10 12 1 10 12 1 10 12 1 10 12 1 10 12 1 10 12 1 10 12 1 1 10 12 1 1 10 12 1 10 12 1 10 12 1 10 12 1 10 12 1 10 12 1 10 12 1 10 12 1 1 10 12 1 10 12 1 10 12 1 10 12 1 10 12 1 1 10 12 1 10 12 1 10 12 1 10 12 1 10 12 1 10 12 1 10 12 1 10 12 1 1 10 12 1 10 12 1 10 12 1 10 12 1 10 12 1 10 12 1 1 10 12 1 10 12 1 10 12 1 1 10 12 1 10 12 1 10 12 1 10 12 1 10 12 1 10 12 1 10 12 1 10 12 1 10 12 1 10 12 1 10 12 1 10 12 1 10 12 1 10 12 1 10 12 1 10 12 1 10 12 1 10 12 1 10 12 1 10 12 1 10 12 1 10 12 1 10 12 1 100 1 10 100 1 10 9 12 1 5 0 10 12 1 1 5 0 10 12 1 5 0 10 12 1 10 12 1 10 12 1 1 10 12 1 1 10 12 1 10 12 1 10 12 1 10 12 1 1 10 12 1 10 12 1 10 12 1 10 12 1 10 12 1 1 10 12 1 10 12 1 10 12 1 10 12 1 1 10 12 1 10 12 1 10 12 1 1 10 12 1 10 12 1 10 12 1 10 12 1 1 10 12 1 10 10 12 1 1 10 12 1 10 12 1 1 10 12 1 10 12 5 0 5 0 5 0 10 12 1 1 10 12 1 10 12 1 10 12 10 100 12 1 1 8 1 100 1 11 12 1 1 8 1 11 12 1 1 10 100 12 1 1 10 12 1 10 12 1 10 12 1 10 12 1 10 12 1 1 10 12 1 10 12 1 10 12 1 10 12 1 10 12 1 10 12 1 10 7 1 10 12 1 9 12 1 7 1 9 12 1 7 1 9 12 1 7 1 9 12 1 7 1 9 12 1 7 1 9 12 1 7 1 9 12 1 7 1 9 12 1 7 1 9 12 1 10 12 1 9 12 1 9 12 1 9 12 1 9 12 1 9 12 1 9 12 1 9 12 1 9 12 1 9 12 1 9 12 1 1 1 3 1 1 1 1 1 1 1 1 1 1 1 1 1 1 1 1 1 1 1 1 1 1 1 1 1 1 1 1 1 1 1 1 1 1 1 1 1 1 1 1 1 1 1 1 1 1 1 1 1 1 1 1 1 1 1 1 1 1 1 1 1 1 1 1 1 1 1 1 1 1 1 1 1 1 1 1 1 1 1 1 1 1 1 1 1 1 1 1 1 100 1 1 1 1 1 1 1 1 1 1 1 1 1 1 1 1 1 1 1 1 1 1 1 1 1 1 1 1 1 1 1 1 1 1 1 1 1 1 1 1 1 1 1 1 1 1 1 1 1 1 1 1 1 1 1 1 1 1 1 1 1 1 1 1 1 1 1 1 1 1 1 1 1 1 1 1 1 1 1 1 1 1 1 1 1 1 1 1 1 1 1 1 1 1 1 1 1 1 1 1 1 1 1 1 1 1 1 1 1 1 1 1 1 1 1 1 1 1 1 1 1 1 1 1 1 1 1 1 1 1 1 1 1 1 1 1 1 1 1 1 1 1 1 1 1 1 1 1 1 1 1 1 1 1 1 1 1 1 1 1 1 1 1 1 1 1 1 1 1 1 1 1 1 1 1 1 1 1 1 1 1 1 1 1 1 1 1 1 1 1 1 1 1 1 1 1 1 1 1 1 1 1 1 1 1 1 3 1 1 1 1 1 1 1 1 1 1 1 1 1 1 1 1 1 1 1 1 1
staticfield jdk/internal/misc/Unsafe theUnsafe Ljdk/internal/misc/Unsafe; jdk/internal/misc/Unsafe
staticfield jdk/internal/misc/Unsafe ARRAY_BOOLEAN_BASE_OFFSET I 16
staticfield jdk/internal/misc/Unsafe ARRAY_BYTE_BASE_OFFSET I 16
staticfield jdk/internal/misc/Unsafe ARRAY_SHORT_BASE_OFFSET I 16
staticfield jdk/internal/misc/Unsafe ARRAY_CHAR_BASE_OFFSET I 16
staticfield jdk/internal/misc/Unsafe ARRAY_INT_BASE_OFFSET I 16
staticfield jdk/internal/misc/Unsafe ARRAY_LONG_BASE_OFFSET I 16
staticfield jdk/internal/misc/Unsafe ARRAY_FLOAT_BASE_OFFSET I 16
staticfield jdk/internal/misc/Unsafe ARRAY_DOUBLE_BASE_OFFSET I 16
staticfield jdk/internal/misc/Unsafe ARRAY_OBJECT_BASE_OFFSET I 16
staticfield jdk/internal/misc/Unsafe ARRAY_BOOLEAN_INDEX_SCALE I 1
staticfield jdk/internal/misc/Unsafe ARRAY_BYTE_INDEX_SCALE I 1
staticfield jdk/internal/misc/Unsafe ARRAY_SHORT_INDEX_SCALE I 2
staticfield jdk/internal/misc/Unsafe ARRAY_CHAR_INDEX_SCALE I 2
staticfield jdk/internal/misc/Unsafe ARRAY_INT_INDEX_SCALE I 4
staticfield jdk/internal/misc/Unsafe ARRAY_LONG_INDEX_SCALE I 8
staticfield jdk/internal/misc/Unsafe ARRAY_FLOAT_INDEX_SCALE I 4
staticfield jdk/internal/misc/Unsafe ARRAY_DOUBLE_INDEX_SCALE I 8
staticfield jdk/internal/misc/Unsafe ARRAY_OBJECT_INDEX_SCALE I 4
staticfield jdk/internal/misc/Unsafe ADDRESS_SIZE I 8
instanceKlass dev/xdark/ssvm/classloading/RuntimeBootClassFinder$BootClassLoaderDelegate
instanceKlass jdk/internal/reflect/DelegatingClassLoader
instanceKlass java/security/SecureClassLoader
ciInstanceKlass java/lang/ClassLoader 1 1 1108 9 7 12 1 1 1 10 7 12 1 1 1 9 12 1 1 10 7 12 1 1 1 7 1 10 12 1 1 10 12 1 1 9 12 1 1 10 12 1 1 100 1 10 12 1 10 12 1 1 10 7 12 1 1 1 100 1 8 1 10 12 1 10 7 12 1 1 1 10 7 12 1 10 7 1 10 7 1 7 1 7 1 10 12 1 10 12 1 9 12 1 1 10 10 7 12 1 1 1 9 12 1 1 9 12 1 9 12 1 1 9 12 1 9 12 1 1 9 12 1 1 7 1 10 12 1 9 12 1 1 10 12 1 1 10 7 12 1 1 1 9 12 1 9 12 1 1 9 12 1 10 12 1 1 9 12 10 12 1 1 7 1 10 8 1 10 12 1 1 10 12 1 10 7 1 7 1 10 12 1 1 10 7 12 1 1 1 8 1 10 12 1 10 12 1 10 12 1 1 10 12 1 1 10 12 1 1 10 12 1 1 10 12 1 1 10 12 1 7 1 10 12 1 10 100 12 1 1 1 10 12 1 1 10 12 1 10 12 1 10 12 1 10 12 1 10 12 1 1 10 10 12 1 10 12 1 10 100 12 1 1 10 12 1 1 10 12 1 1 10 12 1 100 1 10 12 1 7 1 10 12 1 10 7 12 1 1 1 10 10 12 1 1 10 12 1 1 7 1 8 1 10 8 1 10 12 1 10 12 1 100 1 8 1 10 12 1 1 10 12 1 1 10 10 12 1 1 10 12 1 1 10 12 1 1 10 7 1 10 12 1 1 10 12 1 1 10 12 1 1 10 12 1 1 10 12 1 1 10 12 1 1 10 12 1 10 7 12 1 1 1 10 12 1 10 12 1 10 12 1 1 10 12 1 10 12 1 10 12 1 10 12 1 1 10 12 1 10 12 1 1 8 1 9 12 1 10 12 1 1 8 1 8 1 10 7 12 1 1 100 1 10 10 12 10 12 1 10 12 1 10 12 1 10 12 1 1 10 7 12 1 1 10 12 1 10 7 1 7 1 10 12 1 1 10 12 1 10 7 1 10 12 1 100 1 18 12 1 10 100 12 1 1 1 10 100 12 1 1 1 10 7 12 1 1 10 12 1 10 12 1 100 1 10 12 1 8 1 10 10 12 1 1 10 12 1 10 12 1 1 100 1 10 12 1 10 12 1 1 10 7 12 1 1 10 12 1 8 1 100 1 10 10 12 1 9 12 1 10 7 12 1 1 10 12 1 7 1 8 1 10 12 1 10 8 1 8 1 10 12 1 1 10 12 1 1 10 12 1 1 10 7 12 1 1 7 1 100 1 10 12 1 1 7 1 7 1 10 7 12 1 1 10 12 1 10 12 1 1 10 12 1 10 12 1 1 10 12 1 1 9 100 12 1 1 1 10 12 1 1 10 12 1 10 12 1 10 12 1 1 10 12 1 8 1 7 1 18 12 1 1 10 12 1 1 10 12 1 10 12 1 10 12 1 8 1 10 12 1 10 12 1 18 12 1 11 100 12 1 1 1 100 1 10 12 1 1 10 12 1 10 11 12 1 1 10 18 10 12 1 1 11 7 12 1 18 12 1 11 12 1 1 10 12 10 12 1 1 10 12 1 1 100 1 8 1 10 10 12 1 8 1 8 1 10 100 12 1 1 10 12 1 100 1 10 10 12 1 8 1 8 1 8 1 10 12 1 10 12 1 1 10 12 1 10 7 12 1 1 1 11 7 12 1 1 100 1 10 11 10 12 1 10 12 1 10 12 1 1 9 7 12 1 1 9 12 1 1 9 12 9 12 1 9 12 1 9 12 1 8 10 12 1 1 10 7 12 1 1 1 10 12 1 1 10 12 1 1 10 12 1 10 10 12 1 11 12 1 1 10 100 12 1 1 1 100 1 10 12 1 10 12 1 10 12 1 1 1 1 1 1 1 1 1 1 1 1 1 1 1 1 1 1 1 1 1 1 1 1 1 1 1 1 100 1 1 1 1 1 1 1 1 1 1 1 1 1 1 1 1 1 1 1 1 1 100 1 1 1 1 1 1 1 1 1 1 100 1 1 1 1 1 1 1 1 1 1 1 1 1 1 1 1 1 1 1 1 1 1 1 1 1 1 1 1 1 1 1 1 1 1 1 1 1 1 1 1 1 100 1 1 1 1 1 1 1 1 1 1 1 1 1 1 1 1 1 1 1 7 1 1 1 1 1 1 1 1 1 1 1 1 1 1 1 1 1 1 1 1 1 1 1 1 1 1 1 1 1 1 1 1 1 1 1 1 1 1 1 1 1 1 1 1 1 1 1 1 1 1 100 1 1 1 1 1 1 1 1 1 1 1 1 1 1 1 1 1 1 1 1 1 1 1 1 1 1 1 1 1 1 1 1 1 1 1 1 1 1 1 1 1 1 1 1 1 1 16 1 15 10 12 16 1 16 15 10 12 16 1 16 1 15 10 12 16 15 10 12 16 15 10 12 16 15 10 100 12 1 1 1 1 1 100 1 100 1 1
staticfield java/lang/ClassLoader nocerts [Ljava/security/cert/Certificate; 0 [Ljava/security/cert/Certificate;
staticfield java/lang/ClassLoader $assertionsDisabled Z 1
ciInstanceKlass java/lang/reflect/Constructor 1 1 439 10 100 12 1 1 1 10 100 12 1 1 9 7 12 1 1 1 10 12 1 1 10 12 1 1 10 100 12 1 1 9 12 1 1 10 7 12 1 1 1 9 12 1 1 9 12 1 1 9 12 1 9 12 1 1 9 12 1 9 12 1 1 9 12 1 1 9 12 1 100 1 8 1 10 12 1 10 12 1 9 12 1 1 10 7 12 1 1 10 7 12 1 1 1 10 12 1 1 10 12 1 1 10 12 1 7 1 100 1 8 1 10 10 12 1 10 12 1 10 12 1 1 10 12 1 1 9 100 12 1 1 1 10 7 12 1 1 10 12 1 1 10 12 1 10 12 1 1 10 7 12 1 1 1 10 100 12 1 1 10 12 1 1 10 12 1 10 7 12 1 1 1 8 1 10 10 12 1 100 1 8 1 10 12 1 10 12 1 1 10 12 1 1 10 12 1 10 12 1 10 12 1 1 10 12 1 1 9 12 1 1 10 12 1 1 10 12 1 1 10 12 1 1 11 7 12 1 1 1 10 12 1 1 10 12 1 10 12 1 10 12 1 8 1 9 12 1 1 10 7 12 1 1 1 10 7 12 1 1 10 12 1 1 10 12 1 1 10 12 1 1 10 12 1 1 10 12 1 9 7 12 1 1 10 12 1 10 12 1 10 12 1 100 1 8 1 10 10 12 1 1 10 12 1 10 10 12 1 1 10 12 1 1 10 100 12 1 1 1 11 100 12 1 1 1 10 12 1 1 9 100 12 1 1 1 10 100 12 1 1 1 10 12 1 1 1 1 1 1 1 1 1 1 1 1 1 1 1 1 1 1 1 1 1 1 1 1 1 1 1 1 1 1 1 1 1 1 1 1 1 1 1 1 1 1 1 1 1 1 1 1 1 1 1 1 100 1 100 1 100 1 100 1 1 1 1 1 1 1 1 1 1 1 1 1 1 1 1 1 1 1 1 1 1 1 1 1 1 1 1 1 1 1 1 1 100 1 1
instanceKlass java/lang/reflect/Executable
instanceKlass java/lang/reflect/Field
ciInstanceKlass java/lang/reflect/AccessibleObject 1 1 400 10 7 12 1 1 1 9 100 12 1 1 1 10 7 12 1 1 1 10 7 12 1 1 10 7 12 1 1 1 10 100 12 1 1 1 10 12 1 1 10 12 1 1 9 12 1 1 7 1 10 7 12 1 1 1 11 12 1 7 1 10 12 1 7 1 100 1 10 12 1 10 12 1 1 10 12 1 1 10 12 1 1 10 12 1 1 7 1 10 7 12 1 1 1 10 12 1 1 11 10 7 12 1 1 1 10 12 1 1 10 12 1 10 12 1 10 12 1 1 10 12 1 8 1 7 1 7 1 10 10 12 1 1 8 1 10 12 1 10 12 1 8 1 8 1 8 1 8 1 8 1 8 1 8 1 8 1 8 1 100 1 10 12 1 10 12 1 9 12 1 1 10 12 1 1 10 12 1 10 7 1 100 1 8 1 10 8 1 10 12 1 8 1 10 12 1 10 12 1 1 10 100 1 8 1 10 11 7 12 1 1 1 10 12 1 1 10 12 1 1 10 12 1 1 9 12 1 1 100 1 10 12 1 7 1 10 12 1 10 12 1 1 10 100 1 10 12 1 10 12 10 12 1 10 12 1 10 12 1 1 10 12 1 9 12 1 10 100 12 1 1 8 1 10 100 12 1 1 1 8 1 10 7 12 1 1 1 9 12 1 7 1 10 7 1 10 10 7 12 1 1 1 7 1 10 10 7 12 1 1 1 7 1 9 12 1 1 1 1 1 1 1 1 1 1 1 1 1 1 1 1 1 1 1 1 1 1 1 1 1 1 1 1 1 1 1 1 1 1 1 1 1 1 1 1 1 1 1 1 1 1 1 1 1 1 1 1 1 1 1 1 1 1 1 1 1 1 1 1 1 1 1 1 1 1 1 1 1 1 1 1 1 1 1 1 1 1 1 1
staticfield java/lang/reflect/AccessibleObject reflectionFactory Ljdk/internal/reflect/ReflectionFactory; jdk/internal/reflect/ReflectionFactory
instanceKlass java/lang/reflect/Constructor
instanceKlass java/lang/reflect/Method
ciInstanceKlass java/lang/reflect/Executable 1 1 581 10 7 12 1 1 1 10 7 12 1 1 1 10 7 12 1 1 1 11 7 12 1 1 1 10 7 12 1 1 1 10 12 1 1 10 7 12 1 1 1 10 7 12 1 1 1 10 12 1 8 1 10 10 12 1 1 10 12 1 1 10 7 12 1 1 1 18 12 1 1 11 7 12 1 1 1 8 1 8 1 8 1 10 7 12 1 1 1 11 12 1 1 7 1 8 1 8 1 10 12 1 7 1 8 1 10 12 1 8 1 11 100 12 1 1 1 7 1 11 7 12 1 1 1 11 12 1 8 1 18 8 1 10 12 1 10 12 1 1 18 8 1 10 12 1 7 1 10 12 1 10 12 1 11 12 1 10 12 1 1 8 1 8 1 10 12 1 1 10 12 1 1 10 10 12 1 9 100 12 1 1 1 10 100 12 1 1 1 10 12 1 10 12 1 1 10 7 12 1 1 10 12 1 10 12 1 10 12 1 10 7 12 1 1 7 1 10 100 12 1 1 1 10 12 1 1 10 7 12 1 1 10 12 1 10 12 1 1 9 100 12 1 1 1 10 100 10 12 1 8 1 10 12 1 10 12 1 3 100 1 8 1 10 12 1 10 12 1 10 10 12 1 10 12 1 1 8 1 8 1 8 1 9 12 1 1 9 12 1 10 12 1 100 1 8 1 10 12 1 10 12 1 10 12 1 1 10 12 1 1 10 12 1 10 12 10 12 1 100 1 10 12 1 10 12 1 1 100 1 10 7 12 1 1 1 7 1 10 7 12 1 1 1 10 12 1 1 11 7 12 1 1 10 12 1 10 100 12 1 1 1 10 12 1 1 9 12 1 10 12 1 1 10 12 1 10 12 1 1 9 100 12 1 1 1 10 100 12 1 1 1 10 12 1 10 12 1 1 9 12 1 10 10 10 10 100 12 1 1 1 10 12 1 9 12 1 10 12 1 1 9 12 1 7 1 7 1 1 1 1 1 1 1 1 1 1 1 1 1 1 1 1 1 1 1 1 1 1 1 1 1 1 1 1 1 1 1 1 1 1 1 1 100 1 1 1 1 1 1 1 1 1 1 1 1 1 1 1 1 1 1 1 100 1 1 1 1 1 1 1 1 1 1 1 1 1 1 1 1 1 1 1 1 1 1 1 1 1 1 1 1 1 1 1 1 1 1 1 1 1 1 1 1 1 1 1 7 1 1 1 1 1 1 1 1 1 1 1 1 1 1 1 1 1 1 1 1 1 1 7 1 1 16 15 16 1 16 1 15 10 12 16 15 10 7 12 1 1 1 1 1 1 100 1 1 100 1 100 1 1
ciInstanceKlass java/lang/reflect/Member 1 1 37 100 1 10 12 1 1 100 1 100 1 1 1 1 3 1 3 1 1 1 1 1 1 1 1 1 1 1 1 1 1 1 1 1 1 1 1
instanceKlass java/util/concurrent/ForkJoinWorkerThread
instanceKlass jdk/internal/misc/InnocuousThread
instanceKlass java/lang/ref/Finalizer$FinalizerThread
instanceKlass java/lang/ref/Reference$ReferenceHandler
instanceKlass java/lang/BaseVirtualThread
ciInstanceKlass java/lang/Thread 1 1 870 10 7 12 1 1 1 9 12 1 1 10 100 12 1 1 10 12 1 10 100 12 1 1 100 1 8 1 10 12 1 1 9 12 1 9 12 1 1 9 12 1 1 7 1 10 12 1 1 10 12 1 10 7 12 1 1 1 10 12 9 12 1 1 10 12 1 7 1 10 12 1 100 1 8 1 10 9 7 12 1 1 1 10 12 1 1 10 12 1 1 10 12 1 1 10 12 1 10 12 1 1 3 8 1 7 1 5 0 10 7 12 1 1 1 9 12 1 10 12 1 1 10 7 12 1 1 1 10 7 12 1 1 1 10 12 1 1 10 12 1 1 9 12 1 1 10 7 1 8 1 10 7 1 10 12 1 9 12 1 1 10 7 12 1 1 1 10 10 12 1 1 9 100 12 1 1 1 10 12 1 1 10 12 1 1 10 7 12 1 1 10 12 1 10 12 1 10 7 12 1 1 9 12 1 10 7 12 1 1 1 10 12 1 1 9 12 1 1 9 12 1 1 10 7 12 1 1 1 9 12 1 1 10 7 12 1 1 10 7 12 1 1 1 10 12 1 10 12 1 10 7 12 1 1 9 12 1 8 1 9 7 12 1 1 9 12 1 1 5 0 100 1 10 100 1 10 100 1 10 7 1 10 8 1 10 12 1 1 10 7 12 1 10 12 1 10 12 1 100 1 8 1 10 10 12 1 10 12 1 1 10 100 12 1 1 1 10 100 12 1 1 1 10 12 1 7 1 9 12 1 1 100 1 10 10 12 1 9 12 1 1 10 12 1 1 10 12 1 1 10 12 1 10 12 1 9 12 1 1 10 10 12 1 1 10 12 1 1 11 7 12 1 1 10 7 12 1 1 9 12 1 9 12 1 1 9 12 1 1 10 100 12 1 1 10 12 1 1 9 7 12 1 1 1 10 7 12 1 1 10 12 1 10 12 1 100 1 10 10 12 9 12 1 1 10 12 1 11 100 12 1 1 10 12 1 10 12 1 10 12 1 9 12 1 10 10 12 1 10 12 1 1 9 12 1 9 12 10 12 1 8 1 10 12 1 10 12 1 10 12 1 10 12 1 10 12 1 1 10 12 1 10 12 1 1 10 12 1 10 12 1 10 12 1 10 12 1 10 12 1 1 9 7 12 1 1 1 8 1 10 9 12 1 10 12 1 7 1 8 1 10 10 12 1 8 1 10 12 1 1 9 12 10 12 8 1 10 10 12 1 10 12 1 8 1 10 12 1 10 8 1 10 100 12 1 1 10 12 1 1 100 1 8 1 10 9 12 1 9 12 1 1 10 12 1 1 10 10 12 1 10 12 1 100 10 7 12 1 1 1 9 12 1 10 12 1 1 10 12 1 1 10 100 12 1 1 1 11 7 12 1 1 1 9 100 12 1 1 1 10 100 12 1 1 1 7 1 10 12 1 100 1 10 12 1 10 12 1 1 10 12 1 1 8 1 9 12 1 10 12 1 10 12 1 1 11 7 12 1 1 1 10 12 1 1 1 1 3 1 3 1 3 1 3 1 1 1 1 1 1 1 1 1 1 1 1 1 1 1 1 1 1 1 1 1 7 1 1 1 1 1 1 1 1 1 1 1 1 1 1 1 1 1 1 1 1 1 1 7 1 1 1 1 1 1 1 1 1 1 1 1 1 1 1 1 7 1 7 1 1 1 1 1 1 1 1 1 1 1 1 1 1 1 1 1 1 1 1 1 1 1 1 1 1 1 1 1 1 1 1 1 1 1 1 1 1 1 1 1 1 1 1 1 1 1 1 1 1 1 1 1 1 1 1 1 1 1 1 1 1 1 1 1 1 1 1 1 1 1 1 1 1 1 1 100 100 1 1 1 1 1 1 1 1 1 1 1 1 1 1 1 1 1 1 1 1 1 1 1 1 1 1 100 1 100 1 100 1 100 1 100 1 1 100 1 1 1 1 1 1 1 1 1 1 1 1 1 1 1
staticfield java/lang/Thread NEW_THREAD_BINDINGS Ljava/lang/Object; java/lang/Class
staticfield java/lang/Thread EMPTY_STACK_TRACE [Ljava/lang/StackTraceElement; 0 [Ljava/lang/StackTraceElement;
ciInstanceKlass java/lang/Runnable 1 0 11 100 1 100 1 1 1 1 1 1 1
ciInstanceKlass java/net/URL 1 1 771 10 7 12 1 1 1 10 12 1 10 7 12 1 1 9 12 1 1 9 12 1 10 7 12 1 1 1 10 12 1 1 10 12 1 1 9 12 1 1 10 7 12 1 1 1 8 1 10 12 1 1 7 1 10 10 12 1 1 8 1 10 12 1 1 9 12 1 100 1 8 1 10 12 1 10 12 1 8 1 9 12 1 10 12 1 1 9 12 1 10 12 1 10 12 1 9 12 1 9 12 1 8 1 9 12 1 10 12 1 1 8 1 9 12 1 1 10 12 1 1 10 7 12 1 1 1 8 1 10 12 1 7 1 10 12 1 10 12 1 10 12 1 10 12 1 1 10 12 1 1 8 1 10 12 1 1 10 12 1 8 1 9 12 1 8 1 10 12 1 10 7 12 1 1 1 7 1 10 12 1 10 12 1 1 10 7 12 1 1 1 100 1 8 1 10 10 12 1 8 1 10 12 1 1 10 12 1 10 12 1 10 12 1 10 12 1 10 12 1 10 12 1 8 1 10 12 1 8 1 10 10 100 1 10 10 12 1 8 1 10 7 12 1 1 1 10 12 1 9 100 12 1 1 1 10 7 12 1 1 1 9 12 1 1 10 12 1 10 100 12 1 1 1 100 1 100 1 10 12 1 10 12 1 10 12 1 10 12 1 10 12 1 10 12 10 10 12 1 10 12 1 10 12 1 1 8 1 9 100 12 1 1 1 10 100 12 1 1 1 10 12 1 1 9 100 12 1 1 1 10 12 1 1 100 1 10 12 1 10 12 1 10 10 12 1 1 10 12 1 1 10 12 1 10 12 1 10 12 1 10 7 12 1 1 1 10 12 1 1 10 12 1 9 12 1 1 9 12 1 1 7 1 8 1 10 10 12 1 9 12 1 1 10 7 12 1 1 8 1 10 7 12 1 1 8 1 10 12 1 1 10 12 1 8 1 8 1 10 7 12 1 1 1 7 1 10 7 12 1 1 1 10 12 1 10 12 1 7 1 10 9 7 12 1 1 1 10 7 12 1 1 10 12 1 1 10 12 1 8 1 7 1 10 10 7 12 1 1 1 10 12 1 8 9 7 12 1 1 1 10 12 1 1 10 12 1 10 12 1 1 10 7 12 1 1 11 7 12 1 1 10 12 1 10 12 1 9 12 1 10 12 1 1 10 100 12 1 1 10 100 12 1 1 1 8 10 100 12 1 1 100 1 10 8 8 10 12 1 8 8 8 100 1 10 12 1 9 12 1 1 10 12 1 10 12 1 1 10 12 1 10 12 10 12 1 1 10 12 1 1 10 10 10 12 1 10 12 1 10 12 1 10 12 1 10 12 1 10 10 12 1 100 1 8 1 10 10 10 12 1 1 10 12 1 10 12 1 1 8 1 7 1 10 10 7 1 10 12 1 9 7 12 1 1 1 9 12 1 1 7 1 10 10 7 12 1 1 1 7 1 1 1 1 1 5 0 1 1 1 1 1 1 1 1 1 1 1 1 1 1 1 1 1 1 1 1 1 1 1 1 1 1 1 1 1 1 1 1 1 1 1 1 1 1 1 1 1 1 1 1 1 1 1 1 7 1 1 1 1 1 1 1 1 1 1 1 1 1 1 1 1 1 1 1 1 1 1 1 1 1 1 1 1 1 1 1 1 1 1 1 1 1 100 1 1 1 1 1 1 1 1 1 1 1 1 1 1 1 1 1 100 1 1 1 1 1 1 1 1 1 1 1 1 1 1 1 1 1 1 1
staticfield java/net/URL defaultFactory Ljava/net/URLStreamHandlerFactory; java/net/URL$DefaultFactory
staticfield java/net/URL streamHandlerLock Ljava/lang/Object; java/lang/Object
staticfield java/net/URL serialPersistentFields [Ljava/io/ObjectStreamField; 7 [Ljava/io/ObjectStreamField;
ciInstanceKlass java/lang/Module 1 1 1070 10 7 12 1 1 1 9 7 12 1 1 1 10 7 12 1 1 1 9 12 1 9 12 1 1 9 12 1 1 10 12 1 1 10 12 1 10 12 1 1 10 7 12 1 1 1 7 1 10 7 12 1 1 1 10 12 1 1 11 7 12 1 1 1 10 12 1 1 10 7 12 1 1 1 10 12 1 1 10 7 12 1 1 1 9 100 12 1 1 1 10 7 12 1 1 1 10 12 1 8 1 10 7 12 1 1 1 10 7 12 1 1 1 10 7 12 1 1 1 10 12 1 10 12 1 9 12 1 1 10 100 12 1 1 100 1 7 1 10 8 1 10 12 1 1 10 12 1 10 12 10 12 1 10 7 12 1 1 8 1 8 1 10 8 1 8 1 9 12 1 1 8 1 10 100 12 1 1 1 10 12 1 9 12 1 1 11 12 1 9 7 12 1 1 10 7 12 1 1 1 10 100 12 1 1 1 10 12 1 1 8 1 10 12 1 1 10 12 1 10 12 1 1 9 7 12 1 1 1 10 12 1 1 10 12 1 1 9 12 1 10 12 1 10 12 1 9 12 1 1 11 7 12 1 1 10 12 1 1 9 12 1 9 12 1 10 12 1 10 12 1 100 1 8 1 10 10 12 1 1 10 12 1 8 1 10 12 1 1 8 1 8 1 10 12 1 1 10 12 1 10 12 1 1 18 12 1 1 10 12 1 1 11 12 1 9 12 1 11 12 10 100 12 1 1 100 1 8 1 10 11 12 1 1 10 7 12 1 1 1 10 12 1 10 12 1 1 11 12 1 1 11 7 12 1 1 11 12 1 1 9 12 1 11 12 1 10 12 1 1 10 12 1 1 9 12 1 10 12 10 7 12 1 1 10 7 1 18 12 1 1 11 100 12 1 1 1 18 12 1 11 12 1 1 10 100 12 1 1 1 11 12 1 1 10 7 12 1 1 7 1 11 12 1 7 1 7 1 10 12 1 10 7 12 1 1 1 10 11 7 12 1 8 1 10 10 12 1 1 10 7 12 1 1 10 12 1 10 12 1 7 1 10 12 1 10 11 12 1 1 10 12 10 12 1 1 9 12 1 1 100 1 10 10 12 1 1 11 7 1 10 12 1 1 11 12 1 10 10 12 1 11 10 12 1 1 10 12 1 1 10 12 1 1 10 7 12 1 1 10 12 1 10 12 1 1 10 10 12 1 1 10 12 1 18 12 1 11 12 1 18 12 1 10 12 1 10 12 1 10 12 7 1 10 12 1 10 12 1 10 12 1 9 12 1 7 1 10 10 10 10 12 1 10 12 1 10 12 1 10 12 1 1 10 12 1 1 10 12 1 9 12 1 18 12 1 1 10 7 12 1 1 1 100 1 8 1 10 12 1 1 10 12 1 1 10 7 12 1 1 7 1 10 12 1 1 7 1 8 1 10 12 1 1 100 1 11 12 1 1 10 100 12 1 1 1 18 12 1 1 11 100 12 1 1 1 100 1 10 12 1 10 12 1 1 7 1 7 1 10 12 8 1 10 12 1 1 10 12 1 1 10 100 12 1 1 10 12 1 1 10 12 1 10 12 10 12 1 1 7 1 10 10 12 1 1 10 7 12 1 1 1 100 1 10 12 1 1 10 7 12 1 1 8 1 18 12 1 1 100 1 100 1 9 12 1 1 9 12 1 9 12 1 11 100 12 1 1 1 100 1 11 12 1 1 100 1 10 12 1 8 1 10 12 1 10 12 10 12 1 8 1 10 10 100 12 1 1 7 1 10 10 12 1 10 7 12 1 1 9 12 1 9 12 1 9 12 1 9 12 1 10 12 11 12 1 10 12 1 7 1 1 1 1 1 1 1 1 1 1 1 1 1 1 1 1 1 1 1 100 1 1 1 1 1 1 1 1 1 1 1 1 1 1 1 1 1 1 1 1 1 1 1 1 1 1 1 1 1 1 1 1 1 1 1 1 1 1 1 1 1 1 1 1 1 1 1 1 1 1 1 1 1 1 1 1 1 1 1 1 1 1 1 1 1 1 1 1 1 1 1 1 1 1 1 1 1 1 1 1 1 1 1 1 1 1 1 1 1 1 1 1 1 1 1 100 100 1 1 1 1 1 1 1 1 1 1 1 1 1 1 1 1 1 1 1 1 1 1 1 1 1 1 1 100 1 100 1 1 1 1 1 1 1 1 1 1 1 1 1 1 1 1 1 1 1 1 100 1 1 1 1 1 1 1 1 1 1 1 1 1 1 1 1 1 1 1 1 1 1 1 16 15 10 12 16 16 15 10 12 16 16 15 10 16 1 15 10 12 16 1 15 10 12 16 1 16 15 10 12 16 16 1 15 10 12 16 15 10 7 12 1 1 1 15 10 100 12 1 1 1 1 1 1 1 1 1 1 1 100 1 100 1 1 100 1 100 1 1
staticfield java/lang/Module ALL_UNNAMED_MODULE Ljava/lang/Module; java/lang/Module
staticfield java/lang/Module ALL_UNNAMED_MODULE_SET Ljava/util/Set; java/util/ImmutableCollections$Set12
staticfield java/lang/Module EVERYONE_MODULE Ljava/lang/Module; java/lang/Module
staticfield java/lang/Module EVERYONE_SET Ljava/util/Set; java/util/ImmutableCollections$Set12
staticfield java/lang/Module $assertionsDisabled Z 1
ciInstanceKlass java/lang/Character 1 1 604 7 1 7 1 100 1 9 12 1 1 8 1 9 12 1 1 7 1 9 12 1 1 10 7 12 1 1 1 10 100 12 1 1 1 10 100 12 1 1 1 10 7 12 1 1 1 9 7 12 1 1 1 10 12 1 10 12 1 1 10 12 1 1 10 7 12 1 1 10 12 1 1 3 3 3 3 3 10 12 1 1 10 12 1 3 11 7 12 1 1 1 11 12 1 1 10 12 1 1 10 12 1 1 100 1 10 10 12 1 3 10 12 1 1 10 12 1 10 12 1 1 100 1 8 1 10 12 1 1 10 12 1 10 12 1 10 12 1 10 100 12 1 1 1 10 12 1 10 12 1 10 12 1 1 10 12 1 10 7 12 1 1 10 10 12 1 10 10 12 1 10 12 1 1 10 12 1 10 10 12 1 10 12 1 10 12 1 10 12 1 10 12 1 10 12 1 10 12 1 10 12 10 10 12 10 10 12 1 10 10 12 1 10 10 12 1 10 10 12 1 10 12 1 10 12 1 10 12 1 10 12 1 10 12 1 10 12 1 10 10 12 1 10 10 12 1 10 10 12 1 1 10 10 12 1 10 5 0 10 12 1 10 12 1 10 10 12 1 10 10 12 1 1 10 10 12 1 10 10 12 1 9 12 1 1 100 1 10 10 12 1 10 12 1 1 3 10 100 12 1 1 1 10 12 1 10 100 12 1 1 7 1 10 10 12 1 1 10 12 1 1 10 12 1 1 8 1 10 12 1 9 100 12 1 1 1 10 12 1 10 10 12 1 10 12 1 1 10 12 1 10 10 12 1 1 10 10 12 1 1 7 1 8 1 10 12 1 1 10 7 12 1 1 1 8 1 10 12 1 1 9 12 1 1 7 1 7 1 7 1 1 1 1 3 1 3 1 3 1 3 1 1 1 1 1 3 1 1 3 1 3 1 3 1 3 1 3 1 3 1 3 1 3 1 3 1 3 1 3 1 3 1 3 1 3 1 3 1 3 1 3 1 3 1 3 1 3 1 3 1 3 1 3 1 3 1 3 1 3 1 3 1 3 1 1 1 1 1 1 1 1 1 1 1 1 1 1 1 1 1 1 1 3 1 1 1 1 1 1 1 3 1 1 3 1 1 1 1 1 3 1 1 5 0 1 1 1 1 1 1 1 1 1 1 1 1 1 1 1 1 1 1 1 1 1 1 1 1 1 1 1 1 1 1 1 1 1 1 1 1 1 1 1 1 1 1 1 1 1 1 1 1 1 1 1 1 1 1 1 1 1 1 1 1 1 1 1 1 1 1 1 1 1 1 1 1 1 1 1 1 1 1 1 1 1 1 1 1 1 1 1 1 1 1 100 1 100 1 1 1 1 1 1
staticfield java/lang/Character TYPE Ljava/lang/Class; java/lang/Class
staticfield java/lang/Character $assertionsDisabled Z 1
ciInstanceKlass java/lang/OutOfMemoryError 1 1 26 10 100 12 1 1 1 10 12 1 100 1 1 1 1 5 0 1 1 1 1 1 1 1 1 1
ciInstanceKlass java/lang/Integer 1 1 453 7 1 7 1 7 1 7 1 10 12 1 1 9 12 1 1 9 12 1 1 10 100 12 1 1 1 10 12 1 1 10 100 12 1 1 1 10 10 12 1 1 10 7 12 1 1 1 10 12 1 10 12 1 1 10 7 12 1 1 1 10 12 1 1 10 12 1 1 10 12 1 10 12 1 10 12 1 1 10 10 12 1 9 12 1 1 9 12 1 7 1 8 1 10 12 1 7 1 10 12 1 8 1 10 12 1 1 10 12 1 8 1 10 12 1 8 1 10 12 1 1 3 10 12 1 1 3 10 12 1 1 10 12 1 1 10 7 12 1 1 1 11 7 1 10 12 1 1 11 10 12 1 1 8 1 10 12 1 1 8 1 7 1 10 12 1 1 10 12 1 1 5 0 8 1 10 12 1 10 12 1 10 12 1 10 12 1 1 7 1 9 12 1 1 9 12 1 1 10 12 1 10 7 1 9 12 1 10 12 1 10 12 1 10 12 1 1 10 7 12 1 1 1 100 1 100 1 10 12 1 1 10 12 1 1 8 1 8 1 10 12 1 1 8 1 8 1 8 1 8 1 8 1 8 1 10 12 1 10 12 1 5 0 3 3 3 3 10 12 1 10 12 1 3 10 12 1 10 100 12 1 1 1 10 12 1 1 10 12 1 1 8 1 10 7 12 1 1 1 9 12 1 1 7 1 7 1 7 1 1 1 1 3 1 1 1 3 1 3 1 1 5 0 1 1 1 1 1 1 1 1 1 100 1 1 1 1 1 1 1 1 1 1 1 1 1 1 1 1 1 1 1 1 1 1 1 1 1 1 1 1 1 1 1 1 1 1 1 1 1 1 1 1 3 1 1 1 1 1 1 1 1 1 1 1 1 1 1 1 1 7 1 1 1 1 1 1 1 1 1 1 1 1 1 1 1 1 1 1 1 1 1 1 1 1 1 1 1 1 1 1 1 1 1 1 1 1 1 1 1 1 1 1 1 1 1 1 7 1 1 1 1 1 1 1 1 1 100 1 100 1 1
staticfield java/lang/Integer TYPE Ljava/lang/Class; java/lang/Class
staticfield java/lang/Integer digits [C 36
staticfield java/lang/Integer DigitTens [B 100
staticfield java/lang/Integer DigitOnes [B 100
instanceKlass com/google/gson/internal/LazilyParsedNumber
instanceKlass java/util/concurrent/atomic/Striped64
instanceKlass java/math/BigInteger
instanceKlass java/math/BigDecimal
instanceKlass java/util/concurrent/atomic/AtomicLong
instanceKlass java/util/concurrent/atomic/AtomicInteger
instanceKlass java/lang/Long
instanceKlass java/lang/Integer
instanceKlass java/lang/Short
instanceKlass java/lang/Byte
instanceKlass java/lang/Double
instanceKlass java/lang/Float
ciInstanceKlass java/lang/Number 1 1 37 10 7 12 1 1 1 10 100 12 1 1 1 100 1 1 1 1 5 0 1 1 1 1 1 1 1 1 1 1 1 1 1 1 1 1 1
ciInstanceKlass java/lang/Thread$FieldHolder 1 1 48 10 7 12 1 1 1 9 7 12 1 1 1 9 12 1 1 9 12 1 1 9 12 1 1 9 12 1 1 1 1 1 1 1 1 1 1 100 1 100 1 1 1 1 100 1 1 1
ciInstanceKlass java/lang/Thread$Constants 0 0 59 7 1 10 7 12 1 1 1 100 1 10 10 7 12 1 1 1 7 1 8 1 10 12 1 9 7 12 1 1 1 7 1 7 1 10 12 1 10 12 1 9 12 1 1 1 1 1 1 1 1 1 1 1 1 1 1 1 1
ciInstanceKlass java/lang/ThreadGroup 1 1 411 10 7 12 1 1 1 9 7 12 1 1 1 8 1 9 12 1 1 7 1 9 12 1 1 9 12 1 1 10 7 12 1 1 1 10 12 1 1 10 12 1 10 12 1 10 12 1 10 12 1 1 10 12 1 1 10 12 1 10 12 1 1 10 12 1 10 12 1 10 100 12 1 1 1 10 12 1 1 18 12 1 1 11 7 12 1 1 1 10 7 12 1 1 1 10 7 12 1 10 12 1 1 10 12 1 1 10 12 1 1 10 100 12 1 1 1 10 12 1 11 12 1 1 11 7 12 1 1 11 12 1 1 10 12 1 1 10 12 1 10 12 1 11 12 1 11 12 1 1 100 1 10 10 12 1 100 1 10 18 12 1 1 11 7 12 1 1 1 11 12 1 1 9 12 1 1 10 12 1 1 8 1 10 7 12 1 1 1 10 100 12 1 1 1 10 12 1 1 11 12 10 12 1 1 10 12 1 1 11 7 1 9 12 1 7 1 10 8 1 10 12 1 1 10 12 1 1 8 1 10 12 1 10 7 12 1 1 1 10 12 1 1 10 7 1 8 1 10 8 1 10 12 1 10 12 1 8 1 9 12 1 1 9 12 1 10 100 12 1 1 1 100 9 12 1 1 7 1 9 12 1 10 12 10 12 1 1 100 10 12 9 12 1 10 12 1 100 1 10 11 12 1 1 7 1 10 10 12 1 10 12 1 1 1 1 1 1 1 1 1 1 1 1 1 1 1 1 1 1 3 1 1 1 1 1 1 1 1 1 1 1 1 100 1 1 1 1 1 1 1 1 1 1 1 1 1 1 1 1 1 1 1 1 1 1 1 1 1 1 1 1 1 1 1 1 1 1 1 1 1 1 1 1 1 1 1 16 15 10 12 16 16 15 10 12 16 15 10 100 12 1 1 1 1 1 100 1 100 1 1
staticfield java/lang/ThreadGroup $assertionsDisabled Z 1
ciInstanceKlass java/lang/Thread$UncaughtExceptionHandler 1 0 16 100 1 100 1 1 1 1 1 1 1 1 100 1 1 1
ciInstanceKlass java/security/AccessControlContext 1 1 374 9 7 12 1 1 1 9 12 1 1 10 7 12 1 1 1 8 1 10 7 12 1 1 1 10 7 12 1 1 1 9 12 1 9 12 1 1 9 12 1 1 10 7 12 1 1 7 1 10 12 1 11 7 12 1 1 1 11 12 1 11 12 1 11 12 1 1 7 1 11 12 1 1 10 12 1 10 7 12 1 1 1 9 100 12 1 1 1 10 7 12 1 1 1 11 100 12 1 1 1 10 7 1 100 1 8 1 10 12 1 10 12 1 1 7 1 10 7 12 1 1 1 9 12 1 9 12 1 9 12 1 9 12 1 1 9 12 1 1 9 12 1 9 12 1 10 7 12 1 1 1 9 12 1 10 12 1 1 10 12 1 1 8 1 10 12 1 1 10 12 1 1 10 7 12 1 1 1 7 1 10 10 12 1 1 10 7 12 1 1 1 10 8 1 10 7 12 1 1 8 1 10 7 12 1 1 8 1 8 1 10 12 1 8 1 10 12 1 8 1 10 12 1 10 12 1 10 12 1 1 8 1 8 1 100 1 10 12 1 10 12 1 1 7 1 10 12 1 8 1 10 12 1 10 12 1 10 8 1 10 12 1 1 10 12 1 1 10 12 1 1 10 12 1 1 10 12 1 10 12 1 11 10 12 1 10 12 1 1 10 10 10 12 1 1 1 1 1 1 1 1 1 1 1 1 1 1 1 1 1 1 1 1 1 1 1 1 100 1 1 1 1 1 1 1 1 1 1 1 1 1 1 1 1 1 1 1 1 1 1 1 1 1 1 1 1 1 1 1 1 1 1 1 1 1 1 1 1 1 1 1 1 1 1 1 1 1 1 1 1 3 1 1
instanceKlass java/lang/ThreadBuilders$BoundVirtualThread
instanceKlass java/lang/VirtualThread
ciInstanceKlass java/lang/BaseVirtualThread 0 0 36 10 100 12 1 1 1 100 1 1 1 1 1 1 1 1 1 1 1 1 1 1 1 1 1 1 1 1 100 1 100 1 1 100 1 1
ciInstanceKlass java/lang/VirtualThread 0 0 907 9 7 12 1 1 1 10 7 12 1 1 1 10 100 12 1 1 1 10 7 12 1 1 1 9 12 1 1 9 12 1 1 100 1 10 12 1 9 12 1 1 18 12 1 1 9 12 1 1 10 12 1 1 100 1 10 12 1 10 12 1 1 10 12 1 1 10 12 1 1 10 12 1 10 7 12 1 10 12 1 10 12 1 10 12 1 10 12 1 11 100 12 1 1 1 100 1 10 12 1 1 10 100 12 1 1 1 10 100 12 1 1 1 10 12 1 100 1 10 10 12 1 10 12 1 1 9 12 1 1 10 12 1 1 9 12 1 1 10 12 1 9 12 1 1 9 12 1 100 1 10 10 12 1 10 100 12 1 1 10 9 10 10 12 1 1 10 12 1 1 10 100 12 1 1 10 100 1 10 9 10 10 12 1 7 1 10 12 1 1 10 12 1 10 12 1 10 12 1 1 9 12 1 10 12 1 10 12 1 9 12 1 1 10 12 1 10 12 1 9 12 1 1 10 12 1 10 12 1 10 12 1 11 100 12 1 1 10 12 1 1 10 12 1 1 10 12 1 1 9 12 1 10 100 1 10 12 1 1 10 12 1 1 10 12 1 10 12 1 10 12 1 10 12 9 12 1 1 10 100 12 1 1 10 12 1 10 12 1 1 10 100 12 1 1 10 12 1 100 1 8 1 10 12 1 10 12 1 1 10 12 1 10 12 1 10 100 12 1 1 10 12 1 10 12 1 1 10 12 1 10 12 1 1 10 7 12 1 1 10 12 1 1 10 12 1 1 100 1 10 10 12 1 7 1 9 12 1 1 10 7 12 1 1 10 9 12 1 1 18 9 100 12 1 1 1 11 100 12 1 1 1 11 100 1 11 12 10 12 1 10 12 1 1 10 12 1 100 1 10 10 12 1 10 12 1 1 10 12 1 1 10 12 1 10 12 1 10 12 1 9 12 1 1 11 100 12 1 1 10 12 9 100 12 1 1 1 9 12 1 10 12 1 1 9 12 1 9 12 1 9 12 1 7 1 10 10 12 1 1 10 12 1 10 12 7 1 7 1 10 8 1 10 12 1 1 10 12 1 10 12 1 10 10 12 1 8 1 10 10 12 1 10 12 1 10 7 12 1 1 8 1 8 1 10 9 100 12 1 1 1 10 12 1 1 10 12 1 10 10 10 12 9 12 1 10 12 1 1 9 12 1 10 12 1 1 9 12 1 10 12 1 1 18 12 1 1 18 12 1 10 7 12 1 1 1 8 1 10 100 12 1 1 1 10 7 12 1 1 1 18 12 1 10 100 12 1 1 1 100 1 10 12 1 8 1 10 12 1 8 1 10 12 1 1 8 1 8 1 10 100 12 1 1 8 1 10 12 1 8 1 8 1 10 100 12 1 1 1 10 12 1 10 12 1 1 10 12 1 18 12 1 1 18 12 1 1 5 0 9 12 1 10 12 1 18 12 1 100 1 10 12 10 7 12 1 1 10 12 1 1 7 1 8 1 10 10 12 1 10 12 1 1 10 12 1 9 12 1 8 10 12 1 1 8 8 9 12 1 8 10 12 1 1 3 1 3 1 3 1 3 1 3 1 3 1 3 1 3 1 3 1 3 1 3 1 3 3 1 3 1 1 1 1 1 1 1 1 1 1 1 1 1 1 7 1 1 1 1 1 1 1 1 1 1 1 1 1 1 7 1 1 1 1 1 1 1 1 1 1 1 7 1 1 1 1 1 1 1 1 1 1 1 1 1 1 1 1 1 1 1 1 1 1 1 1 1 1 1 1 1 1 1 1 1 1 1 1 1 1 1 100 1 1 1 1 1 1 1 1 1 1 1 1 1 1 1 1 1 1 1 1 1 1 1 1 1 1 1 1 1 1 1 1 1 1 1 100 1 1 1 1 1 1 1 1 1 1 1 1 1 1 100 1 1 16 15 10 12 15 16 15 10 12 16 15 10 12 16 16 15 10 12 16 15 10 12 16 15 10 12 16 15 10 12 16 1 15 10 100 12 1 1 1 1 1 1 1 7 1 1 100 1 100 1 1
ciInstanceKlass java/lang/ThreadBuilders$BoundVirtualThread 0 0 132 10 7 12 1 1 1 9 7 12 1 1 1 10 7 12 1 1 1 9 12 1 1 10 12 1 1 10 12 1 1 9 12 1 1 10 7 12 1 1 1 10 12 1 1 7 1 8 1 10 12 1 10 12 1 1 10 12 1 1 10 12 1 1 10 7 12 1 1 1 8 1 10 12 1 8 1 10 12 1 1 10 100 12 1 1 9 100 12 1 1 1 10 12 1 1 10 10 12 1 1 1 1 1 1 1 1 1 1 1 1 1 1 1 1 1 1 1 1 1 1 1 1 1 1 1 1 100 1 1 1 1
ciInstanceKlass jdk/internal/vm/ContinuationScope 0 0 50 10 100 12 1 1 1 10 100 12 1 1 1 100 1 9 100 12 1 1 1 10 12 1 1 10 100 12 1 1 1 10 12 1 1 10 12 1 1 1 1 1 1 1 1 1 1 1 1 1
ciInstanceKlass jdk/internal/vm/StackChunk 0 0 32 10 100 12 1 1 1 9 100 12 1 1 1 9 12 1 1 9 12 1 1 1 1 1 1 1 1 1 1 1 1 1
ciInstanceKlass java/lang/Float 1 1 279 7 1 7 1 10 100 12 1 1 1 10 100 12 1 1 1 4 7 1 10 12 1 1 10 12 1 1 8 1 8 1 10 7 12 1 1 1 10 12 1 1 10 12 1 1 10 100 1 4 10 7 12 1 1 9 12 1 1 10 12 1 1 10 12 1 10 10 12 1 1 10 12 1 10 12 1 3 3 100 1 4 4 4 3 10 12 1 1 9 12 1 1 100 1 10 3 3 4 4 10 12 1 3 3 3 10 12 1 1 10 12 1 1 10 12 1 10 100 12 1 1 1 10 12 1 1 10 12 1 1 10 7 12 1 1 1 8 1 10 12 1 1 9 12 1 1 7 1 7 1 7 1 1 1 1 4 1 4 1 1 1 4 1 1 3 1 3 1 3 1 3 1 3 1 1 1 1 5 0 1 1 1 1 1 1 1 1 1 1 100 1 1 1 1 1 1 1 1 1 1 1 1 1 3 1 1 1 1 1 1 1 1 1 1 1 1 1 1 1 1 1 1 1 1 1 1 1 1 1 1 1 1 1 1 1 1 1 1 1 1 1 1 1 1 1 1 1 1 1 1 1 1 1 1 1 1 1 1 1 1 1 1 1 1 1 7 1 1 1 1 1 1 1 100 1 100 1 1
staticfield java/lang/Float TYPE Ljava/lang/Class; java/lang/Class
staticfield java/lang/Float $assertionsDisabled Z 1
ciMethod java/lang/Float intBitsToFloat (I)F 2 0 1 0 -1
ciMethod java/lang/Float valueOf (F)Ljava/lang/Float; 2 0 86 0 -1
ciInstanceKlass java/lang/Double 1 1 290 7 1 7 1 10 100 12 1 1 1 10 12 1 1 10 7 1 10 12 1 1 10 7 12 1 1 1 6 0 8 1 10 12 1 1 8 1 10 12 1 1 8 1 6 0 10 12 1 1 100 1 5 0 5 0 8 1 8 1 10 7 12 1 1 1 10 7 12 1 1 1 8 1 10 12 1 1 8 1 8 1 8 1 10 12 1 1 10 12 1 10 12 1 1 10 12 1 10 12 1 10 12 1 1 10 12 1 10 7 1 6 0 10 7 12 1 1 9 12 1 1 10 12 1 10 12 1 10 12 1 10 12 1 10 12 1 5 0 10 12 1 1 10 12 1 10 12 1 10 100 12 1 1 1 10 12 1 1 10 12 1 1 8 1 10 7 12 1 1 1 9 12 1 1 7 1 7 1 7 1 1 1 6 0 1 6 0 1 6 0 1 1 1 6 0 1 1 3 1 3 1 3 1 3 1 3 1 1 1 1 5 0 1 1 1 1 1 1 1 1 1 1 1 1 1 1 1 1 100 1 1 1 1 1 1 1 1 1 1 1 1 3 1 1 1 1 1 1 1 1 1 1 1 1 1 1 1 1 1 1 1 1 1 1 1 1 1 1 1 1 1 1 1 1 1 1 7 1 1 1 1 1 1 1 100 1 100 1 1
staticfield java/lang/Double TYPE Ljava/lang/Class; java/lang/Class
ciMethod java/lang/Double longBitsToDouble (J)D 632 0 316 0 -1
ciMethod java/lang/Double valueOf (D)Ljava/lang/Double; 30 0 8151 0 -1
ciInstanceKlass java/lang/Byte 1 1 213 7 1 100 1 10 7 12 1 1 1 9 12 1 1 8 1 9 12 1 1 7 1 10 12 1 1 10 12 1 1 10 100 12 1 1 1 10 100 12 1 1 1 9 7 12 1 1 1 10 12 1 1 100 1 7 1 10 12 1 1 8 1 10 12 1 1 8 1 10 12 1 10 12 1 10 12 1 10 12 1 1 10 12 1 10 12 1 10 12 1 1 10 8 1 8 1 10 7 1 9 12 1 1 10 12 1 1 10 12 1 1 10 12 1 1 10 12 1 5 0 10 12 1 1 8 1 10 7 12 1 1 1 9 12 1 1 7 1 7 1 1 1 3 1 3 1 1 1 1 3 1 3 1 1 5 0 1 1 1 1 1 1 1 1 1 1 1 1 1 1 1 1 1 1 1 1 1 1 1 1 1 1 1 1 1 1 1 1 1 1 1 1 1 1 1 1 1 1 1 1 1 1 1 1 1 1 1 1 1 1 1 1
staticfield java/lang/Byte TYPE Ljava/lang/Class; java/lang/Class
ciInstanceKlass java/lang/Short 1 1 222 7 1 7 1 100 1 10 7 12 1 1 1 10 12 1 1 100 1 7 1 10 12 1 1 8 1 10 12 1 1 8 1 10 12 1 10 12 1 10 12 1 10 12 1 1 10 12 1 1 10 12 1 9 12 1 1 8 1 9 12 1 1 7 1 10 12 1 1 10 12 1 10 100 12 1 1 1 10 100 12 1 1 1 9 100 12 1 1 1 10 12 1 10 12 1 1 10 8 1 8 1 10 7 1 9 12 1 1 10 12 1 1 10 12 1 1 10 12 1 1 10 12 1 3 3 5 0 10 12 1 1 8 1 10 7 12 1 1 1 9 12 1 1 7 1 7 1 1 1 3 1 3 1 1 1 1 3 1 3 1 1 5 0 1 1 1 1 1 1 1 1 1 1 1 1 1 1 1 1 1 1 1 1 1 1 1 1 1 1 1 3 1 1 1 1 1 1 1 1 1 1 1 1 1 1 1 1 1 1 1 1 1 1 1 1 1 1 1 1 1 1
staticfield java/lang/Short TYPE Ljava/lang/Class; java/lang/Class
ciInstanceKlass java/lang/Long 1 1 524 7 1 7 1 7 1 7 1 10 12 1 1 9 12 1 1 9 7 12 1 1 1 10 100 12 1 1 1 10 12 1 1 10 100 12 1 1 1 10 10 12 10 12 1 10 12 1 10 12 1 5 0 5 0 7 1 10 12 1 1 10 12 1 1 10 12 1 10 12 1 10 12 1 10 12 1 1 10 100 12 1 1 10 12 1 10 12 1 1 10 12 1 1 10 12 1 1 10 12 1 1 10 100 12 1 1 1 10 12 1 1 10 12 1 10 12 1 10 12 1 10 12 1 1 10 10 12 1 5 0 5 0 9 12 1 1 9 12 1 5 0 7 1 8 1 10 12 1 8 1 10 12 1 8 1 8 1 10 12 1 1 5 0 10 12 1 1 5 0 10 12 1 1 10 12 1 1 10 7 12 1 1 1 11 7 1 10 12 1 1 11 10 12 1 1 8 1 10 12 1 1 8 1 7 1 10 12 1 1 10 12 1 8 1 8 1 11 12 1 1 10 12 1 10 12 1 10 12 1 5 0 5 0 9 7 12 1 1 1 10 12 1 10 12 1 1 8 1 8 1 10 12 1 1 8 1 8 1 8 1 8 1 8 1 8 1 10 12 1 10 7 1 9 12 1 1 10 12 1 10 12 1 1 10 12 1 1 10 7 12 1 1 1 100 1 100 1 10 12 1 1 10 12 1 1 5 0 10 12 1 10 12 1 5 0 5 0 5 0 10 12 1 1 10 12 1 5 0 5 0 10 12 1 10 12 1 10 100 12 1 1 1 10 12 1 1 10 12 1 1 8 1 10 7 12 1 1 1 9 12 1 1 7 1 7 1 7 1 1 1 1 5 0 1 1 1 1 3 1 3 1 5 0 1 1 1 1 1 1 1 1 1 100 1 1 1 1 1 1 1 1 1 1 1 1 1 1 1 1 1 1 1 1 1 1 1 1 1 1 1 1 1 1 1 1 1 1 1 1 1 1 1 1 1 1 1 1 1 1 1 1 1 1 1 1 1 1 1 3 1 1 1 1 1 1 1 1 1 1 1 1 1 1 1 7 1 1 1 1 1 1 1 1 1 1 1 1 1 1 1 1 1 1 1 1 1 1 1 1 1 1 1 1 1 1 1 1 1 1 1 1 1 1 1 1 1 1 1 7 1 1 1 1 1 1 1 1 1 100 1 100 1 1
staticfield java/lang/Long TYPE Ljava/lang/Class; java/lang/Class
ciMethod java/lang/Long valueOf (J)Ljava/lang/Long; 4114 0 2343 0 -1
ciInstanceKlass jdk/internal/vm/vector/VectorSupport 0 0 573 100 1 10 100 12 1 1 1 9 12 1 1 10 12 1 1 100 1 10 12 1 11 100 12 1 1 1 11 100 12 1 1 1 11 100 12 1 1 11 100 12 1 1 11 100 12 1 1 1 11 100 12 1 1 11 100 12 1 1 11 100 12 1 1 11 100 12 1 1 11 100 12 1 1 11 100 12 1 1 11 100 12 1 1 1 11 100 12 1 1 11 100 12 1 1 1 11 100 12 1 1 1 11 100 12 1 1 11 100 12 1 1 1 11 100 12 1 1 100 1 10 12 1 1 11 100 12 1 1 11 100 12 1 1 11 100 12 1 1 11 100 12 1 1 11 100 12 1 1 11 100 12 1 1 9 12 1 1 10 100 12 1 1 11 100 12 1 1 10 12 1 1 10 100 12 1 1 1 10 12 1 10 12 1 1 10 12 1 1 1 1 1 3 1 3 1 3 1 3 1 3 1 3 1 3 1 3 1 3 1 3 1 3 1 3 1 3 1 3 1 3 1 3 1 3 1 3 1 3 1 3 1 3 1 3 1 3 1 3 1 3 1 3 1 3 1 3 1 3 1 3 1 3 1 3 1 3 1 3 1 3 1 3 1 3 1 3 1 3 1 3 1 3 1 3 1 3 1 3 1 3 1 3 1 3 1 3 1 3 1 3 1 3 1 3 1 3 1 1 1 1 1 1 1 1 1 1 1 1 1 1 1 1 1 1 1 1 1 1 1 1 1 1 1 1 1 1 1 1 1 1 1 1 1 1 1 1 1 1 1 1 1 1 1 1 1 1 1 1 1 1 1 1 1 1 1 1 1 1 1 1 1 1 1 1 1 1 1 1 1 1 1 1 1 1 1 1 1 1 1 1 1 1 1 1 1 1 1 1 1 1 1 1 1 1 1 1 1 1 1 1 1 1 1 1 1 1 1 1 1 1 1 1 1 1 1 1 1 1 1 1 1 1 1 1 1 1 1 1 1 1 1 1 1 1 1 1 1 1 1 1 1 1 1 1 1 1 1 1 1 1 1 1 1 1 1 1 1 1 1 1 1 1 1 1 1 1 1 1 1 1 1 1 1 1 1 1 1 1 1 1 1 1 1 1 1 1 1 1 1 1 1 1 1 1 1 1 1 1 1 1 1 1 1 1 1 1 1 1 1 1 1 1 1 1 1 1 1 1 1 1 1 1 1 1 1 1 1 1 1 1 1 100 1 100 1 100 1 100 1 100 1 1 1 1 1 1 1 1 1 1 1 1 1 1 1 1 1 1 1 1 1 1 1 1 1 1 1 1 1 1 1
instanceKlass jdk/internal/vm/vector/VectorSupport$VectorShuffle
instanceKlass jdk/internal/vm/vector/VectorSupport$VectorMask
instanceKlass jdk/internal/vm/vector/VectorSupport$Vector
ciInstanceKlass jdk/internal/vm/vector/VectorSupport$VectorPayload 0 0 32 10 100 12 1 1 1 9 100 12 1 1 1 10 100 12 1 1 1 1 1 1 1 1 1 1 1 1 1 1 1 1
ciInstanceKlass jdk/internal/vm/vector/VectorSupport$Vector 0 0 28 10 100 12 1 1 1 100 1 1 1 1 1 1 1 1 1 1 1 1 1 1 1 100 1 1 1 1
ciInstanceKlass jdk/internal/vm/vector/VectorSupport$VectorMask 0 0 28 10 100 12 1 1 1 100 1 1 1 1 1 1 1 1 1 1 1 1 1 1 1 100 1 1 1 1
ciInstanceKlass jdk/internal/vm/vector/VectorSupport$VectorShuffle 0 0 28 10 100 12 1 1 1 100 1 1 1 1 1 1 1 1 1 1 1 1 1 1 1 100 1 1 1 1
ciInstanceKlass jdk/internal/vm/FillerObject 0 0 16 10 100 12 1 1 1 100 1 1 1 1 1 1 1 1
instanceKlass java/lang/ref/PhantomReference
instanceKlass java/lang/ref/FinalReference
instanceKlass java/lang/ref/WeakReference
instanceKlass java/lang/ref/SoftReference
ciInstanceKlass java/lang/ref/Reference 1 1 190 9 7 12 1 1 1 9 7 12 1 1 10 12 1 1 10 12 1 1 9 12 1 1 10 12 1 1 9 12 1 1 9 12 1 1 7 1 10 12 1 10 7 12 1 1 10 12 1 10 12 1 1 10 12 1 7 1 8 1 10 12 1 1 7 1 10 12 1 1 10 12 1 1 10 12 1 9 12 1 10 12 1 1 10 12 1 10 12 1 9 12 1 7 1 100 1 10 12 9 12 1 9 12 1 100 1 10 10 12 1 10 10 7 12 1 1 7 1 10 10 7 12 1 1 1 1 1 1 1 1 1 1 1 1 1 1 1 1 1 1 1 7 1 1 1 100 1 1 1 1 1 1 1 1 1 1 1 1 1 1 1 1 1 1 1 1 1 1 1 1 1 1 1 1 1 1 1 1 1 1 1 7 1 7 1 7 1 1 1
staticfield java/lang/ref/Reference processPendingLock Ljava/lang/Object; java/lang/Object
staticfield java/lang/ref/Reference $assertionsDisabled Z 1
instanceKlass sun/security/util/MemoryCache$SoftCacheEntry
instanceKlass com/sun/beans/util/Cache$Kind$Soft
instanceKlass sun/util/locale/provider/LocaleResources$ResourceReference
instanceKlass sun/util/resources/Bundles$BundleReference
instanceKlass java/lang/invoke/LambdaFormEditor$Transform
instanceKlass sun/util/locale/LocaleObjectCache$CacheEntry
ciInstanceKlass java/lang/ref/SoftReference 1 1 47 10 7 12 1 1 1 9 7 12 1 1 1 9 12 1 10 12 1 10 12 1 1 1 1 1 1 1 1 1 1 1 1 1 1 1 1 1 1 1 1 100 1 1 1 1 1
instanceKlass org/apache/commons/logging/impl/WeakHashtable$WeakKey
instanceKlass javax/crypto/JceSecurity$WeakIdentityWrapper
instanceKlass java/beans/WeakIdentityMap$Entry
instanceKlass java/lang/WeakPairMap$WeakRefPeer
instanceKlass java/lang/ClassValue$Entry
instanceKlass jdk/internal/util/WeakReferenceKey
instanceKlass java/lang/ThreadLocal$ThreadLocalMap$Entry
instanceKlass java/util/WeakHashMap$Entry
ciInstanceKlass java/lang/ref/WeakReference 1 1 31 10 7 12 1 1 1 10 12 1 100 1 1 1 1 1 1 1 1 1 1 1 1 1 1 1 1 1 1 1 1
instanceKlass java/lang/ref/Finalizer
ciInstanceKlass java/lang/ref/FinalReference 1 1 50 10 7 12 1 1 1 10 7 12 1 1 1 10 12 1 1 7 1 8 1 10 12 1 1 1 1 1 1 1 1 1 1 1 1 1 1 1 1 1 1 1 1 1 1 1 1 1 7 1
instanceKlass jdk/internal/ref/PhantomCleanable
instanceKlass jdk/internal/ref/Cleaner
ciInstanceKlass java/lang/ref/PhantomReference 1 1 39 10 100 12 1 1 1 10 7 12 1 1 1 1 1 1 1 1 1 1 1 1 1 1 1 1 1 1 1 1 1 1 1 1 1 1 1 1 1
ciInstanceKlass java/lang/ref/Finalizer 1 1 155 9 7 12 1 1 1 10 7 12 1 1 1 9 12 1 1 9 12 1 1 9 12 1 9 12 1 9 12 1 1 10 12 1 7 1 8 1 10 12 1 10 12 1 1 9 12 1 100 1 10 12 1 7 1 11 7 12 1 1 10 12 1 7 1 10 12 1 100 1 10 12 1 10 7 12 1 1 1 10 100 12 1 1 1 100 1 10 10 12 1 7 1 10 12 1 7 1 10 12 1 1 10 12 1 1 10 12 1 10 7 12 1 1 1 7 1 10 7 1 10 10 12 1 1 1 1 1 1 1 1 1 1 1 1 1 1 1 1 1 1 1 1 1 1 1 1 1 1 1 1 1 1 1 1
staticfield java/lang/ref/Finalizer lock Ljava/lang/Object; java/lang/Object
staticfield java/lang/ref/Finalizer ENABLED Z 1
staticfield java/lang/ref/Finalizer $assertionsDisabled Z 1
instanceKlass org/mapleir/ir/code/Expr$Precedence
instanceKlass dev/skidfuscator/obfuscator/transform/impl/string/generator/EncryptionGeneratorV3$InjectFieldTag
instanceKlass dev/skidfuscator/obfuscator/transform/impl/string/generator/EncryptionGeneratorV3$InjectMethodTag
instanceKlass dev/skidfuscator/obfuscator/transform/exempt/BlockExempt
instanceKlass dev/skidfuscator/obfuscator/transform/exempt/MethodExempt
instanceKlass dev/skidfuscator/obfuscator/order/priority/MethodPriority$MethodFlag
instanceKlass dev/xdark/ssvm/execution/Result
instanceKlass dev/xdark/jlinker/ResolutionError
instanceKlass ch/qos/logback/core/joran/spi/ConsoleTarget
instanceKlass dev/xdark/ssvm/mirror/type/InstanceClass$State
instanceKlass dev/xdark/ssvm/InitializationState
instanceKlass dev/skidfuscator/obfuscator/transform/impl/flow/exception/BasicExceptionStrength
instanceKlass dev/skidfuscator/obfuscator/transform/impl/string/StringEncryptionType
instanceKlass com/google/common/base/CaseFormat
instanceKlass dev/skidfuscator/obfuscator/skidasm/SkidInvocation$Type
instanceKlass org/mapleir/ir/code/expr/ComparisonExpr$ValueComparisonType
instanceKlass dev/skidfuscator/obfuscator/skidasm/SkidAnnotation$AnnotationType
instanceKlass org/mapleir/ir/code/stmt/MonitorStmt$MonitorMode
instanceKlass org/mapleir/ir/TypeUtils$ArrayType
instanceKlass org/mapleir/ir/code/expr/ArithmeticExpr$Operator
instanceKlass org/mapleir/ir/code/stmt/ConditionalJumpStmt$ComparisonType
instanceKlass java/util/stream/MatchOps$MatchKind
instanceKlass org/mapleir/ir/code/expr/invoke/InvocationExpr$CallType
instanceKlass org/mapleir/stdlib/util/JavaDesc$DescType
instanceKlass com/google/gson/stream/JsonToken
instanceKlass com/google/gson/ToNumberPolicy
instanceKlass com/google/gson/FieldNamingPolicy
instanceKlass com/google/gson/LongSerializationPolicy
instanceKlass org/topdank/byteengineer/commons/data/JarType
instanceKlass dev/skidfuscator/obfuscator/exempt/ExclusionType
instanceKlass com/typesafe/config/ConfigValueType
instanceKlass com/typesafe/config/impl/TokenType
instanceKlass com/typesafe/config/impl/ResolveStatus
instanceKlass com/typesafe/config/impl/OriginType
instanceKlass com/typesafe/config/ConfigSyntax
instanceKlass org/fusesource/jansi/Ansi$Attribute
instanceKlass org/fusesource/jansi/Ansi$Color
instanceKlass org/apache/http/conn/routing/RouteInfo$LayerType
instanceKlass org/apache/http/conn/routing/RouteInfo$TunnelType
instanceKlass org/apache/http/auth/AuthProtocolState
instanceKlass org/apache/http/client/utils/URIUtils$UriFlag
instanceKlass org/apache/http/impl/nio/client/CloseableHttpAsyncClientBase$Status
instanceKlass org/apache/http/nio/protocol/MessageState
instanceKlass org/apache/http/impl/cookie/RFC6265CookieSpecProvider$CompatibilityLevel
instanceKlass org/apache/http/impl/cookie/DefaultCookieSpecProvider$CompatibilityLevel
instanceKlass jdk/internal/util/OperatingSystem
instanceKlass java/net/StandardProtocolFamily
instanceKlass org/apache/http/nio/reactor/IOReactorStatus
instanceKlass java/security/DrbgParameters$Capability
instanceKlass sun/util/logging/PlatformLogger$Level
instanceKlass jdk/internal/logger/BootstrapLogger$LoggingBackend
instanceKlass java/lang/System$Logger$Level
instanceKlass sun/security/rsa/RSAUtil$KeyType
instanceKlass sun/security/ssl/NamedGroup
instanceKlass sun/security/ssl/NamedGroup$NamedGroupSpec
instanceKlass sun/security/ssl/CipherSuite$KeyExchange
instanceKlass sun/security/ssl/CipherSuite$MacAlg
instanceKlass sun/security/ssl/CipherSuite$HashAlg
instanceKlass java/lang/StackWalker$Option
instanceKlass java/nio/file/AccessMode
instanceKlass sun/security/ssl/CipherType
instanceKlass sun/security/ssl/SSLCipher
instanceKlass sun/security/ssl/CipherSuite
instanceKlass java/security/CryptoPrimitive
instanceKlass sun/security/util/DisabledAlgorithmConstraints$Constraint$Operator
instanceKlass sun/security/ssl/ProtocolVersion
instanceKlass sun/security/util/KnownOIDs
instanceKlass org/apache/http/conn/util/DomainType
instanceKlass org/fusesource/jansi/Ansi$Erase
instanceKlass com/sun/beans/introspect/PropertyInfo$Name
instanceKlass java/util/stream/Collector$Characteristics
instanceKlass com/sun/beans/util/Cache$Kind
instanceKlass java/lang/invoke/MethodHandleImpl$ArrayAccess
instanceKlass picocli/CommandLine$ParseResult$GroupValidationResult$Type
instanceKlass picocli/CommandLine$LookBehind
instanceKlass java/util/Comparators$NaturalOrderComparator
instanceKlass picocli/CommandLine$Model$InitialValueState
instanceKlass picocli/CommandLine$Help$Visibility
instanceKlass picocli/CommandLine$ScopeType
instanceKlass java/lang/reflect/ProxyGenerator$PrimitiveTypeInfo
instanceKlass java/lang/annotation/RetentionPolicy
instanceKlass java/time/format/TextStyle
instanceKlass java/time/format/DateTimeFormatterBuilder$SettingsParser
instanceKlass java/time/format/ResolverStyle
instanceKlass java/time/format/SignStyle
instanceKlass java/time/temporal/JulianFields$Field
instanceKlass java/time/temporal/IsoFields$Unit
instanceKlass java/time/temporal/IsoFields$Field
instanceKlass java/time/chrono/IsoEra
instanceKlass java/time/DayOfWeek
instanceKlass java/time/Month
instanceKlass java/time/temporal/ChronoUnit
instanceKlass java/time/temporal/ChronoField
instanceKlass picocli/CommandLine$Help$Ansi$Style
instanceKlass picocli/CommandLine$Help$Ansi
instanceKlass picocli/CommandLine$TraceLevel
instanceKlass java/math/RoundingMode
instanceKlass java/util/stream/StreamShape
instanceKlass java/util/stream/StreamOpFlag$Type
instanceKlass java/util/stream/StreamOpFlag
instanceKlass sun/util/locale/provider/LocaleProviderAdapter$Type
instanceKlass java/util/Locale$Category
instanceKlass java/util/regex/Pattern$Qtype
instanceKlass java/lang/invoke/MethodHandles$Lookup$ClassOption
instanceKlass java/lang/invoke/VarHandle$AccessType
instanceKlass java/lang/invoke/VarHandle$AccessMode
instanceKlass java/lang/invoke/MethodHandleImpl$Intrinsic
instanceKlass java/lang/invoke/LambdaForm$BasicType
instanceKlass java/lang/invoke/LambdaForm$Kind
instanceKlass sun/invoke/util/Wrapper
instanceKlass java/util/zip/ZipCoder$Comparison
instanceKlass java/nio/file/LinkOption
instanceKlass sun/nio/fs/WindowsPathType
instanceKlass java/util/concurrent/TimeUnit
instanceKlass java/nio/file/StandardOpenOption
instanceKlass java/io/File$PathStatus
instanceKlass java/lang/module/ModuleDescriptor$Requires$Modifier
instanceKlass java/lang/reflect/AccessFlag$Location
instanceKlass java/lang/reflect/AccessFlag
instanceKlass java/lang/module/ModuleDescriptor$Modifier
instanceKlass java/lang/reflect/ClassFileFormatVersion
instanceKlass java/lang/Thread$State
ciInstanceKlass java/lang/Enum 1 1 204 9 7 12 1 1 1 9 12 1 1 10 7 12 1 1 1 9 12 1 10 7 12 1 1 1 100 1 10 10 12 1 1 10 12 1 7 1 10 10 7 12 1 1 10 12 1 1 18 12 1 1 10 100 12 1 1 1 10 12 1 1 11 7 12 1 1 1 100 1 8 1 10 12 1 100 1 7 1 10 8 1 10 12 1 1 10 12 1 1 8 1 10 12 1 10 100 1 8 1 10 10 12 1 1 10 100 12 1 1 1 7 1 7 1 7 1 1 1 1 1 1 1 1 1 1 1 1 1 1 1 1 1 1 1 1 1 1 1 1 1 1 1 1 1 1 1 1 1 1 1 1 1 1 1 1 1 1 1 1 1 1 1 3 1 1 1 1 100 1 7 1 1 100 1 1 1 1 1 1 1 1 1 1 1 16 15 10 12 16 15 10 100 12 1 1 1 1 1 100 1 100 1 1
ciInstanceKlass java/lang/reflect/Method 1 1 472 9 7 12 1 1 1 10 7 12 1 1 1 10 7 12 1 1 9 12 1 1 10 12 1 1 10 12 1 1 10 7 12 1 1 10 7 12 1 1 1 9 12 1 1 9 12 1 9 12 1 1 9 12 1 9 12 1 9 12 1 1 9 12 1 9 12 1 1 9 12 1 9 12 1 9 12 1 1 100 1 8 1 10 12 1 10 12 1 9 12 1 1 8 1 10 7 12 1 1 10 7 12 1 1 1 10 12 1 1 10 12 1 1 10 12 1 10 12 1 1 10 12 1 1 9 7 12 1 1 1 10 12 1 1 10 12 10 7 12 1 1 10 12 1 1 10 12 1 10 12 1 10 12 1 10 7 12 1 1 1 10 12 1 1 10 7 1 10 7 12 1 1 1 10 7 12 1 1 10 12 1 1 10 12 1 1 10 12 1 10 7 12 1 1 1 10 12 1 10 8 1 10 12 1 10 12 1 7 1 8 1 8 1 8 1 10 12 1 10 12 1 1 10 12 1 1 10 10 12 1 1 10 12 1 11 7 1 10 12 1 9 12 1 1 10 12 1 1 10 12 1 10 12 1 1 10 12 1 1 11 7 12 1 1 1 11 12 1 9 12 1 1 10 12 1 10 12 1 10 12 1 10 12 1 10 12 1 10 12 1 9 12 1 1 10 7 12 1 1 1 10 7 12 1 1 10 12 1 1 10 7 12 1 1 1 10 7 12 1 1 1 10 7 12 1 1 1 11 7 12 1 1 1 10 7 12 1 1 1 7 1 100 1 100 1 10 12 1 10 12 1 1 10 12 1 100 1 8 1 10 12 1 10 10 12 1 1 10 12 1 1 10 12 1 1 10 12 1 1 8 1 10 12 1 1 1 1 1 1 1 1 1 1 1 1 1 1 1 1 1 1 1 1 1 1 1 1 1 1 1 1 1 1 1 1 1 1 1 1 1 1 1 1 1 1 1 1 1 1 1 1 1 1 1 1 1 100 1 100 1 100 1 1 1 1 1 1 1 1 1 1 1 1 1 1 1 1 1 1 1 1 1 1 1 1 1 1 1 1 1 1
ciInstanceKlass java/lang/reflect/Field 1 1 457 9 7 12 1 1 1 10 12 1 1 10 7 12 1 1 1 10 7 12 1 1 9 12 1 1 10 12 1 1 10 12 1 1 10 7 12 1 1 10 7 12 1 1 1 9 12 1 1 9 12 1 9 12 1 9 12 1 1 9 12 1 1 9 12 1 9 12 1 1 9 12 1 1 100 1 8 1 10 12 1 10 12 1 9 12 1 1 9 12 1 10 12 1 10 7 12 1 1 10 12 1 1 10 12 1 1 10 12 1 10 12 1 1 9 100 12 1 1 1 10 100 12 1 1 1 7 1 10 12 1 1 10 12 1 1 10 12 1 1 10 12 1 10 12 1 10 7 1 10 7 12 1 1 7 1 10 8 1 10 12 1 1 10 12 1 1 8 1 10 12 10 12 1 8 1 8 1 10 11 7 1 9 12 1 10 12 1 1 10 12 1 1 11 7 12 1 1 1 10 12 1 11 12 1 1 11 12 1 1 11 12 1 1 11 12 1 1 11 12 1 1 11 12 1 1 11 12 1 1 11 12 1 1 11 12 1 1 11 12 1 1 11 12 1 1 11 12 1 1 11 12 1 1 11 12 1 1 11 12 1 1 11 12 1 1 11 12 1 1 10 12 1 10 7 12 1 1 10 12 1 10 12 1 10 12 1 9 12 1 1 10 7 12 1 1 1 10 12 1 1 10 12 1 10 7 12 1 1 10 12 1 1 11 7 1 10 12 1 7 1 10 100 12 1 1 1 10 7 12 1 1 1 9 12 1 10 7 12 1 1 1 11 7 12 1 1 1 10 12 1 1 10 12 1 1 9 100 12 1 1 10 100 12 1 1 1 10 12 1 1 7 1 1 1 1 1 1 1 1 1 1 1 1 1 1 1 1 1 1 1 1 1 1 1 1 1 1 1 1 1 1 1 1 1 1 1 1 1 1 1 100 1 1 1 1 1 1 1 1 1 1 1 1 1 1 1 1 1 1 1 1 1 1 1 1 1 1 1 1 1 1 1 1 7 1 1 1 1 1 1 1 1 1 100 1 1
ciInstanceKlass java/lang/reflect/Parameter 0 0 243 10 7 12 1 1 1 9 7 12 1 1 1 9 12 1 1 9 12 1 1 9 12 1 10 12 1 1 10 12 1 1 10 7 12 1 1 1 7 1 10 10 12 1 1 11 7 12 1 1 1 10 12 1 10 100 12 1 1 1 10 12 1 1 10 12 1 10 12 1 8 1 8 1 10 7 12 1 1 1 10 12 1 10 12 9 100 12 1 1 1 10 100 12 1 1 1 10 12 1 8 1 10 12 1 9 12 1 1 10 12 1 1 9 12 1 1 10 12 1 1 10 12 1 1 10 12 1 1 10 12 1 10 10 12 1 10 100 12 1 1 1 10 12 1 1 11 7 12 1 1 10 7 12 1 1 7 1 10 100 12 1 1 1 10 12 1 1 10 12 1 1 10 12 1 1 10 12 1 1 9 12 1 100 1 10 11 12 1 1 11 12 1 1 7 1 1 1 1 1 1 1 1 1 1 1 1 1 1 1 1 1 1 1 1 1 1 1 1 1 1 1 1 1 1 1 1 1 1 1 1 1 1 1 1 1 100 1 1 1 1 1 1
ciInstanceKlass java/lang/reflect/RecordComponent 0 0 196 10 7 12 1 1 1 9 7 12 1 1 1 9 12 1 1 9 12 1 10 12 1 1 10 12 1 1 10 100 12 1 1 1 10 12 1 1 9 12 1 1 10 12 1 1 10 12 1 1 10 12 1 10 100 12 1 1 10 100 12 1 1 9 12 1 1 10 100 12 1 1 1 11 100 12 1 1 1 10 9 100 12 1 1 1 10 100 12 1 1 1 9 12 1 1 10 100 12 1 1 1 10 12 1 1 11 7 12 1 1 10 7 12 1 1 7 1 9 12 1 9 12 1 1 9 12 1 10 100 12 1 1 1 10 12 1 1 10 12 1 1 7 1 10 10 12 1 10 12 1 1 8 1 10 12 1 10 12 1 9 12 1 7 1 1 1 1 1 1 1 1 1 1 1 1 1 1 1 1 1 1 1 1 1 1 7 1 1 1 1 1 1 100 1 1
ciInstanceKlass java/lang/StringBuffer 1 1 483 10 7 12 1 1 1 10 12 1 10 12 1 10 12 1 1 9 7 12 1 1 1 10 12 1 1 10 12 1 10 12 1 1 9 12 1 1 10 12 1 10 12 1 1 10 12 1 1 10 12 1 10 12 1 1 10 12 1 10 12 1 1 10 12 1 1 10 7 12 1 1 1 10 12 1 1 10 12 1 10 12 1 10 12 1 10 12 1 10 12 1 10 12 1 10 12 1 10 12 1 10 12 1 10 12 1 10 12 1 10 12 1 10 12 1 10 12 1 1 10 12 1 10 12 1 1 10 12 1 1 10 10 12 1 1 10 12 1 10 12 1 10 12 1 10 12 1 10 12 1 10 12 1 10 12 10 12 1 10 12 1 10 12 1 10 12 1 1 10 12 1 10 12 1 10 10 12 1 1 10 12 1 10 12 1 10 12 1 10 10 100 12 1 1 1 10 10 12 1 1 9 12 1 1 10 100 12 1 1 10 100 1 8 10 100 12 1 1 1 8 10 12 1 8 1 10 12 1 10 12 1 10 100 12 1 1 1 10 100 12 1 1 1 7 1 10 12 100 1 8 1 10 10 12 1 1 10 12 1 1 10 12 1 10 12 1 10 12 1 1 10 12 1 10 12 1 10 12 1 10 12 1 10 12 1 10 12 10 12 1 10 12 1 10 12 1 10 12 1 10 12 1 10 12 1 10 12 1 10 12 1 10 12 1 10 12 1 10 12 10 12 10 12 1 10 12 1 10 12 1 10 12 10 12 1 10 12 1 10 12 1 10 12 1 10 12 1 10 12 1 10 12 1 10 12 1 10 12 1 10 12 1 10 12 1 7 1 10 12 1 9 7 12 1 1 1 9 7 1 9 12 1 1 7 1 7 1 7 1 7 1 1 1 1 5 0 1 1 1 1 1 1 1 1 1 1 1 1 1 1 1 1 1 1 1 1 1 1 1 1 1 1 1 1 1 1 1 1 1 1 1 1 1 1 1 1 1 1 1 1 1 1 1 1 1 1 1 1 1 1 1 1 1 1 1 1 1 100 1 1 1 1 1 7 1 1 1 1 1 1 1 1 1 1 1 1 1 1 1 1 1 1
staticfield java/lang/StringBuffer serialPersistentFields [Ljava/io/ObjectStreamField; 3 [Ljava/io/ObjectStreamField;
instanceKlass jdk/internal/loader/BuiltinClassLoader
instanceKlass java/net/URLClassLoader
ciInstanceKlass java/security/SecureClassLoader 1 1 102 10 7 12 1 1 1 7 1 10 12 1 9 7 12 1 1 1 10 12 1 10 12 1 10 12 1 1 10 12 1 1 10 12 1 7 1 10 7 1 10 12 1 7 1 10 12 1 11 7 12 1 1 1 7 1 11 12 1 10 12 1 1 1 1 1 1 1 1 1 1 1 1 1 1 1 1 1 1 1 1 1 1 1 1 1 1 1 1 1 1 1 1 1 1 1 1 100 1 1 1 1
ciInstanceKlass java/net/URLClassLoader 0 0 600 10 7 12 1 1 1 100 1 10 12 1 9 7 12 1 1 1 10 7 12 1 1 1 9 12 1 1 100 1 10 12 1 9 12 1 1 10 12 1 10 10 12 1 10 100 12 1 1 1 10 12 1 1 10 7 12 1 1 1 10 100 12 1 1 1 100 1 10 12 1 1 10 12 1 1 10 12 1 1 100 1 100 1 10 7 12 1 1 1 100 1 8 1 10 12 1 10 7 12 1 1 1 10 12 1 1 10 12 1 1 11 100 12 1 1 1 11 7 12 1 1 1 11 12 1 1 7 1 11 12 1 11 7 12 1 1 10 12 1 11 12 1 11 12 1 1 11 10 12 1 1 10 12 1 1 10 12 1 1 100 1 10 12 1 10 12 1 1 7 1 100 1 10 12 1 1 7 1 10 10 12 1 1 10 100 12 1 1 10 12 1 100 1 7 1 10 8 1 10 12 1 1 8 1 10 12 1 1 10 10 12 1 8 1 8 1 10 12 1 1 10 7 12 1 1 1 10 100 12 1 1 1 10 12 1 1 10 12 1 1 10 12 1 1 10 12 1 10 12 1 100 1 100 1 8 1 10 12 1 10 12 1 1 10 12 1 1 7 1 10 12 1 10 100 12 1 1 1 10 12 1 1 10 12 1 1 10 12 1 1 10 12 1 10 100 12 1 1 1 10 12 1 1 8 1 10 12 1 1 11 100 12 1 1 1 9 100 12 1 1 1 10 100 12 1 1 1 9 12 1 9 12 1 9 12 1 9 12 1 9 12 1 9 12 1 10 7 12 1 1 1 8 1 10 12 1 1 100 1 10 10 12 1 10 12 1 1 10 12 1 1 100 1 10 12 1 10 12 1 1 10 12 1 10 12 1 1 100 1 10 100 12 1 1 9 100 12 1 1 1 10 12 1 8 1 100 1 8 1 10 12 1 10 12 1 8 1 10 12 1 10 12 1 9 12 1 1 10 100 12 1 1 10 12 1 10 12 1 10 100 1 8 1 10 100 1 10 12 1 10 100 12 1 100 1 10 12 1 10 12 1 100 1 10 10 7 12 1 1 1 1 1 1 1 1 1 1 1 1 1 1 1 1 1 1 1 1 1 1 1 1 1 1 1 1 1 1 1 1 1 1 1 1 1 7 1 100 1 7 1 7 1 1 1 1 1 1 1 1 1 1 1 1 1 1 1 1 1 1 1 1 1 1 1 1 1 1 1 1 1 1 1 1 1 1 1 1 1 1 1 1 1 1 1 1 1 1 100 1 1 1 1 1 1 1 1 1 1 1 1 1 1 1 1 1 1 1 1 1 1 1 1 1 1 1 1 1 1 1 1 1 1 1 1 1 100 1 1 1
ciInstanceKlass java/util/jar/Manifest 1 1 339 10 7 12 1 1 1 7 1 10 9 7 12 1 1 1 7 1 10 9 12 1 1 9 12 1 1 10 12 1 10 12 1 1 10 12 1 1 10 12 1 1 10 12 1 1 11 7 1 11 12 1 1 10 12 1 1 10 100 12 1 1 1 100 1 7 1 10 8 1 10 12 1 1 10 12 1 1 10 12 1 10 12 1 11 100 1 10 12 1 10 12 1 1 11 12 1 1 10 12 1 11 12 1 1 11 100 12 1 1 1 11 7 12 1 1 11 12 1 1 100 1 10 12 1 8 1 11 12 1 7 1 10 12 1 1 11 12 1 10 12 1 10 12 1 10 7 12 1 1 1 8 1 10 12 1 1 10 9 100 12 1 1 1 10 12 1 1 10 100 12 1 10 12 1 10 12 1 9 100 12 1 1 1 8 1 10 12 1 8 1 8 1 7 1 10 12 1 10 12 1 10 12 1 1 100 1 8 1 10 12 1 1 8 1 10 10 12 1 1 8 1 10 12 1 1 10 7 12 1 1 1 10 12 1 10 11 12 1 1 10 12 1 10 100 12 1 1 1 10 12 1 1 10 12 1 10 12 1 1 11 10 12 1 11 10 12 1 7 1 1 1 1 1 1 1 1 1 1 1 1 1 1 1 1 1 1 1 1 1 1 1 1 1 1 1 1 1 1 1 1 1 1 1 1 1 1 1 1 1 1 1 100 1 1 1 1 1 1 1 1 1 1 1 1 1 1 7 1 1 1 1 1 1 1 1 1 1 1
ciInstanceKlass java/io/ByteArrayInputStream 1 1 117 10 7 12 1 1 1 9 7 12 1 1 1 9 12 1 1 9 12 1 9 12 1 10 100 12 1 1 1 10 7 12 1 1 1 10 7 12 1 1 1 10 100 12 1 1 1 10 12 1 1 3 10 100 1 10 100 12 1 1 1 9 12 1 1 100 1 10 10 7 12 1 1 1 1 1 1 1 1 1 1 1 1 1 1 1 1 1 1 1 1 1 1 1 1 1 1 1 1 1 1 1 100 1 1 1 1 1 1 1 1 1 1 1 1 1 1
staticfield java/io/ByteArrayInputStream $assertionsDisabled Z 1
instanceKlass java/nio/IntBuffer
instanceKlass java/nio/CharBuffer
instanceKlass java/nio/LongBuffer
instanceKlass java/nio/ByteBuffer
ciInstanceKlass java/nio/Buffer 1 1 256 100 1 10 7 12 1 1 1 9 7 12 1 1 1 9 12 1 9 12 1 1 9 12 1 9 12 1 1 10 12 1 1 10 12 1 1 10 12 100 1 7 1 10 8 1 10 12 1 1 10 12 1 8 1 8 1 10 12 1 1 10 12 1 8 1 9 12 1 1 100 1 8 1 10 12 1 8 1 8 1 9 12 10 12 1 8 1 8 1 8 1 10 12 1 8 1 8 1 8 1 100 1 10 100 1 10 100 1 10 9 12 1 1 10 7 12 1 1 1 100 1 10 12 1 1 10 12 1 10 100 12 1 1 10 7 12 1 1 1 10 7 12 1 1 1 9 12 1 1 10 7 12 1 1 1 9 12 1 1 7 1 10 10 12 1 1 7 1 10 10 7 12 1 1 1 1 1 3 1 1 1 1 1 1 1 1 1 1 1 1 1 1 100 1 1 1 1 1 1 1 7 1 1 1 1 1 1 1 1 1 1 1 1 1 1 1 1 1 1 1 1 1 1 1 1 1 1 1 1 1 1 1 1 1 1 1 1 1 1 1 100 1 100 1 100 1 100 1 100 1 100 1 100 1 1
staticfield java/nio/Buffer UNSAFE Ljdk/internal/misc/Unsafe; jdk/internal/misc/Unsafe
staticfield java/nio/Buffer SCOPED_MEMORY_ACCESS Ljdk/internal/misc/ScopedMemoryAccess; jdk/internal/misc/ScopedMemoryAccess
staticfield java/nio/Buffer IOOBE_FORMATTER Ljava/util/function/BiFunction; jdk/internal/util/Preconditions$4
staticfield java/nio/Buffer $assertionsDisabled Z 1
instanceKlass java/util/AbstractSequentialList
instanceKlass sun/security/jca/ProviderList$ServiceList
instanceKlass sun/security/jca/ProviderList$3
instanceKlass java/util/Collections$SingletonList
instanceKlass java/util/Vector
instanceKlass java/util/Arrays$ArrayList
instanceKlass java/util/ArrayList$SubList
instanceKlass java/util/Collections$EmptyList
instanceKlass java/util/ArrayList
ciInstanceKlass java/util/AbstractList 1 1 218 10 7 12 1 1 1 9 7 12 1 1 1 10 12 1 1 10 12 1 1 100 1 10 10 12 1 1 11 100 12 1 1 1 11 12 1 1 11 12 1 10 7 12 1 1 1 10 12 1 11 12 1 11 12 1 11 12 1 10 12 1 1 10 12 1 1 11 7 12 1 1 1 11 7 1 11 7 1 10 12 1 100 1 10 12 1 10 12 1 1 7 1 100 1 10 12 1 100 1 10 100 1 7 1 10 8 1 10 12 1 1 10 12 1 10 12 1 1 10 12 1 8 1 100 1 8 1 8 1 8 1 10 7 1 11 10 10 12 1 11 12 1 10 12 1 1 8 1 8 1 1 1 1 1 1 1 1 1 1 1 1 1 1 1 1 1 1 1 1 1 1 1 1 1 1 1 1 1 1 1 1 1 1 1 1 1 1 1 1 1 1 1 1 1 1 1 1 1 1 1 1 1 1 1 1 1 1 100 1 100 1 1 1 1 1 1 1
ciInstanceKlass java/util/List 1 1 251 10 100 12 1 1 1 11 7 12 1 1 1 11 7 12 1 1 1 11 12 1 1 11 100 12 1 1 11 12 1 1 11 12 1 1 10 7 12 1 1 1 100 1 100 1 10 12 1 1 100 1 10 100 12 1 1 1 11 12 1 1 11 12 1 11 12 1 100 1 10 12 1 11 12 1 1 11 12 1 1 11 12 1 10 100 12 1 1 1 9 7 12 1 1 1 7 1 10 12 10 12 1 7 1 10 12 1 1 10 12 1 10 12 1 1 11 12 1 1 100 1 1 1 1 1 1 1 1 1 1 1 1 1 1 1 1 1 1 1 1 1 1 1 1 1 1 1 1 1 1 1 1 1 1 1 1 1 1 1 1 1 1 1 1 100 1 100 1 1 1 1 1 1 1 1 1 1 1 1 1 1 1 1 1 1 1 1 1 1 1 1 1 1 1 1 1 1 1 1 1 1 1 1 1 1 1 1 1 1 1 1 1 1 1 1 1 1 1 1 1 1 1 1 1 1 1 1 1 1 1 1 1 1 1 1 1 1 1 1 1 1 1 1 100 1 1 100 1 1 1
ciInstanceKlass java/util/SequencedCollection 1 1 109 100 1 10 12 1 1 11 7 12 1 1 1 11 7 12 1 1 1 11 12 1 1 11 12 1 7 1 7 1 1 1 1 1 1 1 1 1 1 1 1 1 1 1 1 1 1 1 1 1 1 1 1 1 1 1 1 1 100 1 8 1 1 12 10 1 1 1 8 1 1 1 8 1 1 1 8 1 1 1 8 1 1 8 1 1 1 8 1 1 8 1 1 1 8 1 1 8 1 1 1 8 1 1 8 1 1 8 1
ciInstanceKlass java/util/Collection 1 1 115 11 100 12 1 1 1 100 1 11 7 12 1 1 1 10 7 12 1 1 1 11 12 1 1 11 7 12 1 1 1 11 12 1 1 11 7 12 1 1 1 11 12 1 1 10 7 12 1 1 1 11 12 1 10 7 12 1 1 1 100 1 100 1 1 1 1 1 1 1 1 1 1 1 1 1 1 1 1 1 1 1 1 1 1 1 1 1 1 1 1 1 1 1 1 1 1 1 1 1 1 1 1 1 1 1 1 1 1 1 1 1 1 1 1
ciInstanceKlass java/lang/Iterable 1 1 62 10 7 12 1 1 1 11 7 12 1 1 1 11 7 12 1 1 1 11 12 1 1 11 7 12 1 1 1 10 100 12 1 1 1 100 1 1 1 1 1 1 1 1 1 1 1 1 1 1 1 1 1 1 1 1 1 1 1 1 1 1
instanceKlass java/util/AbstractMap$2
instanceKlass java/util/AbstractQueue
instanceKlass java/util/TreeMap$Values
instanceKlass java/util/LinkedHashMap$LinkedValues
instanceKlass java/util/HashMap$Values
instanceKlass java/util/ArrayDeque
instanceKlass java/util/AbstractSet
instanceKlass java/util/ImmutableCollections$AbstractImmutableCollection
instanceKlass java/util/AbstractList
ciInstanceKlass java/util/AbstractCollection 1 1 160 10 7 12 1 1 1 10 7 12 1 1 1 10 12 1 1 11 7 12 1 1 1 11 12 1 1 10 12 1 1 10 100 12 1 1 1 10 12 1 1 10 12 1 1 10 7 12 1 1 10 7 12 1 1 1 7 1 10 7 12 1 1 1 10 100 12 1 1 1 100 1 10 11 12 1 11 7 1 10 12 1 10 12 1 10 100 12 1 1 1 11 8 1 7 1 10 10 12 1 1 8 1 10 12 1 10 12 1 1 1 1 1 1 1 1 1 1 1 1 1 1 1 1 1 1 1 1 1 1 1 1 1 1 1 1 1 1 1 1 1 1 1 1 1 1 1 1 1 1 1 1 1 1 1 1 1 1 1 1
ciInstanceKlass java/lang/AssertionStatusDirectives 0 0 24 10 100 12 1 1 1 100 1 1 1 1 1 1 1 1 1 1 1 1 1 1 1 1
instanceKlass java/lang/TypeNotPresentException
instanceKlass java/lang/invoke/WrongMethodTypeException
instanceKlass ch/qos/logback/core/LogbackException
instanceKlass dev/xdark/ssvm/execution/PanicException
instanceKlass dev/xdark/ssvm/execution/VMException
instanceKlass org/mapleir/ir/cfg/builder/GenerationVerifier$VerifyException
instanceKlass java/util/ConcurrentModificationException
instanceKlass com/google/gson/JsonParseException
instanceKlass org/objectweb/asm/tree/UnsupportedClassVersionException
instanceKlass java/time/DateTimeException
instanceKlass com/typesafe/config/ConfigException
instanceKlass org/apache/http/ParseException
instanceKlass org/apache/commons/logging/LogConfigurationException
instanceKlass java/security/ProviderException
instanceKlass javax/xml/bind/TypeConstraintException
instanceKlass java/lang/IndexOutOfBoundsException
instanceKlass java/lang/reflect/UndeclaredThrowableException
instanceKlass java/util/MissingResourceException
instanceKlass java/util/NoSuchElementException
instanceKlass java/lang/SecurityException
instanceKlass java/lang/IllegalStateException
instanceKlass picocli/CommandLine$PicocliException
instanceKlass java/lang/UnsupportedOperationException
instanceKlass org/jline/reader/EndOfFileException
instanceKlass org/jline/reader/UserInterruptException
instanceKlass java/lang/IllegalArgumentException
instanceKlass java/lang/ArithmeticException
instanceKlass java/lang/NullPointerException
instanceKlass java/lang/IllegalMonitorStateException
instanceKlass java/lang/ArrayStoreException
instanceKlass java/lang/ClassCastException
ciInstanceKlass java/lang/RuntimeException 1 1 40 10 7 12 1 1 1 10 12 1 10 12 1 10 12 1 10 12 1 100 1 1 1 1 5 0 1 1 1 1 1 1 1 1 1 1 1 1 1 1
instanceKlass jdk/net/UnixDomainPrincipal
instanceKlass java/nio/DirectByteBuffer$Deallocator
instanceKlass jdk/internal/misc/ThreadTracker$ThreadRef
instanceKlass java/util/stream/Collectors$CollectorImpl
instanceKlass java/lang/reflect/Proxy$ProxyBuilder$ProxyClassContext
instanceKlass java/security/SecureClassLoader$CodeSourceKey
instanceKlass jdk/internal/reflect/ReflectionFactory$Config
instanceKlass jdk/internal/foreign/abi/UpcallLinker$CallRegs
instanceKlass jdk/internal/foreign/abi/VMStorage
ciInstanceKlass java/lang/Record 1 1 22 10 7 12 1 1 1 100 1 1 1 1 1 1 1 1 1 1 1 1 1 1
ciInstanceKlass java/lang/invoke/MethodType 1 1 780 7 1 10 7 12 1 1 1 9 12 1 1 9 12 1 1 9 12 1 1 10 7 12 1 1 1 9 7 12 1 1 8 1 10 100 12 1 1 1 9 7 1 9 7 1 10 12 1 1 7 1 10 8 1 10 12 1 1 10 12 1 10 12 1 1 7 1 8 1 10 12 1 100 1 10 10 12 1 10 12 1 1 10 12 1 1 11 7 12 1 1 1 9 12 1 11 12 1 1 7 10 12 1 1 10 12 1 1 7 1 7 1 10 7 12 1 1 1 10 12 1 10 12 1 9 12 1 1 10 7 12 1 1 10 12 1 1 10 7 12 1 1 1 10 7 12 1 1 1 10 12 1 9 12 1 1 10 12 1 1 10 12 1 1 10 12 1 1 10 12 1 1 10 12 1 1 10 12 1 10 12 1 10 12 1 1 10 12 1 8 1 8 1 10 12 1 1 9 12 1 1 100 1 10 10 12 1 1 10 12 1 10 12 1 1 10 12 1 1 10 12 1 10 12 1 10 12 1 8 1 10 12 1 1 10 100 12 1 1 1 10 12 1 10 12 1 1 10 12 1 10 12 1 10 12 1 1 10 12 1 10 12 1 9 12 1 10 12 1 10 10 12 1 1 10 12 1 9 12 1 1 10 12 1 1 11 12 1 1 10 12 1 1 10 12 1 10 12 1 7 1 8 1 8 1 8 1 10 12 1 10 12 1 10 12 1 1 10 10 12 1 11 12 1 1 11 12 1 10 100 12 1 1 1 9 12 1 10 12 1 10 12 1 1 10 12 1 1 10 12 1 10 12 1 10 100 12 1 1 1 10 12 1 1 10 12 1 10 12 1 10 12 1 10 9 12 1 1 7 1 10 12 1 10 12 1 1 9 100 12 1 1 1 10 7 12 1 1 1 10 7 12 1 1 1 10 12 1 1 10 7 12 1 1 1 10 12 1 1 8 1 10 7 12 1 1 1 11 12 1 1 9 12 1 1 10 12 1 1 10 12 1 10 12 1 1 10 12 1 1 10 100 12 1 1 100 1 10 12 1 1 11 100 12 1 1 18 12 1 1 11 12 1 1 18 12 1 11 12 1 100 1 11 100 12 1 1 10 12 1 100 1 10 12 1 10 100 12 1 1 10 12 1 1 9 12 1 1 9 100 12 1 1 1 10 7 12 1 1 1 9 12 1 10 100 12 1 1 10 12 1 100 10 12 1 1 10 12 1 7 1 10 10 12 1 1 7 1 7 1 9 12 1 1 7 1 7 1 7 1 1 1 5 0 1 1 1 1 1 1 1 3 1 3 1 3 1 1 1 1 1 1 1 1 1 1 1 1 1 1 1 1 1 1 1 1 1 1 1 1 1 1 1 1 1 1 1 1 1 1 1 1 1 1 1 1 1 1 1 1 1 1 1 1 1 1 1 1 1 1 1 1 1 1 1 1 1 1 1 1 1 1 1 1 1 1 1 1 1 1 1 1 1 1 1 1 1 1 1 1 1 1 1 1 1 1 1 1 1 1 1 1 1 1 1 1 1 1 1 1 1 1 1 1 1 1 1 1 1 1 1 1 1 1 1 1 1 1 1 1 1 1 1 1 1 1 100 1 100 1 1 1 1 1 1 1 1 1 1 1 1 1 100 1 1 1 7 1 1 1 1 1 1 1 1 1 1 1 1 1 1 1 1 1 1 1 1 1 1 16 15 10 12 16 16 15 10 12 16 15 10 100 12 1 1 1 1 1 7 1 1 7 1 1 100 1 100 1 1
staticfield java/lang/invoke/MethodType internTable Ljdk/internal/util/ReferencedKeySet; jdk/internal/util/ReferencedKeySet
staticfield java/lang/invoke/MethodType NO_PTYPES [Ljava/lang/Class; 0 [Ljava/lang/Class;
staticfield java/lang/invoke/MethodType objectOnlyTypes [Ljava/lang/invoke/MethodType; 20 [Ljava/lang/invoke/MethodType;
staticfield java/lang/invoke/MethodType METHOD_HANDLE_ARRAY [Ljava/lang/Class; 1 [Ljava/lang/Class;
staticfield java/lang/invoke/MethodType serialPersistentFields [Ljava/io/ObjectStreamField; 0 [Ljava/io/ObjectStreamField;
staticfield java/lang/invoke/MethodType $assertionsDisabled Z 1
ciInstanceKlass java/lang/invoke/TypeDescriptor$OfMethod 1 0 43 100 1 100 1 100 1 1 1 1 1 1 1 1 1 1 1 1 1 1 1 1 1 1 1 1 1 1 1 1 1 1 1 1 1 1 1 1 1 1 100 1 1
instanceKlass java/lang/reflect/InvocationTargetException
instanceKlass java/lang/IllegalAccessException
instanceKlass java/lang/InstantiationException
instanceKlass java/lang/NoSuchFieldException
instanceKlass java/lang/NoSuchMethodException
instanceKlass java/lang/ClassNotFoundException
ciInstanceKlass java/lang/ReflectiveOperationException 1 1 34 10 7 12 1 1 1 10 12 1 10 12 1 10 12 1 100 1 1 1 1 5 0 1 1 1 1 1 1 1 1 1 1 1
instanceKlass java/lang/invoke/DelegatingMethodHandle
instanceKlass java/lang/invoke/BoundMethodHandle
instanceKlass java/lang/invoke/DirectMethodHandle
ciInstanceKlass java/lang/invoke/MethodHandle 1 1 733 100 1 9 7 12 1 1 1 10 7 12 1 1 1 10 7 12 1 1 1 7 1 7 1 10 12 1 1 9 12 1 1 10 12 1 10 12 1 1 10 12 1 1 10 100 12 1 1 1 10 12 1 1 10 12 1 1 11 7 12 1 1 1 10 12 1 1 10 12 1 10 12 1 10 12 1 1 9 12 1 1 9 12 1 1 10 7 12 1 1 1 10 12 1 1 10 12 1 10 12 1 100 1 7 1 10 8 1 10 12 1 1 10 12 1 8 1 10 12 1 1 10 12 1 10 7 12 1 1 1 10 12 1 1 10 12 1 1 10 12 1 1 10 7 12 1 1 1 10 12 1 1 10 12 1 1 10 12 1 10 12 1 1 10 7 12 1 1 10 7 12 1 1 10 12 1 10 12 1 10 12 1 1 10 12 1 1 10 12 1 1 10 12 1 1 10 7 12 1 1 1 10 7 12 1 1 1 10 12 1 1 10 12 1 1 10 12 1 1 8 1 10 7 12 1 1 1 8 1 10 12 1 10 12 1 1 10 12 1 1 10 12 1 8 1 10 12 1 1 8 1 10 12 1 8 1 10 7 12 1 1 1 9 12 1 1 100 1 10 9 7 12 1 1 1 9 7 1 8 1 10 12 1 1 10 12 1 10 12 1 1 10 12 1 10 12 1 1 10 12 1 10 12 1 1 10 12 1 10 12 1 1 10 12 1 1 8 1 10 12 1 1 8 1 10 12 1 10 12 1 1 10 12 1 10 12 1 10 12 1 1 9 100 12 1 1 1 10 12 1 1 11 12 1 10 12 1 10 12 1 1 10 100 12 1 1 100 1 11 12 1 10 100 1 11 12 1 7 1 10 12 1 11 12 1 9 100 12 1 1 1 11 12 1 1 11 100 12 1 1 1 10 12 1 1 9 12 1 11 12 1 9 12 1 9 12 1 9 12 1 11 12 1 1 9 12 1 9 12 1 9 12 1 9 12 1 9 12 1 9 12 1 9 12 1 8 1 10 12 1 10 12 1 8 1 10 12 1 10 12 1 10 12 1 1 10 10 10 7 12 1 1 10 12 1 1 100 1 100 1 8 1 8 1 10 10 12 1 1 10 12 1 10 12 1 7 1 10 100 12 1 1 1 10 9 7 12 1 1 1 10 12 1 1 10 12 1 1 8 1 8 1 10 7 12 1 1 9 12 1 9 12 1 1 9 12 1 1 10 12 1 7 1 10 12 1 10 12 1 1 9 12 1 1 9 12 1 1 10 7 12 1 1 1 11 7 12 1 1 9 12 1 10 12 1 1 9 12 1 10 12 1 8 10 12 1 1 8 1 1 1 1 1 1 1 1 7 1 1 1 1 1 1 1 1 1 1 1 1 1 1 1 1 1 1 1 1 1 1 1 1 1 1 1 1 1 1 100 1 1 1 1 1 1 1 1 1 1 1 1 1 1 1 1 1 1 1 1 1 1 1 1 1 1 1 1 1 1 1 1 1 1 1 1 1 1 1 1 1 1 1 1 1 1 1 1 1 1 1 1 1 1 1 1 1 1 1 1 1 1 1 1 1 1 1 1 1 1 1 1 1 1 1 1 1 1 1 1 1 1 1 1 1 1 100 1 1 100 1 7 1 100 1 1 100 1 1 100 1 1 1 1
staticfield java/lang/invoke/MethodHandle FORM_OFFSET J 20
staticfield java/lang/invoke/MethodHandle UPDATE_OFFSET J 13
staticfield java/lang/invoke/MethodHandle $assertionsDisabled Z 1
instanceKlass org/mapleir/stdlib/collections/map/NullPermeableHashMap
ciInstanceKlass java/util/concurrent/ConcurrentHashMap 1 1 1210 7 1 7 1 3 10 12 1 1 3 7 1 10 7 12 1 1 1 7 1 10 7 12 1 1 1 100 1 11 12 1 1 11 12 1 11 12 1 1 9 12 1 1 9 12 1 1 9 12 1 10 7 12 1 1 1 7 1 10 12 1 1 10 12 1 1 10 7 12 1 1 1 4 10 12 1 9 12 1 10 12 1 1 100 1 10 5 0 10 12 1 10 12 1 1 5 0 10 12 1 1 10 12 1 9 12 1 1 10 12 1 1 9 12 1 9 12 1 1 10 12 1 1 9 12 1 10 12 1 1 9 12 1 1 10 12 1 1 100 1 10 100 1 10 12 1 10 12 1 1 10 12 1 1 10 12 1 1 10 12 1 10 12 1 1 10 12 1 1 7 1 10 12 1 1 7 1 100 1 8 1 10 12 1 10 12 1 1 10 12 1 1 11 7 12 1 1 10 12 1 1 11 12 1 1 11 7 12 1 1 1 11 7 12 1 1 1 11 12 1 7 1 11 12 1 11 12 1 10 12 1 1 10 12 1 1 9 12 1 1 10 7 12 1 1 1 9 10 12 1 1 9 12 1 10 12 1 1 5 0 9 12 1 1 7 1 10 12 1 9 12 1 1 7 1 10 12 1 9 12 1 7 1 10 7 1 10 10 12 1 1 8 1 10 12 1 10 12 1 1 11 100 1 10 12 1 10 100 12 1 1 1 8 1 10 100 12 1 1 1 8 1 10 12 1 8 1 10 12 1 10 12 1 1 10 100 12 1 1 10 12 1 10 12 1 10 12 1 9 12 1 9 10 12 1 9 12 1 1 11 100 12 1 1 1 11 7 12 1 1 1 100 1 10 12 11 100 12 1 1 10 11 7 12 1 10 12 1 100 1 10 12 1 7 1 10 10 9 7 12 1 1 1 10 12 3 10 7 12 1 1 9 12 1 10 12 1 1 9 12 1 1 9 12 1 10 12 1 1 10 100 12 1 1 9 12 1 9 7 12 1 1 10 12 1 1 10 12 1 3 9 12 1 9 12 1 10 12 1 1 7 1 9 3 9 12 1 7 1 10 12 1 9 12 1 10 12 1 9 12 1 10 12 1 9 12 1 10 100 12 1 1 1 100 10 12 1 7 1 5 0 10 100 12 1 1 100 1 10 12 1 1 10 12 1 10 12 1 100 1 10 12 1 10 100 1 100 1 10 10 12 1 10 100 1 10 12 1 10 100 1 10 12 1 10 7 1 10 12 1 1 100 1 10 12 1 10 10 12 1 100 1 10 12 1 10 10 12 1 100 1 10 12 1 10 100 1 10 12 1 10 100 1 10 12 1 10 100 1 10 12 1 10 100 1 10 12 1 10 100 1 10 12 1 10 100 1 10 12 1 10 100 1 10 12 1 10 100 1 10 10 100 1 10 10 100 1 10 10 100 1 10 12 1 10 100 1 10 12 1 10 100 1 10 12 1 10 100 1 10 12 1 10 100 1 10 12 1 10 100 1 10 10 100 1 10 10 100 1 10 10 100 1 10 12 1 10 100 1 10 12 1 10 100 1 10 12 1 10 100 1 10 12 1 10 100 1 10 12 1 10 10 12 1 10 7 12 1 1 1 10 12 1 7 1 7 1 10 12 1 9 12 1 1 9 12 1 1 10 12 1 1 8 10 12 1 1 8 8 8 8 7 10 12 1 1 10 12 1 100 1 8 1 10 7 1 7 1 7 1 1 1 5 0 1 1 3 1 3 1 1 1 1 3 1 3 1 3 1 1 1 1 1 3 1 3 1 3 1 1 1 1 1 1 1 1 1 1 1 1 1 1 1 1 1 1 1 1 1 1 1 1 1 100 1 1 1 1 1 1 1 1 1 1 1 1 1 1 1 1 1 1 1 1 1 1 1 1 1 1 1 1 1 1 1 1 1 1 1 1 1 1 1 1 1 1 1 1 1 1 1 1 1 1 1 1 1 1 1 1 1 1 1 1 1 1 1 1 1 1 1 1 1 1 1 1 1 1 1 1 1 1 1 1 1 1 1 1 100 1 1 1 1 1 1 1 1 1 1 1 7 1 1 1 1 1 1 1 1 1 1 1 1 1 1 1 1 1 1 1 1 1 1 1 1 1 1 1 1 1 1 1 1 1 1 1 1 1 1 1 1 1 1 1 1 1 1 1 1 1 1 1 1 1 1 1 1 1 1 1 1 1 1 1 1 1 1 1 1 1 1 1 1 1 1 1 1 1 1 1 1 1 1 1 1 1 1 1 1 1 1 1 1 1 1 1 1 1 1 1 1 1 1 1 1 1 1 1 1 1 1 1 1 1 1 1 1 1 1 1 1 1 1 1 1 1 1 1 1 1 1 1 1 1 1 1 1 1 1 1 1 1 1 1 1 1 1 1 1 1 1 1 1 1 1 1 1 1 1 1 1 1 1 1 1 1 1 1 1 1 1 1 1 1 1 1 1 1 1 1 1 1 1 1 1 1 1 1 1 1 1 1 1 1 1 1 1 1 1 1 1 1 1 1 1 1 1 1 1 1 1 1 1 1 1 1 1 1 1 1 1 1 1 1 100 1 100 1 100 1 100 1 100 1 100 1 100 1 100 1 100 1 1 1 1 1 1 1 1 1 1 1 1 1 1 1 1 1 1 1 1 1 1 1 1 1 1 1 1 1 1 1 1 1 1 1 1 1 1 1 1 1 1 1 1 1 1 1 1 1 1 1 1 1 1 1 1 1 1
staticfield java/util/concurrent/ConcurrentHashMap NCPU I 8
staticfield java/util/concurrent/ConcurrentHashMap serialPersistentFields [Ljava/io/ObjectStreamField; 3 [Ljava/io/ObjectStreamField;
staticfield java/util/concurrent/ConcurrentHashMap U Ljdk/internal/misc/Unsafe; jdk/internal/misc/Unsafe
staticfield java/util/concurrent/ConcurrentHashMap SIZECTL J 20
staticfield java/util/concurrent/ConcurrentHashMap TRANSFERINDEX J 32
staticfield java/util/concurrent/ConcurrentHashMap BASECOUNT J 24
staticfield java/util/concurrent/ConcurrentHashMap CELLSBUSY J 36
staticfield java/util/concurrent/ConcurrentHashMap CELLVALUE J 144
staticfield java/util/concurrent/ConcurrentHashMap ABASE I 16
staticfield java/util/concurrent/ConcurrentHashMap ASHIFT I 2
instanceKlass dev/skidfuscator/obfuscator/number/pure/ImagineBreaker$WorldRejector
instanceKlass com/google/gson/internal/LinkedTreeMap
instanceKlass java/util/concurrent/ConcurrentSkipListMap
instanceKlass picocli/CommandLine$Model$CaseAwareLinkedMap
instanceKlass java/util/Collections$SingletonMap
instanceKlass java/util/EnumMap
instanceKlass java/util/TreeMap
instanceKlass java/util/IdentityHashMap
instanceKlass java/util/WeakHashMap
instanceKlass java/util/Collections$EmptyMap
instanceKlass sun/util/PreHashedMap
instanceKlass java/util/HashMap
instanceKlass java/util/ImmutableCollections$AbstractImmutableMap
instanceKlass java/util/concurrent/ConcurrentHashMap
ciInstanceKlass java/util/AbstractMap 1 1 196 10 7 12 1 1 1 10 7 12 1 1 1 11 7 12 1 1 1 10 11 12 1 1 11 7 12 1 1 1 11 12 1 1 7 1 11 12 1 10 12 1 1 11 12 1 100 1 10 11 12 1 11 7 1 10 12 1 1 11 12 1 9 12 1 1 7 1 10 12 1 9 12 1 1 7 1 10 11 11 12 1 1 11 12 1 7 1 100 1 11 12 1 8 1 7 1 10 10 12 1 1 8 1 10 12 1 10 12 1 1 10 12 1 1 1 1 1 1 1 1 1 1 1 1 1 1 1 1 1 1 1 1 1 1 1 1 1 1 1 1 1 1 1 1 1 1 1 1 1 1 1 1 7 1 1 1 1 1 1 1 7 1 1 1 1 1 1 1 1 1 100 1 1 1 1 1 1 1 1 1 100 1 100 1 100 1 100 1 100 1 1 1 1 1 1
ciInstanceKlass java/util/concurrent/ConcurrentMap 1 1 208 11 7 12 1 1 1 10 100 12 1 1 11 12 1 1 11 100 12 1 1 1 11 7 12 1 1 1 11 12 1 1 100 1 11 12 1 11 12 1 100 1 11 100 12 1 1 1 18 12 1 11 12 1 1 11 100 12 1 1 11 12 1 1 11 100 12 1 11 12 1 1 11 12 1 1 7 1 7 1 1 1 1 1 1 1 1 1 1 1 1 1 1 1 1 1 1 1 1 1 1 1 1 1 1 1 1 1 1 1 1 1 1 1 1 1 1 1 1 1 1 1 1 1 1 1 1 1 1 1 1 1 1 1 1 1 1 1 1 16 15 11 12 15 10 100 12 1 1 1 1 1 100 1 100 1 1 1 100 1 8 1 1 12 10 1 1 1 8 1 1 1 8 1 1 8 1 1 1 8 1 1 1 8 1 1 1 8 1 1 1 8 1 1 1 8 1 1 1 8 1 1 1 8 1 1 8 1
ciInstanceKlass jdk/internal/loader/ClassLoaders 1 1 183 10 7 12 1 1 1 10 7 12 1 1 1 10 12 1 1 10 100 12 1 1 1 9 7 12 1 1 1 9 12 1 1 9 12 1 1 7 1 11 100 12 1 1 1 100 1 11 12 1 1 11 12 1 1 10 100 12 1 1 1 10 100 12 1 1 1 100 1 100 1 10 7 12 1 1 1 9 12 1 1 10 12 1 1 7 1 10 12 1 1 10 12 1 7 1 8 1 10 7 12 1 1 1 10 12 1 1 7 1 10 12 1 10 12 1 10 12 1 8 1 10 7 12 1 1 8 1 8 1 10 12 1 7 1 10 12 1 10 12 1 10 12 1 1 1 1 1 1 1 1 1 1 1 1 1 1 1 1 1 1 1 1 7 1 1 1 1 1 1 1 1 1 1 1 1 1 1 1 1 1 1 1
staticfield jdk/internal/loader/ClassLoaders JLA Ljdk/internal/access/JavaLangAccess; java/lang/System$2
staticfield jdk/internal/loader/ClassLoaders BOOT_LOADER Ljdk/internal/loader/ClassLoaders$BootClassLoader; jdk/internal/loader/ClassLoaders$BootClassLoader
staticfield jdk/internal/loader/ClassLoaders PLATFORM_LOADER Ljdk/internal/loader/ClassLoaders$PlatformClassLoader; jdk/internal/loader/ClassLoaders$PlatformClassLoader
staticfield jdk/internal/loader/ClassLoaders APP_LOADER Ljdk/internal/loader/ClassLoaders$AppClassLoader; jdk/internal/loader/ClassLoaders$AppClassLoader
instanceKlass jdk/internal/loader/ClassLoaders$BootClassLoader
instanceKlass jdk/internal/loader/ClassLoaders$PlatformClassLoader
instanceKlass jdk/internal/loader/ClassLoaders$AppClassLoader
ciInstanceKlass jdk/internal/loader/BuiltinClassLoader 1 1 737 9 7 12 1 1 1 10 7 12 1 1 1 10 7 12 1 1 1 9 12 1 1 9 12 1 1 7 1 10 12 1 9 12 1 10 12 1 9 12 1 10 7 12 1 1 1 10 7 12 1 1 1 10 7 12 1 1 1 11 7 12 1 1 1 7 1 7 1 10 10 12 1 1 8 1 10 12 1 10 12 7 1 10 12 1 10 12 1 1 11 7 12 1 1 1 11 7 12 1 1 1 11 12 1 1 7 1 8 1 8 1 10 9 12 1 1 10 7 12 1 1 11 12 1 1 10 12 1 1 10 12 1 1 10 12 1 1 10 7 12 1 1 1 10 12 1 10 7 12 1 1 1 10 12 1 1 11 7 12 1 1 1 10 7 12 1 1 7 1 10 7 12 1 1 1 10 12 1 100 1 8 1 10 12 1 1 10 8 1 10 12 1 1 10 12 1 1 10 12 1 1 11 7 12 1 1 11 12 1 7 1 10 11 12 1 1 11 10 12 1 1 7 1 10 12 1 10 7 12 1 10 12 1 7 1 10 12 1 10 7 12 1 1 1 100 1 10 12 1 1 11 12 1 7 1 100 1 10 12 1 10 12 1 1 100 1 100 1 10 12 1 10 12 1 18 12 1 1 10 12 1 10 12 1 1 18 100 1 10 7 12 1 1 1 7 1 10 10 12 1 1 10 12 1 1 10 12 1 1 10 12 1 9 12 1 1 100 1 10 10 12 1 1 10 12 1 1 10 12 1 10 12 10 12 1 1 10 12 1 1 10 12 1 1 10 12 1 10 12 1 1 18 12 1 7 1 10 12 1 1 10 12 1 10 12 1 1 10 12 1 100 1 10 12 1 7 1 10 12 1 10 7 12 1 1 1 10 12 1 11 12 1 7 1 10 12 1 7 1 100 1 10 12 1 10 12 1 11 12 1 1 10 12 1 1 10 12 1 1 10 12 1 1 10 12 1 1 10 12 1 10 12 1 10 12 1 10 12 1 8 1 10 12 1 1 10 7 12 1 1 10 12 1 100 1 8 1 8 1 10 10 12 1 8 1 8 1 10 7 12 1 1 1 11 7 12 1 1 1 9 7 12 1 1 1 10 7 12 1 1 1 9 12 1 9 12 1 9 12 1 9 12 1 9 12 1 9 12 1 10 7 12 1 1 1 8 1 10 12 1 7 1 10 12 1 1 10 12 1 7 1 10 11 12 1 1 10 12 10 12 1 10 12 1 100 1 10 12 1 10 12 1 10 10 12 1 10 7 12 1 1 8 1 10 7 12 1 1 10 12 1 1 1 1 1 1 1 1 1 1 1 1 1 1 1 1 1 1 1 1 1 1 1 1 1 1 1 1 1 1 1 1 1 1 1 1 1 1 1 1 1 1 1 1 1 1 1 1 1 1 1 1 1 1 1 1 7 1 1 1 1 1 1 1 1 1 1 1 1 1 1 1 1 1 1 7 1 7 1 1 1 1 1 1 1 1 1 1 1 1 1 1 1 1 1 1 1 1 1 1 1 1 1 1 1 1 1 1 1 1 1 1 1 1 1 1 1 1 1 1 1 1 1 1 1 1 1 1 1 100 1 1 16 15 10 12 16 15 10 12 16 15 10 12 16 1 15 10 100 12 1 1 1 1 1 100 1 1 1 1 1 100 1 100 1 1
staticfield jdk/internal/loader/BuiltinClassLoader packageToModule Ljava/util/Map; java/util/concurrent/ConcurrentHashMap
staticfield jdk/internal/loader/BuiltinClassLoader $assertionsDisabled Z 1
ciInstanceKlass jdk/internal/loader/ClassLoaders$AppClassLoader 1 1 119 8 1 10 7 12 1 1 1 10 7 12 1 1 1 10 7 12 1 1 1 10 12 1 1 10 7 12 1 1 1 10 12 1 1 10 12 1 1 7 1 8 1 10 12 10 7 12 1 1 1 10 7 12 1 1 10 12 1 1 10 12 1 1 10 7 12 1 1 1 7 1 10 12 1 1 1 1 1 1 1 1 1 1 1 1 1 1 1 1 1 1 1 1 1 7 1 1 1 1 1 1 1 1 1 1 1 1 1 1 1 1 1 1 1 7 1 1 1
ciInstanceKlass jdk/internal/loader/ClassLoaders$PlatformClassLoader 1 1 42 8 1 10 7 12 1 1 1 10 7 12 1 1 1 7 1 10 12 1 7 1 1 1 1 1 1 1 1 1 1 1 1 1 1 7 1 1 1 100 1 1
ciInstanceKlass java/lang/ArithmeticException 1 1 26 10 100 12 1 1 1 10 12 1 100 1 1 1 1 5 0 1 1 1 1 1 1 1 1 1
ciInstanceKlass java/lang/ArrayStoreException 1 1 26 10 100 12 1 1 1 10 12 1 100 1 1 1 1 5 0 1 1 1 1 1 1 1 1 1
ciInstanceKlass java/lang/ClassCastException 1 1 26 10 100 12 1 1 1 10 12 1 100 1 1 1 1 5 0 1 1 1 1 1 1 1 1 1
ciInstanceKlass java/lang/ClassNotFoundException 1 1 96 7 1 10 7 12 1 1 1 10 12 1 10 12 1 1 10 100 12 1 1 1 8 1 10 100 12 1 1 1 10 7 12 1 1 10 100 12 1 1 1 10 100 12 1 1 1 10 12 1 1 7 1 10 12 1 9 12 1 1 1 1 1 5 0 1 1 1 1 1 1 1 1 1 1 1 1 1 1 1 1 1 1 100 1 1 1 1 1 1 1 1 1 1 1 1
staticfield java/lang/ClassNotFoundException serialPersistentFields [Ljava/io/ObjectStreamField; 1 [Ljava/io/ObjectStreamField;
instanceKlass java/security/InvalidParameterException
instanceKlass java/lang/NumberFormatException
instanceKlass java/util/IllegalFormatException
ciInstanceKlass java/lang/IllegalArgumentException 1 1 35 10 7 12 1 1 1 10 12 1 10 12 1 10 12 1 100 1 1 1 1 5 0 1 1 1 1 1 1 1 1 1 1 1 1
ciInstanceKlass java/lang/IllegalMonitorStateException 1 1 26 10 100 12 1 1 1 10 12 1 100 1 1 1 1 5 0 1 1 1 1 1 1 1 1 1
ciInstanceKlass java/lang/BootstrapMethodError 0 0 45 10 100 12 1 1 1 10 12 1 10 12 1 10 100 12 1 1 1 10 100 12 1 1 1 1 1 1 5 0 1 1 1 1 1 1 1 1 1 1 1 100 1 1 1
instanceKlass java/lang/ExceptionInInitializerError
instanceKlass java/lang/IncompatibleClassChangeError
instanceKlass java/lang/BootstrapMethodError
instanceKlass java/lang/NoClassDefFoundError
ciInstanceKlass java/lang/LinkageError 1 1 31 10 7 12 1 1 1 10 12 1 10 12 1 100 1 1 1 1 5 0 1 1 1 1 1 1 1 1 1 1 1
ciInstanceKlass java/lang/NullPointerException 1 1 52 10 7 12 1 1 1 10 12 1 9 7 12 1 1 1 10 12 1 1 9 12 1 1 10 12 1 1 10 12 1 1 1 1 5 0 1 1 1 1 1 1 1 1 100 1 100 1 100 1 1 1
ciInstanceKlass java/lang/NoClassDefFoundError 0 0 26 10 100 12 1 1 1 10 12 1 100 1 1 1 1 5 0 1 1 1 1 1 1 1 1 1
ciInstanceKlass java/lang/StackOverflowError 1 1 26 10 100 12 1 1 1 10 12 1 100 1 1 1 1 5 0 1 1 1 1 1 1 1 1 1
ciInstanceKlass java/lang/StackTraceElement 1 1 235 10 7 12 1 1 1 10 7 12 1 1 9 12 1 1 9 12 1 1 9 12 1 9 12 1 8 1 10 7 12 1 1 1 7 1 9 12 1 8 1 9 12 1 9 12 1 9 12 1 1 10 12 1 1 10 12 1 8 1 10 7 12 1 1 1 7 1 10 12 1 10 12 1 1 10 12 1 10 12 1 1 10 12 1 10 12 1 10 10 12 1 8 1 10 12 1 10 12 1 1 10 12 1 1 10 12 1 10 12 1 10 12 1 9 12 1 1 10 7 12 1 1 1 10 12 1 1 7 1 10 12 1 1 10 7 12 1 1 10 7 12 1 1 1 10 7 12 1 1 10 7 12 1 1 10 10 12 1 1 10 12 1 1 10 12 1 1 10 12 1 7 1 1 1 1 1 1 1 3 1 3 1 1 5 0 1 1 1 1 1 1 1 1 1 1 1 1 1 1 1 1 1 1 1 1 1 1 1 1 1 1 1 1 1 7 1 7 1 1 1 1 1 1 1 100 1 1 1 1 1 1 1 1 1
instanceKlass java/util/concurrent/locks/AbstractQueuedSynchronizer
ciInstanceKlass java/util/concurrent/locks/AbstractOwnableSynchronizer 1 1 32 10 7 12 1 1 1 9 7 12 1 1 1 100 1 1 1 1 5 0 1 1 1 1 1 1 1 1 1 1 1 1
ciInstanceKlass jdk/internal/vm/Continuation 0 0 549 9 100 12 1 1 1 9 12 1 9 12 1 100 1 7 1 10 12 1 1 8 1 10 12 1 1 10 12 1 10 12 1 1 10 12 1 9 7 12 1 1 1 11 100 12 1 1 1 10 7 1 9 12 1 1 9 12 1 1 10 8 1 10 12 1 9 12 1 1 10 11 12 1 1 100 1 10 100 12 1 1 1 10 12 1 1 10 12 1 10 12 1 1 11 12 1 1 9 12 1 1 10 12 1 1 18 12 1 1 10 7 12 1 1 1 100 1 10 12 1 11 100 12 1 1 1 10 12 1 9 12 1 10 12 1 1 100 1 8 1 10 12 1 10 12 1 1 9 12 1 1 11 12 1 1 9 12 1 1 8 1 10 11 12 1 1 11 12 1 1 10 12 1 1 10 12 1 1 9 12 1 10 12 1 10 10 12 1 8 1 10 12 1 8 1 8 1 10 7 12 1 1 1 10 7 12 1 1 1 10 12 1 9 12 1 11 12 1 7 1 10 12 1 10 12 1 1 9 12 1 1 7 1 10 12 1 1 9 12 1 1 10 12 1 10 12 1 11 7 12 1 1 10 7 1 10 12 1 8 1 9 12 1 10 12 1 1 9 12 1 1 10 7 12 1 1 8 1 8 1 8 1 8 1 10 12 1 1 10 12 1 10 12 1 10 12 1 10 12 1 1 10 12 1 1 8 1 10 12 1 1 9 12 1 1 10 12 1 1 9 12 1 8 1 10 7 12 1 1 1 10 12 1 8 1 100 1 8 1 10 9 12 1 1 8 1 10 7 12 1 1 10 100 12 1 1 8 1 8 1 10 12 10 100 12 1 1 1 10 7 1 10 7 12 1 1 1 18 11 100 12 1 1 1 18 12 1 11 12 1 1 7 1 10 7 12 1 1 10 12 1 1 8 10 12 1 1 10 100 12 1 1 1 10 100 12 1 1 10 12 1 8 1 10 12 1 7 1 7 1 10 12 1 1 1 1 1 1 1 1 1 1 1 1 1 1 1 1 1 1 1 1 1 1 1 1 1 1 1 1 1 1 1 1 1 1 1 1 1 1 1 1 1 1 1 1 1 1 1 1 1 1 1 1 1 1 1 1 1 1 1 1 1 1 1 1 1 1 1 1 1 1 1 1 1 1 1 100 1 1 16 1 15 10 12 16 15 11 7 12 1 1 1 16 1 16 1 15 10 12 16 15 10 100 12 1 1 1 1 1 1 1 1 100 1 100 1 1
ciInstanceKlass jdk/internal/misc/UnsafeConstants 1 1 34 10 100 12 1 1 1 9 7 12 1 1 1 9 12 1 9 12 1 1 9 12 1 9 12 1 1 1 1 1 1 1 1 1
staticfield jdk/internal/misc/UnsafeConstants ADDRESS_SIZE0 I 8
staticfield jdk/internal/misc/UnsafeConstants PAGE_SIZE I 4096
staticfield jdk/internal/misc/UnsafeConstants BIG_ENDIAN Z 0
staticfield jdk/internal/misc/UnsafeConstants UNALIGNED_ACCESS Z 1
staticfield jdk/internal/misc/UnsafeConstants DATA_CACHE_LINE_FLUSH_SIZE I 0
ciInstanceKlass java/lang/invoke/LambdaForm 1 1 1059 7 1 100 1 10 7 12 1 1 1 9 12 1 1 9 12 1 9 12 1 9 12 1 1 9 12 1 1 9 12 1 1 9 12 1 1 9 12 1 1 9 12 1 10 7 12 1 1 9 12 1 10 12 1 1 100 1 10 10 12 1 1 10 12 1 10 12 1 10 12 1 1 10 12 1 9 12 1 9 12 1 10 12 1 1 10 7 12 1 1 1 10 12 1 1 9 100 12 1 1 1 10 12 1 1 9 7 12 1 1 10 12 1 10 12 1 1 10 12 1 1 10 12 1 1 7 1 10 7 12 1 1 1 10 12 1 1 10 12 1 10 12 1 1 9 12 1 1 9 12 1 9 12 1 1 10 12 1 9 12 1 10 100 12 1 1 1 10 12 1 1 7 1 10 12 1 9 12 1 1 10 7 12 1 1 1 10 12 1 10 12 1 7 1 10 12 1 10 12 1 10 12 1 1 10 12 1 1 10 12 1 10 12 1 10 12 1 10 12 1 1 8 1 10 12 1 10 12 1 10 10 12 1 8 1 8 1 9 12 1 9 12 1 1 10 12 1 1 10 12 1 9 12 1 10 12 1 1 10 7 12 1 1 1 10 12 1 1 10 12 1 10 12 1 10 100 12 1 1 1 9 12 1 10 12 1 8 1 8 1 8 1 8 1 8 1 8 1 8 1 8 1 10 12 1 9 12 1 7 1 10 12 1 1 9 12 1 10 12 1 10 12 1 1 10 12 10 12 1 10 12 1 1 10 12 1 1 10 10 12 1 1 10 12 1 1 7 1 8 1 10 12 1 1 10 12 1 10 12 1 1 10 8 1 10 12 1 1 8 1 8 1 8 1 10 12 1 10 12 1 10 12 1 1 100 1 10 12 1 1 10 12 1 1 10 7 12 1 1 1 10 12 1 1 9 12 1 1 8 1 10 100 12 1 1 1 10 7 12 1 1 10 12 10 12 1 1 10 12 1 1 9 12 1 8 10 12 1 1 100 1 10 12 1 1 10 12 1 9 7 12 1 1 9 7 12 1 1 1 8 1 10 100 12 1 1 10 12 1 1 7 1 7 1 10 10 12 1 1 10 12 1 1 8 1 8 1 7 1 8 1 10 12 10 12 1 10 12 1 10 12 1 1 8 1 8 1 10 12 1 10 12 1 1 8 1 8 1 8 1 7 1 8 1 7 1 8 1 7 1 8 1 10 12 1 8 1 9 10 7 12 1 1 1 10 12 1 9 12 1 1 10 12 1 10 10 12 1 10 12 1 10 12 1 10 12 1 1 10 12 1 10 12 1 1 10 12 1 1 10 12 1 1 10 12 1 1 8 1 100 10 12 1 10 12 1 9 12 1 1 10 7 12 1 1 8 1 8 1 7 1 8 1 8 1 8 1 8 1 8 1 8 1 8 1 8 1 10 12 1 1 10 12 1 1 10 12 1 10 12 1 10 12 1 10 12 1 8 1 8 1 8 1 10 12 1 8 1 10 12 1 8 1 8 1 8 1 8 1 8 1 10 12 1 10 12 1 10 12 1 1 10 7 12 1 1 1 10 12 1 10 12 1 10 12 1 10 12 1 10 12 1 10 12 1 10 12 1 9 12 1 1 8 1 10 12 1 1 9 12 1 1 10 12 1 1 9 12 1 9 12 1 1 9 12 1 9 12 1 1 7 1 10 7 12 1 1 1 9 12 1 10 12 1 10 12 1 8 1 10 12 1 9 12 1 1 7 1 10 7 12 1 1 1 8 1 100 1 10 12 1 9 12 1 9 12 1 10 12 1 10 12 1 10 7 12 1 1 1 10 12 1 9 7 12 1 1 10 12 1 1 10 12 1 10 12 1 10 12 1 9 12 10 12 1 10 10 12 1 9 12 1 9 9 12 1 7 9 12 1 1 10 12 1 1 9 12 1 10 12 1 10 7 1 9 1 1 1 1 3 1 3 1 1 3 1 3 1 1 1 1 1 1 1 1 1 1 1 1 1 1 1 1 1 1 1 1 1 1 1 1 1 1 1 1 1 1 1 1 1 1 1 1 1 1 1 1 1 1 1 1 1 1 1 1 1 1 1 100 1 1 1 1 1 1 1 1 1 1 1 1 1 1 1 1 1 1 1 1 1 1 1 1 1 1 1 1 1 1 1 1 1 1 1 1 1 1 1 1 1 1 1 1 1 1 1 1 1 1 1 1 1 1 1 1 1 1 1 1 1 1 100 1 1 1 1 1 1 1 1 1 1 1 1 1 1 1 1 1 1 1 1 1 1 1 1 1 1 1 1 1 1 1 1 1 1 7 1 1 1 1 1 1 1 1 1 1 1 1 1 1 1 1 1 1 1 1 1 1 100 1 1 1 100 1 1 7 1 1 1 1 1 1 1 1 1 1 1
staticfield java/lang/invoke/LambdaForm DEFAULT_CUSTOMIZED Ljava/lang/invoke/MethodHandle; 
staticfield java/lang/invoke/LambdaForm DEFAULT_KIND Ljava/lang/invoke/LambdaForm$Kind; java/lang/invoke/LambdaForm$Kind
staticfield java/lang/invoke/LambdaForm COMPILE_THRESHOLD I 0
staticfield java/lang/invoke/LambdaForm INTERNED_ARGUMENTS [[Ljava/lang/invoke/LambdaForm$Name; 5 [[Ljava/lang/invoke/LambdaForm$Name;
staticfield java/lang/invoke/LambdaForm IMPL_NAMES Ljava/lang/invoke/MemberName$Factory; java/lang/invoke/MemberName$Factory
staticfield java/lang/invoke/LambdaForm LF_identity [Ljava/lang/invoke/LambdaForm; 6 [Ljava/lang/invoke/LambdaForm;
staticfield java/lang/invoke/LambdaForm LF_zero [Ljava/lang/invoke/LambdaForm; 6 [Ljava/lang/invoke/LambdaForm;
staticfield java/lang/invoke/LambdaForm NF_identity [Ljava/lang/invoke/LambdaForm$NamedFunction; 6 [Ljava/lang/invoke/LambdaForm$NamedFunction;
staticfield java/lang/invoke/LambdaForm NF_zero [Ljava/lang/invoke/LambdaForm$NamedFunction; 6 [Ljava/lang/invoke/LambdaForm$NamedFunction;
staticfield java/lang/invoke/LambdaForm createFormsLock Ljava/lang/Object; java/lang/Object
staticfield java/lang/invoke/LambdaForm DEBUG_NAME_COUNTERS Ljava/util/HashMap; 
staticfield java/lang/invoke/LambdaForm DEBUG_NAMES Ljava/util/HashMap; 
staticfield java/lang/invoke/LambdaForm TRACE_INTERPRETER Z 0
staticfield java/lang/invoke/LambdaForm $assertionsDisabled Z 1
ciInstanceKlass java/lang/invoke/MemberName 1 1 724 7 1 7 1 100 1 9 12 1 1 10 7 12 1 1 1 9 12 1 1 10 12 1 1 10 12 1 1 10 12 1 1 10 12 1 10 12 1 1 10 7 12 1 1 1 10 12 1 9 7 12 1 1 10 12 1 7 1 7 1 10 12 1 8 1 10 12 1 1 10 12 1 10 12 1 1 10 12 1 9 12 1 1 8 1 10 100 12 1 1 1 7 1 10 10 12 1 1 7 1 7 1 10 12 1 9 12 1 1 100 1 8 1 10 12 1 10 12 1 10 12 1 10 12 1 10 12 1 1 10 12 1 10 12 1 10 12 1 1 8 1 8 1 10 12 1 8 1 9 12 1 1 3 10 12 1 10 12 1 10 12 1 10 10 7 12 1 1 1 10 12 1 10 12 1 10 12 1 10 12 1 7 1 8 10 12 1 1 10 12 1 1 8 1 9 7 1 8 9 7 1 10 12 1 1 10 12 1 10 12 1 8 1 10 12 1 1 10 12 1 10 12 1 10 12 1 10 12 1 1 7 1 10 12 1 1 10 12 1 8 1 10 12 1 10 12 1 8 1 10 12 1 1 10 12 1 1 7 1 10 12 1 1 10 12 8 1 8 1 7 1 10 12 1 10 100 12 1 1 1 100 1 10 12 10 12 1 10 12 1 10 12 1 10 12 1 10 10 12 1 10 12 1 10 12 1 3 10 12 1 3 10 12 1 3 3 3 3 3 3 10 12 1 3 9 12 1 10 12 1 1 3 10 12 1 10 10 7 12 1 1 1 10 12 1 1 10 7 12 1 1 10 10 12 1 10 12 1 1 10 12 1 10 10 12 1 1 10 12 1 10 12 1 10 12 1 7 1 10 10 10 12 100 1 10 10 10 12 1 1 10 12 1 1 10 10 12 1 8 10 7 1 10 12 1 10 7 1 10 12 1 10 12 1 10 12 1 10 10 12 1 10 12 1 1 10 12 1 1 10 12 1 10 12 1 10 12 1 100 1 10 12 1 1 100 1 8 1 10 7 1 10 12 1 10 12 10 12 1 1 10 12 1 10 12 1 8 1 8 1 8 1 8 1 10 12 1 10 12 1 10 7 12 1 1 1 8 1 8 1 10 12 1 8 1 10 10 10 12 1 10 12 1 8 1 8 1 10 10 12 1 8 1 10 100 12 1 1 1 8 1 100 1 10 12 1 10 12 1 1 10 12 1 8 1 8 1 8 1 8 1 100 1 10 8 1 8 1 8 1 8 1 10 12 1 7 1 100 1 7 1 10 100 1 10 7 1 10 7 12 1 1 1 9 7 12 1 1 1 7 1 7 1 1 1 1 1 1 1 3 1 3 1 3 1 3 1 3 1 3 1 1 1 1 1 1 1 1 3 1 3 1 1 1 1 1 1 1 1 1 1 1 1 1 1 1 1 1 1 1 1 1 1 1 1 1 1 1 1 1 1 1 1 1 1 1 1 1 1 1 1 1 1 1 1 1 1 1 1 1 1 1 1 1 1 1 1 1 1 1 1 1 1 1 1 1 1 1 1 1 1 1 1 1 1 1 1 1 1 1 1 1 1 1 1 1 1 1 1 1 1 1 1 1 1 1 1 7 1 1 1 1 1 1 1 1 1 1 1 1 1 1 1
staticfield java/lang/invoke/MemberName $assertionsDisabled Z 1
instanceKlass java/lang/invoke/VarHandleLongs$FieldInstanceReadOnly
instanceKlass java/lang/invoke/VarHandleInts$FieldInstanceReadOnly
instanceKlass java/lang/invoke/VarHandleBooleans$FieldInstanceReadOnly
instanceKlass java/lang/invoke/VarHandleReferences$FieldInstanceReadOnly
instanceKlass java/lang/invoke/VarHandleReferences$FieldStaticReadOnly
instanceKlass java/lang/invoke/VarHandleByteArrayAsDoubles$ByteArrayViewVarHandle
instanceKlass java/lang/invoke/VarHandleByteArrayAsLongs$ByteArrayViewVarHandle
instanceKlass java/lang/invoke/VarHandleByteArrayAsFloats$ByteArrayViewVarHandle
instanceKlass java/lang/invoke/VarHandleByteArrayAsInts$ByteArrayViewVarHandle
instanceKlass java/lang/invoke/VarHandleByteArrayAsChars$ByteArrayViewVarHandle
instanceKlass java/lang/invoke/VarHandleByteArrayAsShorts$ByteArrayViewVarHandle
ciInstanceKlass java/lang/invoke/VarHandle 1 1 473 10 7 12 1 1 1 10 7 12 1 1 9 12 1 1 9 12 1 1 100 1 10 8 1 10 12 1 1 10 7 12 1 1 1 10 12 1 1 10 7 12 1 1 1 9 100 12 1 1 1 10 12 1 1 10 7 12 1 1 1 10 12 1 1 9 12 1 10 12 1 9 12 1 1 10 100 12 1 1 10 12 1 9 100 12 1 1 1 9 12 1 1 10 12 1 1 100 1 7 1 10 8 1 10 12 1 1 10 12 1 8 1 10 12 1 10 12 1 9 12 1 1 9 12 1 10 12 1 10 12 1 1 10 12 1 10 10 100 12 1 1 1 10 12 1 1 10 12 1 1 10 7 12 1 1 1 10 100 12 1 1 1 10 100 12 1 1 1 9 12 1 1 9 10 12 1 10 12 1 10 12 1 1 10 12 1 10 7 12 1 1 1 9 12 1 1 10 12 1 1 9 12 1 10 12 1 10 12 1 10 7 12 1 1 100 1 10 9 7 12 1 1 1 9 12 1 1 10 7 12 1 1 1 10 12 1 10 12 1 10 12 1 10 12 1 10 12 1 10 12 1 1 8 10 12 1 1 7 1 10 12 1 1 7 1 1 1 1 1 1 1 1 1 1 1 1 1 1 1 1 1 1 1 1 1 1 1 1 1 1 1 1 1 1 1 1 1 1 1 1 1 1 1 1 1 1 1 1 1 1 1 1 1 1 1 1 1 1 1 1 1 1 1 1 1 1 1 1 1 1 1 1 100 1 1 1 1 1 1 1 1 100 1 1 1 1 1 1 1 1 1 1 1 1 100 1 100 1 1 100 1 100 1 100 1 100 1 100 1 100 1 100 1 100 1 100 1 100 1 100 1 100 1 100 1 100 1 100 1 100 1 100 1 100 1 100 1 100 1 100 1 100 1 100 1 100 1 100 1 100 1 100 1 100 1 100 1 100 1 100 1 100 1 100 1 100 1 100 1 1 1 1 1 1 100 1 1 1 100 1 1 100 1 100 1 100 1 100 1 100 1 100 1 1 1 1 100 1 100 1 100 1 100 1 100 1 100 1 100 1 100 1
staticfield java/lang/invoke/VarHandle VFORM_OFFSET J 16
staticfield java/lang/invoke/VarHandle $assertionsDisabled Z 1
instanceKlass jdk/internal/reflect/FieldAccessorImpl
instanceKlass jdk/internal/reflect/ConstructorAccessorImpl
instanceKlass jdk/internal/reflect/MethodAccessorImpl
ciInstanceKlass jdk/internal/reflect/MagicAccessorImpl 1 1 16 10 7 12 1 1 1 100 1 1 1 1 1 1 1 1
instanceKlass jdk/internal/reflect/DirectMethodHandleAccessor
ciInstanceKlass jdk/internal/reflect/MethodAccessorImpl 1 1 38 10 7 12 1 1 1 10 100 12 1 1 1 100 1 1 1 1 1 1 1 100 1 100 1 1 1 1 1 1 1 1 1 1 1 1 1 1
ciInstanceKlass jdk/internal/reflect/MethodAccessor 1 0 17 100 1 100 1 1 1 1 100 1 100 1 1 1 1 1 1
instanceKlass jdk/internal/reflect/DirectConstructorHandleAccessor$NativeAccessor
instanceKlass jdk/internal/reflect/DirectConstructorHandleAccessor
instanceKlass jdk/internal/reflect/NativeConstructorAccessorImpl
ciInstanceKlass jdk/internal/reflect/ConstructorAccessorImpl 1 1 27 10 7 12 1 1 1 100 1 100 1 1 1 1 1 1 1 1 1 100 1 100 1 100 1 1 1
ciInstanceKlass jdk/internal/reflect/ConstructorAccessor 1 0 16 100 1 100 1 1 1 1 100 1 100 1 100 1 1 1
ciInstanceKlass jdk/internal/reflect/DelegatingClassLoader 0 0 18 10 100 12 1 1 1 100 1 1 1 1 1 1 1 1 1 1
ciInstanceKlass jdk/internal/reflect/CallerSensitive 1 0 17 100 1 100 1 100 1 1 1 1 1 1 1 1 1 1 1
ciInstanceKlass jdk/internal/reflect/NativeConstructorAccessorImpl 0 0 125 10 7 12 1 1 1 9 7 12 1 1 1 100 1 10 12 1 9 12 1 1 9 12 1 1 10 100 12 1 1 1 10 7 12 1 1 1 10 7 12 1 1 1 9 12 1 9 12 1 1 9 12 1 1 10 7 12 1 1 1 100 1 10 10 12 1 1 10 12 1 10 12 1 1 10 12 1 7 1 10 12 1 1 10 12 1 1 8 10 12 1 1 1 1 1 1 1 1 1 1 1 1 1 1 1 1 1 1 1 1 1 1 100 1 100 1 100 1 1 1 1 1 1 1
ciInstanceKlass jdk/internal/reflect/ConstantPool 1 1 142 10 7 12 1 1 1 9 7 12 1 1 1 10 12 1 1 10 12 1 1 10 12 1 10 12 1 1 10 12 1 1 10 12 1 10 12 1 1 10 12 1 10 12 1 1 10 12 1 10 12 1 10 12 1 10 12 1 1 10 12 1 1 10 12 1 1 10 12 1 1 10 12 1 10 12 1 1 10 100 12 1 1 1 8 11 7 12 1 1 1 10 7 12 1 1 1 1 1 1 1 1 1 1 1 1 1 1 1 1 1 1 1 1 1 1 1 1 1 1 1 1 1 1 1 1 1 1 1 1 1 1 1 1 1 1 1 1 1 1 1 1
ciInstanceKlass jdk/internal/reflect/UnsafeStaticFieldAccessorImpl 0 0 47 10 7 12 1 1 1 9 7 12 1 1 1 10 7 12 1 1 1 9 12 1 1 8 11 100 12 1 1 1 10 100 12 1 1 1 1 1 1 1 1 1 1 1 1 1 1
ciInstanceKlass jdk/internal/reflect/FieldAccessor 1 0 48 100 1 100 1 1 1 1 100 1 1 1 1 1 1 1 1 1 1 1 1 1 1 1 1 1 1 1 100 1 1 1 1 1 1 1 1 1 1 1 1 1 1 1 1 1 1 1
instanceKlass jdk/internal/reflect/MethodHandleFieldAccessorImpl
instanceKlass jdk/internal/reflect/UnsafeFieldAccessorImpl
ciInstanceKlass jdk/internal/reflect/FieldAccessorImpl 1 1 269 10 7 12 1 1 1 9 7 12 1 1 1 10 7 12 1 1 1 10 7 12 1 1 10 7 12 1 1 1 10 12 1 1 7 1 10 10 12 1 1 10 12 1 1 8 1 10 10 12 1 100 1 8 1 10 12 1 8 1 10 12 1 8 1 10 12 1 100 1 10 12 1 1 10 8 1 10 12 1 1 8 1 10 7 12 1 1 8 1 10 7 12 1 1 8 1 10 7 12 1 1 8 1 10 7 12 1 1 8 1 10 7 12 1 1 8 1 10 7 12 1 1 8 1 10 7 12 1 1 8 1 10 7 12 1 1 10 12 1 1 8 1 10 12 1 1 10 100 12 1 1 1 8 1 10 12 1 8 1 8 1 8 1 8 1 10 7 12 1 1 1 8 1 8 1 8 1 10 12 7 1 1 1 1 1 1 1 1 1 1 1 1 1 1 1 1 1 1 1 1 1 1 1 1 1 1 1 1 1 1 1 1 1 1 1 1 1 1 1 1 1 1 1 1 1 1 1 1 1 1 1 1 1 1 1 1 1 1 1 1 1 1 1 1 1 1 1 1 1 1 1 1 1 1 1 1 1 1 1 1 1 1 1 1 1 1 1 1
instanceKlass jdk/internal/reflect/UnsafeStaticFieldAccessorImpl
ciInstanceKlass jdk/internal/reflect/UnsafeFieldAccessorImpl 0 0 62 10 100 12 1 1 1 10 100 12 1 1 1 10 100 12 1 1 1 9 100 12 1 1 10 12 1 9 12 1 1 10 100 12 1 1 1 9 12 1 1 10 12 1 10 12 1 1 1 1 1 1 1 1 1 1 1 1 1 1 1 1
instanceKlass java/lang/invoke/VolatileCallSite
instanceKlass java/lang/invoke/MutableCallSite
instanceKlass java/lang/invoke/ConstantCallSite
ciInstanceKlass java/lang/invoke/CallSite 1 1 296 10 7 12 1 1 1 10 7 12 1 1 1 9 12 1 1 10 7 12 1 1 1 10 12 1 7 1 10 12 1 1 10 12 1 1 9 100 12 1 1 1 10 7 12 1 1 10 12 1 1 100 1 7 1 10 10 7 12 1 1 1 10 12 1 1 8 1 10 12 1 10 12 1 1 10 12 1 10 12 1 1 10 12 1 1 10 10 100 12 1 1 10 12 1 1 9 12 1 9 100 12 1 1 1 8 1 10 7 12 1 1 1 10 12 1 1 7 1 10 12 1 1 9 12 1 8 1 100 1 10 12 1 10 12 1 100 1 8 1 10 10 12 1 10 12 1 1 100 1 10 12 1 1 10 12 1 10 12 1 10 12 1 1 10 12 1 1 9 12 1 1 8 10 12 1 1 9 12 1 1 100 1 10 10 12 1 10 7 12 1 1 1 10 12 1 1 10 12 1 1 10 12 1 10 7 12 1 1 1 7 1 8 1 10 10 12 10 12 1 1 7 1 7 1 7 1 8 1 10 12 1 10 7 12 1 1 1 1 1 1 1 1 1 1 1 1 1 1 1 1 1 1 1 1 1 1 1 1 1 1 1 1 1 1 1 1 1 1 1 1 1 1 1 1 1 1 1 1 1 1 1 1 1 1 1 1 1 1 1 7 1 7 1 1 1
staticfield java/lang/invoke/CallSite $assertionsDisabled Z 1
ciInstanceKlass java/lang/invoke/ConstantCallSite 1 1 65 10 7 12 1 1 1 9 7 12 1 1 1 9 12 1 1 10 7 12 1 1 1 10 12 1 100 1 10 12 9 12 1 1 100 1 10 10 12 1 1 10 12 1 1 1 1 1 1 1 1 1 1 1 1 1 100 1 1 1 1 1 1 1 1
staticfield java/lang/invoke/ConstantCallSite UNSAFE Ljdk/internal/misc/Unsafe; jdk/internal/misc/Unsafe
instanceKlass java/lang/invoke/DirectMethodHandle$Special
instanceKlass java/lang/invoke/DirectMethodHandle$StaticAccessor
instanceKlass java/lang/invoke/DirectMethodHandle$Interface
instanceKlass java/lang/invoke/DirectMethodHandle$Accessor
instanceKlass java/lang/invoke/DirectMethodHandle$Constructor
ciInstanceKlass java/lang/invoke/DirectMethodHandle 1 1 923 7 1 7 1 100 1 7 1 7 1 10 7 12 1 1 1 10 7 12 1 1 1 7 1 10 12 1 10 12 1 1 10 7 12 1 1 10 12 1 1 10 12 1 10 12 1 7 1 10 12 1 1 10 12 1 1 10 12 1 10 12 1 1 10 7 12 1 1 1 10 12 1 9 12 1 1 100 1 10 9 12 1 1 9 12 1 10 12 1 10 12 1 10 12 1 1 10 12 1 10 12 1 10 12 1 10 7 12 1 1 1 10 12 1 10 12 1 1 8 1 10 12 1 1 7 1 10 12 1 7 1 10 10 12 1 10 12 1 10 12 1 10 7 12 1 1 1 10 12 1 1 7 1 10 12 1 10 12 1 7 1 10 12 1 10 12 1 1 10 12 1 1 10 12 1 8 10 7 12 1 1 1 10 12 1 10 12 1 10 12 1 1 10 12 1 9 7 12 1 1 1 7 1 10 12 1 10 7 12 1 1 1 10 12 1 10 12 1 1 9 12 1 1 7 1 10 8 1 10 12 1 1 10 12 1 1 8 1 10 12 1 10 12 1 10 10 12 1 10 12 1 10 12 1 10 12 1 10 12 1 1 10 12 1 10 12 1 1 10 12 1 10 12 1 1 10 10 7 12 1 1 1 10 12 1 10 12 1 1 10 12 1 10 12 1 1 8 1 9 7 12 1 1 1 8 1 9 12 1 9 12 1 8 1 9 12 1 9 12 1 8 1 9 12 1 9 12 1 8 1 10 12 1 10 12 1 1 9 12 1 1 7 1 10 12 1 1 7 1 10 7 12 1 1 1 10 12 1 1 10 12 1 10 12 1 1 7 1 10 12 1 1 10 12 1 10 12 1 1 7 1 10 12 1 1 10 12 1 10 7 12 1 1 1 10 12 1 10 12 1 1 10 12 1 9 12 1 1 10 7 1 9 12 9 12 1 10 7 12 1 1 1 10 12 1 7 1 7 1 7 1 9 12 1 1 10 7 12 1 1 1 10 12 10 12 1 100 1 10 12 1 10 12 1 1 8 1 9 12 1 9 12 1 10 12 1 1 9 12 1 1 10 7 12 1 1 1 9 12 1 1 9 12 1 1 10 12 1 10 12 1 10 12 1 10 12 1 1 10 12 1 9 12 1 10 12 1 10 12 1 10 12 1 10 12 1 1 10 12 1 1 9 12 1 1 10 12 1 1 9 7 12 1 1 1 9 12 1 9 12 1 9 12 1 9 12 1 9 12 1 9 12 1 9 12 1 9 12 1 9 12 1 9 12 1 9 12 1 9 12 1 9 12 1 9 12 1 9 12 1 9 12 1 9 12 1 9 12 1 9 12 1 9 12 1 9 12 1 9 12 1 9 12 1 9 12 1 9 12 1 9 12 1 9 12 1 9 12 1 9 12 1 9 12 1 9 12 1 9 12 1 9 12 1 9 12 1 9 12 1 9 12 1 8 1 9 12 1 1 9 12 1 1 10 12 1 10 12 1 1 9 7 1 10 12 1 9 12 1 1 10 12 10 12 1 10 12 1 10 12 1 10 12 1 10 8 1 8 1 8 1 8 1 10 12 1 1 9 12 1 1 10 12 1 10 100 12 1 1 1 8 9 12 1 1 10 12 1 1 8 1 8 8 9 12 1 8 1 8 8 8 8 8 1 8 10 12 1 7 1 10 12 1 8 1 8 1 10 12 1 10 12 1 10 12 1 10 12 1 1 7 1 1 1 1 3 1 3 1 3 1 3 1 3 1 3 1 3 1 3 1 3 1 3 1 1 1 1 1 1 1 1 1 1 3 1 3 1 1 1 1 3 1 1 1 1 1 1 1 1 1 1 1 1 1 1 1 1 1 1 1 1 1 1 1 1 1 1 1 1 1 1 1 1 1 1 1 1 1 1 1 1 1 1 1 1 1 1 1 1 1 1 1 1 1 1 1 1 1 100 1 1 1 1 1 1 1 1 1 100 1 1 1 1 1 1 1 1 1 1 1 1 1 1 1 1 1 1 1 1 1 1 1 1 1 1 1 1 1 1 1 1 1 1 1 1 1 1 1 1 1 1 1 1 1 1 1 1 1 1 1 1
staticfield java/lang/invoke/DirectMethodHandle IMPL_NAMES Ljava/lang/invoke/MemberName$Factory; java/lang/invoke/MemberName$Factory
staticfield java/lang/invoke/DirectMethodHandle FT_UNCHECKED_REF I 8
staticfield java/lang/invoke/DirectMethodHandle ACCESSOR_FORMS [Ljava/lang/invoke/LambdaForm; 132 [Ljava/lang/invoke/LambdaForm;
staticfield java/lang/invoke/DirectMethodHandle ALL_WRAPPERS [Lsun/invoke/util/Wrapper; 10 [Lsun/invoke/util/Wrapper;
staticfield java/lang/invoke/DirectMethodHandle NFS [Ljava/lang/invoke/LambdaForm$NamedFunction; 12 [Ljava/lang/invoke/LambdaForm$NamedFunction;
staticfield java/lang/invoke/DirectMethodHandle OBJ_OBJ_TYPE Ljava/lang/invoke/MethodType; java/lang/invoke/MethodType
staticfield java/lang/invoke/DirectMethodHandle LONG_OBJ_TYPE Ljava/lang/invoke/MethodType; java/lang/invoke/MethodType
staticfield java/lang/invoke/DirectMethodHandle $assertionsDisabled Z 1
ciInstanceKlass java/lang/invoke/MutableCallSite 0 0 63 10 100 12 1 1 1 10 12 1 9 100 12 1 1 1 10 12 1 10 12 1 1 9 12 1 1 10 100 12 1 1 1 10 100 12 1 1 1 10 12 1 1 1 1 1 1 1 1 1 1 1 1 1 1 1 1 1 1 100 1 1 1
ciInstanceKlass java/lang/invoke/VolatileCallSite 0 0 37 10 100 12 1 1 1 10 12 1 10 100 12 1 1 1 10 12 1 10 12 1 1 1 1 1 1 1 1 1 1 1 1 1 1 1 1
ciInstanceKlass java/lang/invoke/ResolvedMethodName 1 1 16 10 100 12 1 1 1 100 1 1 1 1 1 1 1 1
ciInstanceKlass java/lang/invoke/MethodHandleNatives 1 1 685 100 1 10 7 12 1 1 1 9 7 12 1 1 1 10 12 1 1 100 1 10 10 12 1 1 10 12 1 10 12 1 8 1 8 1 8 1 8 1 8 1 8 1 8 1 8 1 8 1 8 1 10 12 1 1 7 1 10 7 12 1 1 1 10 7 12 1 1 1 7 1 10 10 12 1 1 8 1 10 12 1 8 1 10 12 1 1 8 1 10 12 1 1 9 7 12 1 1 1 8 1 10 100 12 1 1 1 7 1 10 12 100 1 100 1 8 1 7 1 10 10 12 1 7 1 9 7 12 1 1 10 12 1 1 10 12 1 10 7 12 1 1 1 10 12 1 1 9 12 1 8 1 10 12 1 1 10 12 1 8 1 10 12 1 1 7 1 10 12 1 10 7 12 1 1 1 10 12 1 10 12 1 1 10 12 1 1 8 1 10 12 1 1 8 1 10 12 1 8 1 8 1 8 1 7 1 10 12 1 8 1 10 7 12 1 1 1 10 12 1 1 10 7 12 1 1 10 10 12 1 1 10 12 1 10 100 12 1 1 1 100 1 8 1 10 100 12 1 1 1 7 1 8 1 10 12 1 8 1 8 1 8 1 8 1 8 1 10 12 1 1 10 12 1 1 10 12 1 10 12 1 1 10 12 1 1 7 1 10 12 1 7 1 7 1 10 12 1 10 12 1 8 1 8 1 10 10 12 1 1 10 12 1 1 8 1 10 7 12 1 1 8 1 8 1 10 12 1 1 10 7 12 1 1 1 100 1 10 12 1 1 7 1 9 12 1 1 10 7 12 1 1 1 10 10 12 1 9 12 1 10 12 1 9 12 1 9 12 1 10 12 1 1 10 12 1 10 12 1 1 7 1 7 1 10 12 1 1 10 12 1 10 12 1 1 10 7 12 1 1 1 10 12 1 8 1 10 12 1 10 12 1 10 12 1 1 10 12 1 10 7 12 1 1 1 10 12 1 1 100 1 8 1 10 9 7 12 1 1 1 10 12 1 1 10 12 1 1 7 1 10 12 1 1 10 12 1 1 100 1 100 1 10 10 100 1 100 1 10 100 1 10 10 12 1 1 10 7 1 10 12 1 10 12 1 1 10 12 1 1 10 12 1 1 10 12 1 10 12 1 1 10 8 1 10 12 1 10 12 1 10 12 1 10 12 1 10 12 1 1 10 12 1 10 12 1 10 12 1 10 10 7 12 1 1 10 12 1 1 1 1 1 1 1 1 1 1 1 1 1 7 1 1 1 1 1 1 1 1 1 1 1 1 1 1 1 1 1 1 1 1 1 1 1 1 1 1 1 1 1 1 1 1 1 1 1 1 1 1 1 1 1 1 1 1 1 1 1 1 1 1 1 1 1 1 1 1 1 1 1 1 1 1 1 100 1 1 1 1 1 1 1 1 1 1 1 1 1 1 1 1 1 1 1 1 1 1 1 1 1 1 1 1 1 1 1 1 1 100 1 1 1 1 1 1 1 1 1 1 1 1 1 1 1 1 1 1 1 1 1 1 1 1 1 1 1 1 1 1 1 1 100 1 1
staticfield java/lang/invoke/MethodHandleNatives $assertionsDisabled Z 1
ciInstanceKlass jdk/internal/foreign/abi/NativeEntryPoint 0 0 194 10 7 12 1 1 1 9 7 12 1 1 1 9 12 1 1 100 1 8 1 10 12 1 10 12 1 1 100 1 10 100 12 1 1 1 10 12 1 9 12 1 1 18 12 1 1 10 100 12 1 1 1 10 7 12 1 1 1 9 7 12 1 1 1 7 1 10 8 1 10 12 1 1 10 12 1 10 12 1 1 8 1 10 12 1 1 7 1 8 1 10 12 1 10 12 1 1 10 12 1 9 12 1 1 18 12 1 1 10 100 12 1 1 1 10 12 1 1 10 12 1 10 100 12 1 1 1 10 1 1 1 1 1 1 1 1 1 1 1 1 1 1 1 1 1 1 1 1 1 1 1 1 1 1 1 1 1 1 1 1 1 1 1 1 1 16 1 15 10 12 16 1 16 15 10 12 15 10 100 12 1 1 1 1 1 100 1 1 100 1 100 1 1
ciInstanceKlass jdk/internal/foreign/abi/ABIDescriptor 0 0 55 10 100 12 1 1 1 9 100 12 1 1 1 9 12 1 1 9 12 1 9 12 1 9 12 1 1 9 12 1 9 12 1 1 9 12 1 9 12 1 9 12 1 9 12 1 1 1 1 1 1 1 1 1 1
ciInstanceKlass jdk/internal/foreign/abi/VMStorage 0 0 91 10 7 12 1 1 1 9 7 12 1 1 1 9 12 1 1 9 12 1 1 9 12 1 1 7 1 10 8 1 10 12 1 1 10 12 1 10 12 1 1 10 12 1 18 12 1 18 12 1 1 18 12 1 1 1 1 1 1 1 1 1 1 1 1 1 1 1 1 1 1 1 8 1 15 15 15 15 15 10 100 12 1 1 1 1 100 1 100 1 1
ciInstanceKlass jdk/internal/foreign/abi/UpcallLinker$CallRegs 0 0 66 10 7 12 1 1 1 9 7 12 1 1 1 9 12 1 18 12 1 1 18 12 1 1 18 12 1 1 1 1 1 1 1 1 1 1 1 1 1 1 1 1 1 1 100 1 1 1 8 1 15 15 15 10 100 12 1 1 1 1 1 100 1 100 1 1
ciInstanceKlass java/lang/StackWalker 1 1 271 9 7 12 1 1 1 7 1 10 7 12 1 1 1 10 12 1 1 10 7 12 1 1 1 10 12 1 1 10 12 1 11 7 12 1 1 1 10 12 1 1 10 12 1 1 10 12 1 1 100 1 8 1 10 12 1 10 12 1 10 12 1 10 7 12 1 1 9 12 1 1 9 12 1 1 9 12 1 1 9 12 1 1 10 12 1 1 9 12 1 1 9 12 1 1 9 12 1 1 10 7 12 1 1 1 11 12 1 1 100 1 8 1 10 10 7 12 1 1 9 12 1 1 10 12 1 1 10 100 12 1 1 1 10 100 12 1 1 1 18 12 1 1 100 1 8 1 10 8 1 10 12 1 1 10 100 12 1 1 1 10 12 1 1 9 100 12 1 1 11 100 12 1 1 1 10 12 1 1 1 1 1 1 1 1 1 1 1 1 1 1 1 1 1 1 1 1 1 1 1 1 1 1 1 1 1 1 1 1 1 1 1 1 1 1 1 1 1 1 1 1 1 1 1 1 1 1 1 1 1 1 1 1 1 1 1 1 1 1 1 1 1 1 7 1 1 16 15 10 12 16 1 15 10 100 12 1 1 1 1 1 1 1 1 1 100 1 100 1 1
staticfield java/lang/StackWalker DEFAULT_EMPTY_OPTION Ljava/util/EnumSet; java/util/RegularEnumSet
staticfield java/lang/StackWalker DEFAULT_WALKER Ljava/lang/StackWalker; java/lang/StackWalker
ciInstanceKlass java/lang/StackWalker$StackFrame 0 0 41 100 1 10 12 1 1 100 1 100 1 1 1 1 1 1 1 1 1 1 1 1 1 1 1 1 1 1 1 1 1 1 1 1 1 1 1 100 1 1 1
instanceKlass java/lang/LiveStackFrameInfo
ciInstanceKlass java/lang/StackFrameInfo 0 0 142 10 7 12 1 1 1 9 7 12 1 1 1 9 7 1 9 12 1 1 11 100 12 1 1 1 9 12 1 1 11 12 1 1 10 12 1 1 10 7 12 1 1 1 10 12 1 11 12 1 11 12 1 1 11 12 1 10 12 1 1 9 12 1 1 10 12 1 1 10 7 12 1 1 10 12 1 1 11 12 1 1 9 12 1 1 10 7 1 10 12 1 9 12 1 1 10 12 1 1 100 1 8 1 10 12 1 10 100 12 1 1 1 7 1 1 1 1 1 1 1 1 1 1 1 1 1 1 1 1 1 1 7 1 1 7 1 1 1 1 1 1
ciInstanceKlass java/lang/LiveStackFrameInfo 0 0 97 10 7 12 1 1 1 9 7 12 1 1 1 9 12 1 9 12 1 9 12 1 9 12 1 1 7 1 10 12 1 1 10 12 1 8 1 10 12 1 1 8 1 8 1 8 1 10 100 1 10 12 1 100 1 10 12 1 7 1 7 1 1 1 3 1 3 1 1 1 1 1 1 1 1 1 1 1 1 1 1 1 1 1 1 1 1 1 1 1 1 1 1 1 100 1 1
ciInstanceKlass java/lang/LiveStackFrame 0 0 135 100 1 10 100 12 1 1 1 11 7 12 1 1 1 11 12 1 10 7 12 1 1 1 100 1 8 1 10 12 1 1 10 7 12 1 1 1 9 100 12 1 1 1 10 7 12 1 1 1 10 7 12 1 1 1 11 12 1 10 12 1 7 1 7 1 1 1 1 1 1 1 1 1 1 1 1 1 1 1 1 1 1 1 1 1 1 1 1 1 1 1 1 100 1 1 1 1 1 1 1 100 1 8 1 1 12 10 1 1 1 8 1 1 1 8 1 1 1 8 1 1 1 8 1 1 8 1 1 1 8 1 1 8 1
ciInstanceKlass java/lang/StackStreamFactory$AbstractStackWalker 1 0 375 100 1 7 1 3 10 7 12 1 1 1 10 7 12 1 1 10 7 12 1 1 1 9 12 1 1 10 12 1 1 9 12 1 1 9 12 1 1 9 12 1 1 9 12 1 10 7 12 1 1 1 10 12 1 1 10 7 12 1 1 9 12 1 1 9 12 1 1 10 12 1 1 9 100 12 1 1 1 10 12 1 1 10 12 1 9 12 1 1 10 100 12 1 1 1 10 12 1 1 9 12 1 1 9 7 12 1 1 1 7 1 10 8 1 10 12 1 1 10 12 1 8 1 10 12 1 1 10 100 12 1 1 1 100 1 8 1 10 12 1 8 1 10 12 10 100 12 1 1 9 12 1 8 1 5 0 8 1 8 1 9 12 1 1 10 12 1 1 18 12 1 1 10 7 12 1 1 1 10 12 1 1 10 12 1 10 12 1 9 12 1 10 12 1 10 12 1 10 12 1 10 12 1 10 12 1 10 12 1 1 8 1 10 12 1 10 12 1 10 12 1 10 12 1 1 8 1 10 12 1 1 10 12 1 1 10 12 1 1 10 12 1 10 12 1 10 100 12 1 1 1 10 12 1 10 12 1 9 12 1 8 1 10 12 1 10 12 1 10 12 1 1 10 12 1 10 12 1 10 12 1 1 10 12 1 10 12 1 10 12 1 10 12 1 10 12 1 10 12 1 1 10 12 1 1 10 12 1 8 1 1 1 1 1 1 1 1 1 1 1 1 1 7 1 1 1 1 1 1 1 7 1 1 1 1 7 1 1 1 1 1 1 1 1 1 1 1 1 1 1 1 1 1 1 1 16 15 15 10 100 12 1 1 1 1 1 1 1 1 100 1 100 1 1
ciInstanceKlass jdk/internal/module/Modules 1 1 504 10 7 12 1 1 1 9 7 12 1 1 1 11 7 12 1 1 1 11 12 1 1 11 12 1 1 11 12 1 1 11 12 1 11 12 1 11 12 1 11 12 1 11 12 1 1 10 7 12 1 1 1 10 100 12 1 1 1 18 12 1 1 10 7 12 1 1 1 7 1 10 7 12 1 1 1 10 100 12 1 1 1 10 100 12 1 1 10 12 1 1 11 12 1 9 12 1 1 11 100 12 1 1 1 10 12 1 1 10 10 12 1 10 9 12 1 1 10 100 12 1 1 10 12 1 1 10 100 12 1 1 100 1 11 100 12 1 1 1 10 100 12 1 1 1 11 100 12 1 1 10 12 1 1 10 100 12 1 1 10 100 12 1 1 1 10 12 1 1 10 12 1 1 11 12 1 1 18 12 1 1 11 100 12 1 1 10 100 12 1 1 1 11 100 12 1 1 1 7 1 11 12 1 1 11 7 12 1 1 1 11 12 1 1 10 12 1 1 10 100 12 1 1 18 12 1 1 11 12 1 1 18 12 1 1 11 12 1 1 10 12 1 18 18 10 12 1 1 9 12 1 1 11 7 12 1 1 1 100 1 10 11 12 1 11 12 1 1 11 12 1 1 10 100 1 10 12 1 1 10 100 12 1 1 10 12 1 1 11 12 10 12 1 1 7 1 10 18 12 1 10 12 1 1 7 1 8 1 10 12 1 10 100 12 1 1 18 12 1 11 11 12 10 12 1 10 10 100 1 18 12 1 10 10 10 7 12 1 1 10 7 12 1 1 1 10 12 1 1 1 1 1 1 1 1 1 1 1 1 1 1 1 1 1 1 1 1 1 1 1 1 1 1 1 1 1 1 1 1 1 100 1 1 1 1 1 1 1 1 1 1 1 1 1 1 1 1 1 1 1 1 1 1 1 1 1 1 1 1 1 1 1 1 1 1 1 7 1 1 1 1 1 1 1 1 1 1 1 1 1 1 1 1 1 1 1 1 1 1 1 16 15 10 12 1 16 16 15 10 12 1 16 1 16 1 15 10 12 1 16 1 16 1 15 10 12 16 1 15 10 16 1 15 10 12 16 1 15 10 12 16 15 10 12 16 15 10 12 15 10 100 12 1 1 1 1 1 1 100 1 100 1 1
staticfield jdk/internal/module/Modules JLA Ljdk/internal/access/JavaLangAccess; java/lang/System$2
staticfield jdk/internal/module/Modules JLMA Ljdk/internal/access/JavaLangModuleAccess; java/lang/module/ModuleDescriptor$1
staticfield jdk/internal/module/Modules $assertionsDisabled Z 1
instanceKlass dev/skidfuscator/obfuscator/creator/SkidFlowGraphDumper$BlockBundle
instanceKlass org/mapleir/stdlib/collections/list/NotifiedList
instanceKlass org/objectweb/asm/tree/MethodNode$1
instanceKlass org/topdank/byteengineer/commons/data/DataContainer
ciInstanceKlass java/util/ArrayList 1 1 509 10 7 12 1 1 1 7 1 9 7 12 1 1 1 9 12 1 100 1 7 1 10 8 1 10 12 1 1 10 12 1 10 12 1 1 10 12 1 9 12 1 11 7 12 1 1 1 9 12 1 1 11 12 1 1 7 10 7 12 1 1 1 9 12 1 10 12 1 10 12 1 1 10 7 12 1 1 1 10 7 12 1 1 1 10 12 1 1 10 12 1 1 10 12 1 1 10 12 1 10 12 1 1 100 1 7 1 10 12 1 10 10 7 12 1 1 1 10 7 12 1 1 10 12 1 100 1 10 10 12 10 12 1 1 10 12 1 1 10 12 1 10 12 10 12 1 1 7 1 10 12 1 1 10 12 1 1 10 12 1 100 1 10 11 12 1 1 11 7 12 1 1 1 11 12 1 10 12 1 10 12 1 10 12 1 1 100 1 10 12 1 1 10 10 12 1 1 10 12 1 8 1 8 1 8 1 8 1 10 12 1 1 10 12 1 1 11 12 1 7 1 10 100 12 1 1 10 12 1 10 12 1 1 10 100 12 1 1 10 12 1 10 100 12 1 1 1 11 100 12 1 1 1 10 12 1 100 1 8 1 10 7 1 10 12 1 7 1 10 12 1 10 12 1 1 7 1 10 12 1 10 12 1 1 11 7 12 1 1 7 1 10 12 1 10 12 1 1 11 100 12 1 1 10 12 1 1 10 12 1 1 10 12 1 1 10 12 1 1 11 100 12 1 1 10 12 1 1 7 1 7 1 7 1 1 1 1 5 0 1 3 1 1 1 1 1 1 1 1 1 1 1 1 1 1 1 1 1 1 1 1 1 1 1 1 1 1 1 1 1 1 1 1 1 1 1 1 1 1 1 1 1 1 1 1 1 1 1 1 1 1 1 1 1 1 1 1 1 1 1 1 1 1 1 1 1 1 1 1 1 1 1 1 1 1 1 1 1 1 1 1 1 1 1 1 1 1 1 1 1 1 1 1 1 1 1 1 1 1 1 1 1 1 1 1 100 1 1 1 1 7 1 1 1 1 1 1 1 1 1 1 1 1 1 1 1 1 1 1 1 1 1 1 1 1 1 1 1 1 1 100 1 1 1 1 1 1 1 1 1 1 1 1 1 1 1 1 1 1 100 1 100 1 1 1 1 1 1
staticfield java/util/ArrayList EMPTY_ELEMENTDATA [Ljava/lang/Object; 0 [Ljava/lang/Object;
staticfield java/util/ArrayList DEFAULTCAPACITY_EMPTY_ELEMENTDATA [Ljava/lang/Object; 0 [Ljava/lang/Object;
ciInstanceKlass java/util/RandomAccess 1 0 7 100 1 100 1 1 1
ciInstanceKlass java/lang/annotation/Annotation 1 0 17 100 1 100 1 1 1 1 1 1 1 1 1 1 1 1 1
ciMethod java/lang/Integer valueOf (I)Ljava/lang/Integer; 160 0 2664871 0 -1
ciMethod java/lang/String <init> ([CII)V 428 0 14153 0 -1
ciMethod java/util/Map containsKey (Ljava/lang/Object;)Z 0 0 1 0 -1
ciMethod java/util/Map put (Ljava/lang/Object;Ljava/lang/Object;)Ljava/lang/Object; 0 0 1 0 -1
ciMethod java/lang/Object <init> ()V 1024 0 19708638 0 136
ciInstanceKlass java/lang/AssertionError 0 0 79 10 100 12 1 1 1 10 12 1 10 100 12 1 1 1 10 100 1 100 1 10 12 1 1 10 12 1 10 12 1 10 12 1 10 12 1 10 12 1 10 12 1 10 12 1 1 1 1 5 0 1 1 1 1 1 1 1 1 1 1 100 1 1 1 1 1 1 1 1 1 1 1 1 1 1 1 1 1
ciInstanceKlass java/util/BitSet 1 1 417 7 1 9 12 1 1 9 12 1 1 9 12 1 1 100 1 10 12 1 1 10 7 1 9 12 1 10 12 1 1 100 1 100 1 10 8 1 10 12 1 1 10 12 1 10 12 1 1 10 12 1 10 12 1 1 10 12 1 10 7 12 1 1 1 10 12 1 10 100 12 1 1 1 10 12 1 1 10 12 1 1 10 12 1 10 100 12 1 1 1 10 12 1 1 10 12 1 9 100 12 1 1 1 10 12 1 1 10 10 12 1 10 12 1 1 10 12 1 1 10 12 1 5 0 10 12 1 1 10 12 1 1 10 7 12 1 1 1 10 12 1 100 1 8 1 10 8 1 8 1 8 1 8 1 10 12 1 10 12 1 10 12 1 1 5 0 10 12 1 10 12 1 10 12 10 12 10 12 1 10 12 10 7 12 1 1 1 8 1 10 12 1 10 12 1 10 12 1 10 7 12 1 1 1 5 0 10 12 1 10 12 1 1 10 7 100 1 100 1 10 12 1 10 100 12 1 1 1 8 1 10 100 12 1 1 10 12 1 10 100 12 1 1 1 10 100 12 1 1 100 1 3 10 12 1 3 10 10 12 1 10 12 1 10 12 1 8 1 100 1 10 12 1 10 100 12 1 1 1 10 7 12 1 1 1 7 1 10 12 1 9 12 1 1 100 1 100 1 1 1 3 1 3 1 3 1 1 1 5 0 1 1 1 1 1 1 1 1 1 1 1 1 1 1 1 1 1 1 1 1 1 1 1 1 1 100 1 1 1 1 1 1 1 1 1 1 1 1 1 1 1 1 1 1 1 1 1 1 1 1 1 1 1 1 1 1 1 1 1 1 1 1 1 1 1 1 1 1 1 1 1 1 1 1 1 1 100 1 1 1 1 1 100 1 1 1 1 1 1 1 1 1 1 1 1 1 1 1 1 1 1 100 1 100 1 1
staticfield java/util/BitSet serialPersistentFields [Ljava/io/ObjectStreamField; 1 [Ljava/io/ObjectStreamField;
staticfield java/util/BitSet $assertionsDisabled Z 1
ciInstanceKlass org/objectweb/asm/commons/JSRInlinerAdapter 1 1 388 1 7 1 7 1 100 1 1 100 1 7 1 1 100 1 1 100 1 100 1 1 1 1 1 1 1 1 1 3 1 12 10 1 7 1 1 12 10 1 100 1 12 10 1 1 1 1 1 1 1 1 1 1 1 1 1 12 10 1 7 10 12 9 1 7 10 12 9 12 9 1 12 9 1 1 1 12 10 1 1 12 9 1 7 1 1 12 10 1 7 1 1 12 9 1 1 12 11 1 1 12 11 1 1 1 1 1 1 12 11 1 12 10 1 12 10 1 1 12 10 1 1 12 10 1 1 12 11 1 100 1 1 12 11 1 100 1 12 11 1 1 12 11 1 12 11 1 100 1 12 11 1 1 12 10 1 1 1 1 1 1 1 12 10 1 1 12 9 1 100 11 1 100 1 12 9 1 1 12 10 1 12 9 1 12 9 1 1 12 10 1 1 1 1 1 1 1 1 1 1 1 12 10 1 1 12 10 1 12 10 1 100 1 12 10 1 12 10 1 100 1 12 9 1 12 9 1 100 9 9 1 1 1 1 1 1 1 1 1 1 1 100 10 1 12 10 1 12 10 10 1 100 10 10 1 12 10 1 1 12 10 1 12 9 1 1 1 1 1 1 1 1 1 1 1 1 1 12 10 1 12 10 1 1 12 10 12 9 1 12 9 1 12 9 1 100 1 1 1 100 10 1 8 1 1 12 10 1 12 10 1 8 1 1 12 10 12 10 1 12 10 1 12 10 1 12 11 1 12 10 1 100 12 10 11 1 1 12 10 1 100 1 8 1 12 10 1 12 9 1 12 10 1 100 9 9 12 9 1 12 9 12 9 1 12 9 1 12 10 1 1 1 1 1 1 1 1 1 1 1 1 1 1 1 1 1 1
instanceKlass org/objectweb/asm/commons/MethodRemapper
instanceKlass org/objectweb/asm/MethodWriter
instanceKlass org/objectweb/asm/tree/MethodNode
ciInstanceKlass org/objectweb/asm/MethodVisitor 1 1 262 1 7 1 7 1 1 100 1 100 1 1 1 1 8 1 1 1 1 1 1 1 12 10 1 1 12 10 3 3 3 3 3 3 3 1 100 1 1 1 100 10 1 8 1 1 12 10 1 12 10 1 1 12 10 12 10 1 12 10 1 100 1 1 12 10 12 9 12 9 1 1 1 1 1 1 100 10 12 10 1 1 1 1 12 10 1 1 12 10 1 1 1 1 1 12 10 1 1 1 1 1 12 10 1 1 1 12 10 1 1 1 12 10 1 1 1 12 10 1 1 12 10 1 1 1 1 1 1 1 12 10 1 1 1 12 10 1 1 12 10 1 1 1 12 10 1 1 12 10 1 1 1 1 12 10 1 1 8 12 10 1 1 1 12 10 1 1 1 1 1 12 10 1 1 1 1 12 10 1 1 100 1 100 1 1 12 10 1 100 1 8 12 10 1 1 1 12 10 1 1 1 12 10 1 1 1 1 1 1 1 12 10 1 1 1 12 10 1 1 12 10 1 1 12 10 1 1 1 1 12 10 1 1 12 10 1 1 1 1 12 10 1 12 10 1 1 12 10 1 1 1 12 10 1 1 1 1 1 1 1 1
instanceKlass org/objectweb/asm/commons/JSRInlinerAdapter
ciInstanceKlass org/objectweb/asm/tree/MethodNode 1 1 519 1 7 1 7 1 1 7 1 1 1 1 1 1 1 1 1 1 1 1 1 1 1 1 1 1 1 1 1 1 1 1 1 1 1 1 1 1 1 1 1 1 1 1 1 1 1 1 1 1 3 1 12 10 1 7 1 1 12 10 1 100 12 10 1 1 10 1 7 10 12 9 1 1 1 12 10 1 1 12 9 12 9 12 9 12 9 1 7 1 1 12 10 12 9 1 7 10 12 9 10 12 9 1 1 12 9 1 7 12 10 1 7 1 1 12 11 1 1 1 7 1 12 10 1 12 10 1 1 1 12 10 12 9 1 12 10 12 9 1 1 1 1 1 1 7 1 12 10 12 9 12 9 1 1 1 1 1 1 1 12 9 12 9 1 1 1 12 9 1 7 1 1 12 10 12 9 1 1 1 1 12 9 1 1 1 1 1 1 7 1 1 12 10 12 10 1 12 10 1 1 1 1 1 1 1 1 7 10 1 1 1 1 7 12 10 1 1 1 7 10 1 1 1 1 7 12 10 1 1 1 7 12 10 1 1 1 12 9 3 12 10 1 7 12 10 1 1 1 1 1 7 12 10 1 1 1 1 1 1 7 1 1 12 10 1 12 10 1 1 1 1 1 1 1 7 12 10 1 1 1 7 10 1 1 1 1 7 1 12 10 1 12 10 1 1 1 1 1 1 1 1 7 1 12 10 1 1 1 1 7 10 1 1 1 1 12 10 1 100 1 1 12 10 1 12 10 9 9 1 1 1 1 1 7 1 12 10 1 1 1 1 1 1 3 1 1 12 11 9 9 1 1 1 7 1 12 10 1 1 1 1 1 1 100 1 12 10 12 9 12 9 1 1 1 1 7 10 1 1 12 9 12 9 1 1 7 1 12 9 1 7 10 1 1 1 1 1 1 1 3 1 1 12 11 1 100 10 1 12 11 10 1 12 10 1 12 9 12 9 1 12 9 1 100 1 12 10 3 1 100 1 1 1 1 7 1 12 11 7 1 7 1 1 12 10 1 12 10 1 1 1 1 1 10 12 9 12 10 1 12 10 1 7 12 10 9 12 10 1 12 10 12 9 12 9 9 12 10 10 12 10 12 10 12 9 1 12 10 1 100 12 10 12 10 1 12 10 10 10 10 1 12 10 12 10 10 1 1 1 1 1 1 1 1 1 1 1 1
ciInstanceKlass org/objectweb/asm/Opcodes 1 1 471 1 7 1 100 1 1 1 3 1 3 1 3 1 3 1 3 1 3 1 3 1 1 3 1 1 3 1 3 1 3 1 3 1 3 1 3 1 3 1 3 1 3 1 3 1 3 1 3 1 3 1 3 1 3 1 3 1 3 1 3 1 3 1 3 1 3 1 3 1 3 1 3 1 3 1 3 1 3 1 3 1 3 1 3 1 3 1 1 1 1 1 1 1 3 1 1 1 3 1 3 1 3 1 3 1 3 1 3 1 3 1 1 3 1 3 1 1 3 1 3 1 3 1 1 3 1 3 1 3 1 1 1 3 1 1 1 1 1 1 1 3 1 3 1 1 1 1 1 1 1 1 1 1 1 1 1 1 1 1 1 1 1 1 1 1 1 1 1 3 1 3 1 3 1 3 1 1 3 1 3 1 3 1 3 1 3 1 3 1 3 1 1 1 1 1 1 1 1 1 1 1 1 1 1 3 1 3 1 3 1 3 1 3 1 3 1 3 1 3 1 3 1 3 1 3 1 3 1 3 1 3 1 3 1 3 1 3 1 3 1 3 1 3 1 3 1 3 1 3 1 3 1 3 1 3 1 3 1 3 1 3 1 3 1 3 1 3 1 3 1 3 1 3 1 3 1 3 1 3 1 3 1 3 1 3 1 3 1 3 1 3 1 3 1 3 1 3 1 3 1 3 1 1 3 1 3 1 3 1 3 1 3 1 3 1 3 1 3 1 3 1 3 1 3 1 3 1 3 1 3 1 3 1 3 1 3 1 3 1 3 1 3 1 3 1 3 1 3 1 3 1 3 1 3 1 3 1 3 1 3 1 3 1 3 1 3 1 3 1 3 1 3 1 3 1 3 1 3 1 3 1 3 1 3 1 3 1 3 1 3 1 3 1 3 1 3 1 3 1 3 1 3 1 3 1 3 1 3 1 3 1 3 1 3 1 3 1 3 1 3 1 3 1 3 1 3 1 3 1 3 1 3 1 3 1 3 1 3 1 3 1 3 1 1 1 7 1 1 12 10 12 9 12 9 12 9 12 9 12 9 12 9 12 9 1 1 1 1 1 1
staticfield org/objectweb/asm/Opcodes TOP Ljava/lang/Integer; java/lang/Integer
staticfield org/objectweb/asm/Opcodes INTEGER Ljava/lang/Integer; java/lang/Integer
staticfield org/objectweb/asm/Opcodes FLOAT Ljava/lang/Integer; java/lang/Integer
staticfield org/objectweb/asm/Opcodes DOUBLE Ljava/lang/Integer; java/lang/Integer
staticfield org/objectweb/asm/Opcodes LONG Ljava/lang/Integer; java/lang/Integer
staticfield org/objectweb/asm/Opcodes NULL Ljava/lang/Integer; java/lang/Integer
staticfield org/objectweb/asm/Opcodes UNINITIALIZED_THIS Ljava/lang/Integer; java/lang/Integer
ciInstanceKlass org/objectweb/asm/ClassReader 1 1 1073 1 7 1 7 1 1 100 1 100 1 1 1 3 1 3 1 3 1 3 1 3 1 3 1 3 1 1 1 1 1 1 1 1 1 1 1 1 1 1 1 1 12 10 1 1 1 1 12 10 1 1 1 12 10 12 9 12 9 1 1 12 10 1 100 1 1 1 100 10 1 8 1 1 12 10 1 12 10 1 1 12 10 12 10 1 12 10 1 1 12 10 12 9 1 7 12 9 10 12 9 12 9 1 100 12 9 1 1 12 10 12 9 1 1 1 1 1 1 1 1 1 1 1 100 1 1 12 10 12 10 1 1 1 1 12 10 1 1 1 8 12 10 1 100 1 1 12 10 1 1 1 100 1 8 10 1 1 12 10 1 7 10 1 7 1 1 12 10 1 12 10 1 12 10 1 12 10 10 1 1 12 10 1 1 1 1 1 1 1 1 12 10 1 7 1 1 12 10 1 1 1 1 1 12 10 1 1 1 1 1 1 1 1 1 1 1 1 7 1 12 10 1 1 1 1 7 10 1 1 12 9 12 9 12 9 1 12 10 1 12 10 1 12 10 1 8 1 1 12 10 1 8 1 8 1 8 1 8 1 8 1 8 1 8 1 8 1 8 3 1 8 1 8 1 1 12 10 1 8 1 8 1 8 3 1 8 1 8 1 8 1 8 1 1 12 10 1 1 12 9 1 7 1 1 12 10 1 1 12 10 1 1 12 10 1 12 10 1 1 12 10 1 1 12 10 1 1 12 10 1 1 12 10 1 12 9 1 1 12 9 1 1 12 10 1 1 12 10 1 12 10 1 12 10 1 1 12 10 1 1 12 10 1 12 10 1 12 10 1 12 10 1 1 1 1 1 1 1 1 1 1 1 1 1 1 1 1 1 1 1 1 1 1 1 1 1 1 1 1 1 1 1 1 1 1 1 1 1 1 1 1 1 1 12 10 1 1 12 10 1 7 1 12 10 1 12 10 1 12 10 1 1 12 10 1 1 12 10 1 12 10 1 12 10 1 1 12 10 10 1 1 1 1 1 1 1 1 1 1 1 1 1 1 1 1 1 1 1 1 1 1 1 1 1 1 1 1 1 12 10 1 7 10 10 10 10 1 1 1 1 1 1 8 1 1 12 10 1 1 12 10 1 7 10 10 10 10 1 1 1 1 1 1 1 12 9 1 12 9 1 12 9 1 8 1 8 1 8 1 8 1 8 1 8 12 10 1 1 12 10 1 7 1 1 12 10 1 1 12 10 1 12 10 1 7 1 1 12 10 1 1 12 10 1 1 12 10 1 7 10 10 10 1 1 12 10 10 1 12 10 1 1 12 10 10 1 1 1 1 1 1 1 1 1 1 1 1 1 1 1 1 1 1 1 1 7 1 1 12 9 1 1 12 10 1 1 12 10 1 8 1 1 12 10 1 8 1 8 1 1 12 10 1 1 12 10 1 8 1 8 1 12 9 1 12 9 1 12 9 1 12 9 1 1 12 9 1 12 9 1 12 9 1 1 12 10 1 1 12 10 1 1 12 10 1 12 10 1 12 10 1 1 12 10 1 12 10 1 12 10 1 1 12 10 1 12 10 1 1 12 10 1 1 12 10 1 12 10 1 1 12 10 1 1 12 10 1 1 12 10 1 7 1 1 12 10 1 1 12 10 1 12 10 1 100 10 1 12 10 1 1 12 10 1 1 12 10 1 12 9 1 12 9 1 12 9 1 1 12 10 1 12 10 1 1 1 1 1 1 1 1 1 1 1 1 1 1 1 1 1 1 1 1 1 1 1 1 1 1 1 1 1 1 1 1 1 1 1 1 1 1 1 1 1 1 1 1 1 1 1 1 1 1 1 1 1 1 1 1 1 1 1 1 1 1 1 1 1 10 12 10 1 1 12 9 1 1 7 1 12 10 1 12 10 1 1 1 1 1 1 1 1 3 3 3 1 1 12 10 1 1 12 10 1 1 1 1 1 1 1 100 1 1 12 10 1 12 10 1 100 1 12 10 1 100 1 12 10 1 7 1 1 12 9 1 12 9 1 12 10 1 7 1 1 12 10 1 12 10 1 1 12 10 1 1 12 10 1 7 1 1 12 10 1 7 1 1 12 10 1 1 1 1 1 1 1 1 1 1 1 1 1 1 1 8 1 7 1 1 12 9 1 1 12 10 1 12 9 1 12 9 1 12 9 1 12 9 1 1 12 10 1 1 1 1 1 1 1 12 10 1 1 1 1 1 1 1 1 1 1 12 9 1 12 9 1 1 1 1 1 1 12 9 1 12 10 10 1 1 1 1 1 1 1 1 1 100 1 1 12 10 5 0 1 1 1 1 1 12 10 1 1 1 1 1 1 12 10 1 1 12 10 1 1 1 7 1 12 10 1 12 10 1 7 1 12 10 1 12 10 1 12 10 1 12 10 12 10 12 10 1 1
ciInstanceKlass org/objectweb/asm/tree/TypeInsnNode 1 1 55 1 7 1 7 1 1 1 1 1 1 12 10 12 9 1 1 1 1 1 1 12 9 1 1 1 1 1 7 1 12 10 1 12 10 1 1 1 1 1 12 10 1 1 12 10 1 1 1 1 1 1 1 1 1
ciInstanceKlass org/objectweb/asm/tree/JumpInsnNode 1 1 64 1 7 1 7 1 1 1 1 1 1 12 10 12 9 1 1 1 1 1 12 9 1 1 1 1 1 7 1 1 12 10 1 7 1 1 12 10 1 12 10 1 1 1 1 1 1 12 10 12 10 1 1 12 10 1 1 1 1 1 1 1 1 1
ciInstanceKlass org/objectweb/asm/tree/LdcInsnNode 1 1 50 1 7 1 7 1 1 1 1 1 1 12 10 12 9 1 1 1 1 1 1 1 1 7 1 12 10 1 12 10 1 1 1 1 1 12 10 1 1 12 10 1 1 1 1 1 1 1 1 1
ciInstanceKlass org/objectweb/asm/tree/IntInsnNode 1 1 53 1 7 1 7 1 1 1 1 1 1 12 10 12 9 1 1 1 1 12 9 1 1 1 1 1 7 1 12 10 1 12 10 1 1 1 1 1 12 10 1 1 12 10 1 1 1 1 1 1 1 1 1
ciInstanceKlass org/objectweb/asm/tree/MultiANewArrayInsnNode 1 1 55 1 7 1 7 1 1 1 1 1 1 1 1 12 10 12 9 12 9 1 1 1 1 1 1 1 1 1 100 1 12 10 1 12 10 1 1 1 1 1 12 10 1 1 12 10 1 1 1 1 1 1 1 1 1
ciInstanceKlass org/objectweb/asm/tree/LookupSwitchInsnNode 1 1 108 1 7 1 7 1 1 1 1 1 1 1 1 1 1 1 12 10 12 9 1 7 1 1 12 10 12 9 1 12 10 12 9 1 1 1 1 1 1 1 1 1 7 1 12 11 1 1 12 11 1 7 1 12 10 1 7 1 7 1 1 12 10 1 7 1 1 12 10 1 12 10 1 1 1 1 1 1 1 1 1 1 1 1 12 10 1 12 10 12 10 1 1 12 11 1 1 12 10 1 1 1 1 1 1 1 1 1
ciInstanceKlass org/objectweb/asm/tree/TableSwitchInsnNode 1 1 96 1 7 1 7 1 1 1 1 1 1 1 1 1 1 1 1 12 10 12 9 12 9 12 9 1 7 1 1 12 10 12 9 1 1 1 1 1 1 1 1 7 1 12 11 1 7 1 1 12 11 1 7 1 1 12 10 1 7 1 1 12 10 1 12 10 1 1 1 1 1 1 1 1 1 1 12 10 1 12 10 12 10 1 1 12 10 1 1 1 1 1 1 1 1 1
ciInstanceKlass org/objectweb/asm/tree/IincInsnNode 1 1 53 1 7 1 7 1 1 1 1 1 1 1 12 10 12 9 12 9 1 1 1 1 1 1 1 1 7 1 12 10 1 12 10 1 1 1 1 1 12 10 1 1 12 10 1 1 1 1 1 1 1 1 1
ciInstanceKlass org/objectweb/asm/tree/LabelNode 1 1 57 1 7 1 7 1 1 1 1 1 1 12 10 1 1 1 12 9 1 1 1 1 1 1 7 12 10 1 1 12 10 1 7 1 12 10 1 1 1 1 1 1 100 1 1 12 11 1 1 1 1 1 1 1 1 1 1
ciInstanceKlass org/objectweb/asm/tree/InvokeDynamicInsnNode 1 1 63 1 7 1 7 1 1 1 1 1 1 1 1 1 1 1 12 10 12 9 12 9 12 9 12 9 1 1 1 1 1 1 1 1 1 1 7 1 12 10 1 12 10 1 1 1 1 1 12 10 1 1 12 10 1 1 1 1 1 1 1 1 1
instanceKlass org/objectweb/asm/commons/AnnotationRemapper
instanceKlass org/objectweb/asm/AnnotationWriter
instanceKlass org/objectweb/asm/tree/AnnotationNode
ciInstanceKlass org/objectweb/asm/AnnotationVisitor 1 1 98 1 7 1 7 1 1 100 1 100 1 1 1 1 1 1 1 1 12 10 1 1 12 10 3 3 3 3 3 3 3 1 100 1 1 1 100 10 1 8 1 1 12 10 1 12 10 1 1 12 10 12 10 1 12 10 1 100 1 1 12 10 12 9 12 9 1 1 1 1 1 12 10 1 1 1 1 1 1 12 10 1 1 1 12 10 1 1 12 10 1 12 10 1 1 1 1 1
ciInstanceKlass org/objectweb/asm/Attribute 1 1 155 1 100 1 100 1 1 100 1 1 1 1 1 1 1 1 1 1 12 10 12 9 1 1 1 1 1 1 1 1 100 1 1 12 10 1 7 1 100 1 1 12 10 1 12 10 12 9 1 1 1 1 1 1 1 1 1 1 1 1 12 10 1 1 1 12 10 1 1 1 1 12 10 1 1 1 1 1 1 1 1 12 10 12 9 1 12 9 1 100 1 1 12 10 1 1 1 1 12 9 1 1 1 1 12 10 1 1 1 7 12 9 1 1 12 10 1 1 1 12 10 1 8 1 8 3 1 8 1 1 1 1 1 12 10 1 1 1 12 10 1 12 10 1 1 12 10 1 1 1 1 1 1 1 1
ciInstanceKlass org/objectweb/asm/Context 1 1 43 1 100 1 7 1 1 1 1 1 1 1 1 1 1 1 1 1 1 1 1 1 1 1 1 1 1 1 1 1 1 1 1 1 1 12 10 1 1 1 1 1 1
ciInstanceKlass org/objectweb/asm/tree/Util 1 1 158 1 100 1 100 1 1 1 12 10 1 1 1 1 1 1 7 1 12 10 1 7 1 12 11 1 1 1 1 1 1 1 1 1 1 1 1 1 1 1 10 10 1 1 1 1 1 1 1 1 1 100 1 1 12 10 1 1 1 1 1 1 1 1 1 100 1 12 10 1 1 1 1 1 1 1 1 100 1 12 10 1 1 1 1 1 1 1 1 1 100 1 12 10 1 1 1 1 1 1 1 1 1 7 1 12 10 1 1 1 1 1 1 1 100 1 12 10 1 1 1 1 1 1 1 1 1 100 1 12 10 1 1 1 1 1 1 1 1 1 100 1 12 10 1 1 1 1 1 1 1 1 1 1 1 1 1 1
instanceKlass dev/xdark/ssvm/asm/DelegatingInsnNode
instanceKlass org/objectweb/asm/tree/FrameNode
instanceKlass org/objectweb/asm/tree/FieldInsnNode
instanceKlass org/objectweb/asm/tree/InsnNode
instanceKlass org/objectweb/asm/tree/VarInsnNode
instanceKlass org/objectweb/asm/tree/MethodInsnNode
instanceKlass org/objectweb/asm/tree/TypeInsnNode
instanceKlass org/objectweb/asm/tree/IntInsnNode
instanceKlass org/objectweb/asm/tree/LdcInsnNode
instanceKlass org/objectweb/asm/tree/InvokeDynamicInsnNode
instanceKlass org/objectweb/asm/tree/JumpInsnNode
instanceKlass org/objectweb/asm/tree/LabelNode
instanceKlass org/objectweb/asm/tree/IincInsnNode
instanceKlass org/objectweb/asm/tree/TableSwitchInsnNode
instanceKlass org/objectweb/asm/tree/LookupSwitchInsnNode
instanceKlass org/objectweb/asm/tree/MultiANewArrayInsnNode
instanceKlass org/objectweb/asm/tree/LineNumberNode
ciInstanceKlass org/objectweb/asm/tree/AbstractInsnNode 1 1 157 1 7 1 7 1 1 1 3 1 3 1 3 1 3 1 3 1 3 1 3 1 3 1 3 1 3 1 3 1 3 1 3 1 3 1 3 1 3 1 1 1 1 1 1 1 1 1 1 1 1 12 10 12 9 12 9 1 1 1 1 1 1 12 9 1 12 9 1 1 1 12 9 1 100 1 12 11 1 1 12 11 1 100 1 12 9 1 1 12 9 1 1 12 9 1 100 1 1 12 10 1 12 10 12 9 1 1 1 1 1 1 1 1 1 1 1 1 100 1 12 11 1 100 1 1 1 1 1 1 1 1 1 1 1 1 1 1 100 10 1 12 10 1 1 12 11 1 1 1 1 1 1 1 1 1 1
ciInstanceKlass org/objectweb/asm/tree/LineNumberNode 1 1 56 1 7 1 7 1 1 1 1 1 1 1 1 12 10 12 9 12 9 1 1 1 1 1 1 1 7 1 1 12 10 1 7 1 1 12 10 1 1 1 1 1 1 12 10 12 10 1 1 1 1 1 1 1 1 1
ciInstanceKlass org/objectweb/asm/tree/MethodInsnNode 1 1 67 1 7 1 7 1 1 1 1 1 1 1 1 1 1 12 10 1 1 1 1 1 1 12 10 12 9 12 9 12 9 12 9 1 1 12 9 1 1 1 1 1 7 1 12 10 1 12 10 1 1 1 1 1 1 1 12 10 1 1 1 1 1 1 1 1 1
ciInstanceKlass org/objectweb/asm/tree/VarInsnNode 1 1 54 1 7 1 7 1 1 1 1 1 1 12 10 12 9 1 1 1 1 1 12 9 1 1 1 1 1 7 1 12 10 1 12 10 1 1 1 1 1 12 10 1 1 12 10 1 1 1 1 1 1 1 1 1
ciInstanceKlass org/objectweb/asm/tree/InsnNode 1 1 47 1 7 1 7 1 1 1 12 10 1 1 1 1 1 1 1 1 12 9 1 7 1 12 10 1 12 10 1 1 1 1 1 10 1 1 12 10 1 1 1 1 1 1 1 1 1
ciInstanceKlass org/objectweb/asm/tree/FieldInsnNode 1 1 61 1 7 1 7 1 1 1 1 1 1 1 1 12 10 12 9 12 9 12 9 1 1 1 1 1 1 12 9 1 1 1 1 1 7 1 12 10 1 12 10 1 1 1 1 1 12 10 1 1 12 10 1 1 1 1 1 1 1 1 1
ciInstanceKlass org/objectweb/asm/tree/FrameNode 1 1 108 1 7 1 7 1 1 1 1 1 1 1 1 1 1 12 10 1 1 1 12 9 1 7 1 1 12 10 12 9 12 9 1 12 10 1 100 12 10 1 1 1 1 1 1 1 1 7 1 12 11 1 1 12 10 1 7 1 12 10 1 1 1 1 1 10 1 100 10 1 1 12 11 1 7 1 100 1 12 11 1 1 12 11 1 1 1 1 1 1 1 1 1 1 7 1 1 12 10 1 1 1 1 1 1 1 1 1
ciInstanceKlass org/objectweb/asm/tree/InsnList 1 1 118 1 7 1 1 7 1 100 1 1 7 1 1 1 1 1 1 1 1 1 1 12 10 1 1 1 12 9 1 1 12 9 1 12 9 1 1 1 100 10 12 9 1 1 12 10 1 1 1 1 7 1 12 9 1 1 1 1 12 9 1 1 12 10 1 1 1 1 1 1 12 10 1 1 12 10 1 1 1 1 1 12 9 1 1 1 1 1 1 1 12 10 1 1 1 1 1 1 1 1 1 1 1 1 1 7 1 12 10 1 12 10 1 1 1 1 1 1
ciInstanceKlass org/objectweb/asm/Label 1 1 231 1 7 1 7 1 1 100 1 100 1 1 1 3 1 3 1 3 1 3 1 3 1 3 1 3 1 3 1 1 3 1 3 1 3 1 3 1 3 1 3 1 1 1 1 1 1 1 1 1 1 1 1 1 1 1 1 1 1 1 1 1 1 1 12 10 1 1 1 12 9 1 100 1 8 1 12 10 12 9 1 1 12 9 1 7 1 12 9 1 1 12 9 12 9 1 7 1 1 12 10 1 1 1 1 1 7 1 1 12 10 3 1 1 12 10 1 1 1 1 1 1 1 1 7 1 12 9 1 1 12 10 1 1 12 10 1 12 10 1 1 1 1 1 1 12 9 1 1 1 1 1 1 1 1 12 9 1 1 1 1 1 1 1 12 9 12 9 12 9 1 1 12 10 1 1 1 1 100 12 9 12 9 1 12 9 1 12 10 1 1 1 1 12 9 1 1 1 1 1 1 1 1 12 10 1 1 1 100 10 1 8 1 1 12 10 1 12 10 12 10 12 10 1 10 1 1 1 1 1 1
staticfield org/objectweb/asm/Label EMPTY_LIST Lorg/objectweb/asm/Label; org/objectweb/asm/Label
ciInstanceKlass org/objectweb/asm/tree/LocalVariableNode 1 1 55 1 7 1 7 1 1 1 1 1 1 1 1 1 1 1 1 1 12 10 12 9 12 9 12 9 12 9 12 9 12 9 1 1 1 1 1 1 7 1 1 12 10 1 7 1 1 12 10 1 1 1 1 1 1
ciInstanceKlass org/objectweb/asm/Type 1 1 379 1 7 1 7 1 1 100 1 100 1 1 1 3 1 3 1 3 1 3 1 3 1 3 1 3 1 3 1 3 1 3 1 3 1 3 1 3 1 1 1 8 1 1 1 1 1 1 1 1 1 1 1 1 1 1 1 1 1 12 10 12 9 12 9 12 9 12 9 1 1 1 1 7 1 1 12 10 1 1 12 10 1 1 1 1 7 1 1 12 10 1 100 1 1 12 9 12 9 1 100 9 12 9 1 100 9 12 9 1 100 9 12 9 1 100 9 12 9 1 100 9 12 9 1 100 9 12 9 1 100 9 12 9 1 100 9 12 9 1 100 10 1 1 12 10 12 10 1 1 1 1 1 1 12 10 1 1 1 1 1 1 12 10 1 1 1 1 1 12 10 1 1 1 1 12 10 12 10 1 1 1 1 1 12 10 1 1 1 1 1 1 12 10 1 12 10 1 1 12 10 1 1 12 10 1 7 1 12 10 1 1 1 1 1 1 1 7 1 1 12 10 12 10 1 1 1 1 1 1 12 10 1 12 10 1 12 10 1 100 1 1 1 7 10 1 8 1 1 12 10 1 12 10 12 10 1 12 10 1 1 1 1 1 8 1 8 1 8 1 8 1 8 1 8 1 8 1 8 1 8 12 10 12 10 10 1 8 1 1 12 10 1 1 12 10 1 1 1 1 1 12 10 1 1 8 1 8 12 10 1 1 12 10 1 1 12 10 1 100 10 1 8 1 1 1 12 10 1 1 12 10 1 1 12 10 1 12 10 12 10 1 1 1 1 1 1 1 12 10 1 1 1 1 1 1 100 10 1 1 1 1 1 1 1 1 1 1 1 1 1 1 1 1 1 1 1 1 1
staticfield org/objectweb/asm/Type VOID_TYPE Lorg/objectweb/asm/Type; org/objectweb/asm/Type
staticfield org/objectweb/asm/Type BOOLEAN_TYPE Lorg/objectweb/asm/Type; org/objectweb/asm/Type
staticfield org/objectweb/asm/Type CHAR_TYPE Lorg/objectweb/asm/Type; org/objectweb/asm/Type
staticfield org/objectweb/asm/Type BYTE_TYPE Lorg/objectweb/asm/Type; org/objectweb/asm/Type
staticfield org/objectweb/asm/Type SHORT_TYPE Lorg/objectweb/asm/Type; org/objectweb/asm/Type
staticfield org/objectweb/asm/Type INT_TYPE Lorg/objectweb/asm/Type; org/objectweb/asm/Type
staticfield org/objectweb/asm/Type FLOAT_TYPE Lorg/objectweb/asm/Type; org/objectweb/asm/Type
staticfield org/objectweb/asm/Type LONG_TYPE Lorg/objectweb/asm/Type; org/objectweb/asm/Type
staticfield org/objectweb/asm/Type DOUBLE_TYPE Lorg/objectweb/asm/Type; org/objectweb/asm/Type
ciInstanceKlass org/objectweb/asm/TypePath 1 1 115 1 7 1 7 1 1 1 3 1 3 1 3 1 3 1 1 1 1 1 1 12 10 12 9 12 9 1 1 1 1 1 1 1 1 1 1 1 100 1 12 10 1 7 1 12 10 1 1 12 10 1 1 12 10 1 1 12 10 1 100 10 1 12 9 12 9 12 10 1 1 1 1 1 1 1 1 1 1 1 12 10 1 100 10 12 10 1 1 12 10 12 10 1 12 10 1 100 10 12 10 1 1 1 1 1 1 1 12 10 1 1 1 1 1
ciInstanceKlass org/objectweb/asm/Handle 1 1 93 1 7 1 7 1 1 100 1 100 1 1 1 1 1 1 1 1 1 1 1 1 1 12 10 1 1 1 12 10 12 9 12 9 12 9 12 9 12 9 1 1 1 1 1 1 1 1 1 1 7 12 10 1 1 1 1 12 10 1 1 8 1 8 1 1 1 100 10 1 1 12 10 1 8 1 8 1 12 10 1 8 12 10 12 10 1 1 1 1 1 1 1
ciInstanceKlass org/objectweb/asm/ConstantDynamic 0 0 112 1 100 1 100 1 1 100 1 100 1 1 1 1 1 1 1 1 1 1 1 12 10 12 9 12 9 12 9 12 9 1 1 1 1 1 1 1 1 1 1 1 1 1 1 1 1 1 100 1 1 12 10 1 1 1 1 12 10 1 100 10 1 100 1 12 10 1 1 1 1 12 10 1 100 1 1 12 10 10 1 12 10 1 1 12 10 1 1 1 100 10 1 1 12 10 1 8 1 8 1 12 10 12 10 12 10 1 1 1 1 1
ciMethodData java/lang/Object <init> ()V 2 19708126 orig 80 1 0 0 0 0 0 0 0 0 0 0 0 0 0 0 0 0 0 0 0 0 0 0 0 0 0 0 0 0 0 0 0 0 0 0 0 0 0 0 0 0 0 0 0 0 0 0 0 0 0 0 0 0 0 0 0 0 0 0 0 0 0 0 0 0 0 0 0 0 0 0 0 0 0 0 0 0 0 0 0 data 4 0x0 0x9 0x1 0x0 oops 0 methods 0
ciMethod java/util/BitSet <init> ()V 1024 0 291445 0 -1
ciMethod org/objectweb/asm/MethodVisitor visitAttribute (Lorg/objectweb/asm/Attribute;)V 0 0 1 0 -1
ciMethod org/objectweb/asm/MethodVisitor visitFrame (II[Ljava/lang/Object;I[Ljava/lang/Object;)V 538 0 46 0 -1
ciMethod org/objectweb/asm/MethodVisitor visitInsn (I)V 768 0 1824 0 -1
ciMethod org/objectweb/asm/MethodVisitor visitIntInsn (II)V 542 0 32 0 -1
ciMethod org/objectweb/asm/MethodVisitor visitVarInsn (II)V 598 0 3302 0 -1
ciMethod org/objectweb/asm/MethodVisitor visitTypeInsn (ILjava/lang/String;)V 512 0 190 0 -1
ciMethod org/objectweb/asm/MethodVisitor visitFieldInsn (ILjava/lang/String;Ljava/lang/String;Ljava/lang/String;)V 616 0 103 0 -1
ciMethod org/objectweb/asm/MethodVisitor visitMethodInsn (ILjava/lang/String;Ljava/lang/String;Ljava/lang/String;Z)V 0 0 1204 0 -1
ciMethod org/objectweb/asm/MethodVisitor visitInvokeDynamicInsn (Ljava/lang/String;Ljava/lang/String;Lorg/objectweb/asm/Handle;[Ljava/lang/Object;)V 50 0 1 0 -1
ciMethod org/objectweb/asm/MethodVisitor visitJumpInsn (ILorg/objectweb/asm/Label;)V 794 0 964 0 -1
ciMethod org/objectweb/asm/MethodVisitor visitLabel (Lorg/objectweb/asm/Label;)V 830 0 722 0 -1
ciMethod org/objectweb/asm/MethodVisitor visitLdcInsn (Ljava/lang/Object;)V 530 0 1743 0 -1
ciMethod org/objectweb/asm/MethodVisitor visitIincInsn (II)V 34 0 2 0 -1
ciMethod org/objectweb/asm/MethodVisitor visitTableSwitchInsn (IILorg/objectweb/asm/Label;[Lorg/objectweb/asm/Label;)V 18 0 1 0 -1
ciMethod org/objectweb/asm/MethodVisitor visitLookupSwitchInsn (Lorg/objectweb/asm/Label;[I[Lorg/objectweb/asm/Label;)V 408 0 46 0 -1
ciMethod org/objectweb/asm/MethodVisitor visitMultiANewArrayInsn (Ljava/lang/String;I)V 0 0 1 0 -1
ciMethod org/objectweb/asm/MethodVisitor visitInsnAnnotation (ILorg/objectweb/asm/TypePath;Ljava/lang/String;Z)Lorg/objectweb/asm/AnnotationVisitor; 0 0 1 0 -1
ciMethod org/objectweb/asm/MethodVisitor visitTryCatchBlock (Lorg/objectweb/asm/Label;Lorg/objectweb/asm/Label;Lorg/objectweb/asm/Label;Ljava/lang/String;)V 524 0 10 0 -1
ciMethod org/objectweb/asm/MethodVisitor visitLocalVariable (Ljava/lang/String;Ljava/lang/String;Ljava/lang/String;Lorg/objectweb/asm/Label;Lorg/objectweb/asm/Label;I)V 0 0 1 0 -1
ciMethod org/objectweb/asm/MethodVisitor visitLocalVariableAnnotation (ILorg/objectweb/asm/TypePath;[Lorg/objectweb/asm/Label;[Lorg/objectweb/asm/Label;[ILjava/lang/String;Z)Lorg/objectweb/asm/AnnotationVisitor; 0 0 1 0 -1
ciMethod org/objectweb/asm/MethodVisitor visitLineNumber (ILorg/objectweb/asm/Label;)V 514 0 30 0 -1
ciMethod org/objectweb/asm/MethodVisitor visitMaxs (II)V 548 0 65 0 -1
ciMethod org/objectweb/asm/tree/MethodNode visitFrame (II[Ljava/lang/Object;I[Ljava/lang/Object;)V 818 0 130709 0 5896
ciMethod org/objectweb/asm/tree/MethodNode visitInsn (I)V 666 0 451043 0 1480
ciMethod org/objectweb/asm/tree/MethodNode visitIntInsn (II)V 264 0 41811 0 1512
ciMethod org/objectweb/asm/tree/MethodNode visitVarInsn (II)V 1024 0 8512 0 1512
ciMethod org/objectweb/asm/tree/MethodNode visitTypeInsn (ILjava/lang/String;)V 660 0 87621 0 1512
ciMethod org/objectweb/asm/tree/MethodNode visitFieldInsn (ILjava/lang/String;Ljava/lang/String;Ljava/lang/String;)V 516 0 153852 0 1544
ciMethod org/objectweb/asm/tree/MethodNode visitMethodInsn (ILjava/lang/String;Ljava/lang/String;Ljava/lang/String;Z)V 862 0 12996 0 1600
ciMethod org/objectweb/asm/tree/MethodNode visitInvokeDynamicInsn (Ljava/lang/String;Ljava/lang/String;Lorg/objectweb/asm/Handle;[Ljava/lang/Object;)V 0 0 6753 0 0
ciMethod org/objectweb/asm/tree/MethodNode visitJumpInsn (ILorg/objectweb/asm/Label;)V 1024 0 125343 0 2376
ciMethod org/objectweb/asm/tree/MethodNode visitLabel (Lorg/objectweb/asm/Label;)V 544 0 276552 0 1920
ciMethod org/objectweb/asm/tree/MethodNode visitLdcInsn (Ljava/lang/Object;)V 174 0 127966 0 1480
ciMethod org/objectweb/asm/tree/MethodNode visitIincInsn (II)V 86 0 8343 0 1512
ciMethod org/objectweb/asm/tree/MethodNode visitTableSwitchInsn (IILorg/objectweb/asm/Label;[Lorg/objectweb/asm/Label;)V 2744 0 1605 0 0
ciMethod org/objectweb/asm/tree/MethodNode visitLookupSwitchInsn (Lorg/objectweb/asm/Label;[I[Lorg/objectweb/asm/Label;)V 4110 0 12394 0 7448
ciMethod org/objectweb/asm/tree/MethodNode visitMultiANewArrayInsn (Ljava/lang/String;I)V 0 0 1 0 0
ciMethod org/objectweb/asm/tree/MethodNode visitLocalVariable (Ljava/lang/String;Ljava/lang/String;Ljava/lang/String;Lorg/objectweb/asm/Label;Lorg/objectweb/asm/Label;I)V 868 0 30810 0 4104
ciMethod org/objectweb/asm/tree/MethodNode visitLineNumber (ILorg/objectweb/asm/Label;)V 940 0 9955 0 2408
ciMethod org/objectweb/asm/tree/MethodNode visitMaxs (II)V 888 0 116240 0 88
ciMethod org/objectweb/asm/tree/MethodNode getLabelNode (Lorg/objectweb/asm/Label;)Lorg/objectweb/asm/tree/LabelNode; 550 0 611092 0 552
ciMethod org/objectweb/asm/tree/MethodNode getLabelNodes ([Lorg/objectweb/asm/Label;)[Lorg/objectweb/asm/tree/LabelNode; 4126 29168 12490 0 -1
ciMethod org/objectweb/asm/tree/MethodNode getLabelNodes ([Ljava/lang/Object;)[Ljava/lang/Object; 840 2888 8100 0 -1
ciMethod org/objectweb/asm/commons/JSRInlinerAdapter visitJumpInsn (ILorg/objectweb/asm/Label;)V 1024 0 47428 0 2536
ciMethod org/objectweb/asm/ClassReader readTypeAnnotations (Lorg/objectweb/asm/MethodVisitor;Lorg/objectweb/asm/Context;IZ)[I 0 0 1 0 -1
ciMethod org/objectweb/asm/ClassReader getTypeAnnotationBytecodeOffset ([II)I 824 0 105462 0 112
ciMethod org/objectweb/asm/ClassReader readCode (Lorg/objectweb/asm/MethodVisitor;Lorg/objectweb/asm/Context;I)V 342 12890 52761 0 -1
ciMethod org/objectweb/asm/ClassReader readBytecodeInstructionOffset (I)V 1024 0 971121 0 80
ciMethod org/objectweb/asm/ClassReader readLabel (I[Lorg/objectweb/asm/Label;)Lorg/objectweb/asm/Label; 586 0 335300 0 0
ciMethod org/objectweb/asm/ClassReader createLabel (I[Lorg/objectweb/asm/Label;)Lorg/objectweb/asm/Label; 788 0 137369 0 0
ciMethod org/objectweb/asm/ClassReader createDebugLabel (I[Lorg/objectweb/asm/Label;)V 792 0 404146 0 -1
ciMethod org/objectweb/asm/ClassReader readTypeAnnotationTarget (Lorg/objectweb/asm/Context;I)I 8 0 233 0 -1
ciMethod org/objectweb/asm/ClassReader readElementValues (Lorg/objectweb/asm/AnnotationVisitor;IZ[C)I 2624 432 5812 0 -1
ciMethod org/objectweb/asm/ClassReader computeImplicitFrame (Lorg/objectweb/asm/Context;)V 0 0 1 0 -1
ciMethod org/objectweb/asm/ClassReader readStackMapFrame (IZZLorg/objectweb/asm/Context;)I 338 244 36643 0 -1
ciMethod org/objectweb/asm/ClassReader readVerificationTypeInfo (I[Ljava/lang/Object;I[C[Lorg/objectweb/asm/Label;)I 1024 0 51744 0 -1
ciMethod org/objectweb/asm/ClassReader readAttribute ([Lorg/objectweb/asm/Attribute;Ljava/lang/String;II[CI[Lorg/objectweb/asm/Label;)Lorg/objectweb/asm/Attribute; 0 0 1 0 -1
ciMethod org/objectweb/asm/ClassReader readByte (I)I 104 0 9623 0 -1
ciMethod org/objectweb/asm/ClassReader readUnsignedShort (I)I 512 0 1564 0 192
ciMethod org/objectweb/asm/ClassReader readShort (I)S 620 0 1589 0 192
ciMethod org/objectweb/asm/ClassReader readInt (I)I 846 0 1509 0 224
ciMethod org/objectweb/asm/ClassReader readLong (I)J 50 0 1913 0 -1
ciMethod org/objectweb/asm/ClassReader readUTF8 (I[C)Ljava/lang/String; 602 0 1495677 0 848
ciMethod org/objectweb/asm/ClassReader readUtf (I[C)Ljava/lang/String; 598 0 8755 0 704
ciMethod org/objectweb/asm/ClassReader readUtf (II[C)Ljava/lang/String; 14100 380544 10198 0 2232
ciMethod org/objectweb/asm/ClassReader readStringish (I[C)Ljava/lang/String; 580 0 398065 0 0
ciMethod org/objectweb/asm/ClassReader readClass (I[C)Ljava/lang/String; 580 0 398055 0 1008
ciMethod org/objectweb/asm/ClassReader readConstantDynamic (I[C)Lorg/objectweb/asm/ConstantDynamic; 0 0 1 0 -1
ciMethod org/objectweb/asm/ClassReader readConst (I[C)Ljava/lang/Object; 92 0 35960 0 3632
ciMethod org/objectweb/asm/tree/Util add (Ljava/util/List;Ljava/lang/Object;)Ljava/util/List; 802 0 68281 0 -1
ciMethod org/objectweb/asm/tree/AbstractInsnNode <init> (I)V 520 0 1624243 0 88
ciMethod org/objectweb/asm/tree/LineNumberNode <init> (ILorg/objectweb/asm/tree/LabelNode;)V 974 0 9955 0 0
ciMethod org/objectweb/asm/tree/MultiANewArrayInsnNode <init> (Ljava/lang/String;I)V 2 0 1 0 -1
ciMethod org/objectweb/asm/tree/LookupSwitchInsnNode <init> (Lorg/objectweb/asm/tree/LabelNode;[I[Lorg/objectweb/asm/tree/LabelNode;)V 542 0 10351 0 -1
ciMethod org/objectweb/asm/tree/TableSwitchInsnNode <init> (IILorg/objectweb/asm/tree/LabelNode;[Lorg/objectweb/asm/tree/LabelNode;)V 520 0 260 0 -1
ciMethod org/objectweb/asm/tree/IincInsnNode <init> (II)V 514 0 8343 0 -1
ciMethod org/objectweb/asm/tree/LabelNode <init> ()V 214 0 456143 0 96
ciMethod org/objectweb/asm/tree/JumpInsnNode <init> (ILorg/objectweb/asm/tree/LabelNode;)V 1024 0 125343 0 0
ciMethod org/objectweb/asm/tree/InvokeDynamicInsnNode <init> (Ljava/lang/String;Ljava/lang/String;Lorg/objectweb/asm/Handle;[Ljava/lang/Object;)V 612 0 6753 0 -1
ciMethod org/objectweb/asm/tree/LdcInsnNode <init> (Ljava/lang/Object;)V 174 0 127966 0 -1
ciMethod org/objectweb/asm/tree/IntInsnNode <init> (II)V 1024 0 41811 0 0
ciMethod org/objectweb/asm/tree/TypeInsnNode <init> (ILjava/lang/String;)V 1024 0 87621 0 0
ciMethod org/objectweb/asm/tree/MethodInsnNode <init> (ILjava/lang/String;Ljava/lang/String;Ljava/lang/String;Z)V 916 0 12996 0 -1
ciMethod org/objectweb/asm/tree/VarInsnNode <init> (II)V 1024 0 8512 0 -1
ciMethod org/objectweb/asm/tree/InsnNode <init> (I)V 678 0 451044 0 0
ciMethod org/objectweb/asm/tree/FieldInsnNode <init> (ILjava/lang/String;Ljava/lang/String;Ljava/lang/String;)V 516 0 153852 0 -1
ciMethod org/objectweb/asm/tree/FrameNode <init> (II[Ljava/lang/Object;I[Ljava/lang/Object;)V 824 0 130709 0 -1
ciMethod org/objectweb/asm/tree/InsnList getLast ()Lorg/objectweb/asm/tree/AbstractInsnNode; 328 0 164 0 -1
ciMethod org/objectweb/asm/tree/InsnList add (Lorg/objectweb/asm/tree/AbstractInsnNode;)V 626 0 11466 0 1392
ciMethod org/objectweb/asm/Label <init> ()V 534 0 489424 0 80
ciMethod org/objectweb/asm/Label addLineNumber (I)V 770 0 132012 0 -1
ciMethod org/objectweb/asm/Label accept (Lorg/objectweb/asm/MethodVisitor;Z)V 520 0 148430 0 0
ciMethod org/objectweb/asm/tree/LocalVariableNode <init> (Ljava/lang/String;Ljava/lang/String;Ljava/lang/String;Lorg/objectweb/asm/tree/LabelNode;Lorg/objectweb/asm/tree/LabelNode;I)V 920 0 30810 0 -1
ciMethodData org/objectweb/asm/ClassReader readUnsignedShort (I)I 2 1308 orig 80 0 0 0 0 0 0 0 0 0 0 0 0 42 2 0 0 0 0 0 0 0 0 0 0 0 0 0 0 0 0 0 0 0 0 0 0 0 0 0 0 0 0 0 0 0 0 0 0 0 0 0 0 0 0 0 0 0 0 0 0 0 0 0 0 0 0 0 0 0 0 0 0 0 0 0 0 0 0 0 0 data 8 0x0 0x0 0x0 0x0 0x9 0x2 0x0 0x0 oops 0 methods 0
ciMethodData org/objectweb/asm/tree/AbstractInsnNode <init> (I)V 2 1623983 orig 80 0 0 0 0 0 0 0 0 0 0 0 0 42 2 0 0 0 0 0 0 0 0 0 0 0 0 0 0 0 0 0 0 0 0 0 0 0 0 0 0 0 0 0 0 0 0 0 0 0 0 0 0 0 0 0 0 0 0 0 0 0 0 0 0 0 0 0 0 0 0 0 0 0 0 0 0 0 0 0 0 data 10 0x10002 0x18c7af 0x0 0x0 0x0 0x0 0x9 0x2 0x6 0x0 oops 0 methods 0
ciMethodData org/objectweb/asm/tree/InsnList add (Lorg/objectweb/asm/tree/AbstractInsnNode;)V 2 11153 orig 80 0 0 0 0 0 0 0 0 0 0 0 0 42 2 0 0 0 0 0 0 0 0 0 0 0 0 0 0 0 0 0 0 0 0 0 0 0 0 0 0 0 0 0 0 0 0 0 0 0 0 0 0 0 0 0 0 0 0 0 0 0 0 0 0 0 0 0 0 0 0 0 0 0 0 0 0 0 0 0 0 data 17 0xe0007 0x2a1c 0x38 0x175 0x1b0003 0x175 0x18 0x0 0x0 0x0 0x0 0x0 0x0 0x9 0x2 0xe 0x1c oops 0 methods 0
ciMethodData org/objectweb/asm/tree/MethodNode getLabelNode (Lorg/objectweb/asm/Label;)Lorg/objectweb/asm/tree/LabelNode; 2 610817 orig 80 0 0 0 0 0 0 0 0 0 0 0 0 42 2 0 0 0 0 0 0 0 0 0 0 0 0 0 0 0 0 0 0 0 0 0 0 0 0 0 0 0 0 0 0 0 0 0 0 0 0 0 0 0 0 0 0 0 0 0 0 0 0 0 0 0 0 0 0 0 0 0 0 0 0 0 0 0 0 0 0 data 30 0x40104 0x0 0x0 0x22a86ae25e0 0x3b613 0x0 0x0 0x70007 0x3b613 0x30 0x59bee 0xf0002 0x59bee 0x190004 0x0 0x0 0x22a86ae25e0 0x95201 0x0 0x0 0x0 0x0 0x0 0x0 0x0 0x0 0x9 0x2 0x0 0x18 oops 2 3 org/objectweb/asm/tree/LabelNode 16 org/objectweb/asm/tree/LabelNode methods 0
ciMethodData org/objectweb/asm/tree/LabelNode <init> ()V 2 456036 orig 80 0 0 0 0 0 0 0 0 0 0 0 0 42 2 0 0 0 0 0 0 0 0 0 0 0 0 0 0 0 0 0 0 0 0 0 0 0 0 0 0 0 0 0 0 0 0 0 0 0 0 0 0 0 0 0 0 0 0 0 0 0 0 0 0 0 0 0 0 0 0 0 0 0 0 0 0 0 0 0 0 data 7 0x20002 0x6f564 0x0 0x0 0x9 0x1 0x0 oops 0 methods 0
ciMethodData org/objectweb/asm/ClassReader readUtf (II[C)Ljava/lang/String; 2 3148 orig 80 1 0 0 0 0 0 0 0 0 0 0 0 42 2 0 0 0 0 0 0 0 0 0 0 0 0 0 0 0 0 0 0 0 0 0 0 0 0 0 1 0 0 0 0 0 0 0 0 0 0 0 0 0 0 0 0 0 0 0 0 0 0 0 0 0 0 0 0 0 0 0 0 0 0 0 0 0 0 0 0 data 33 0x160007 0xc52 0xa8 0x1638d 0x8000000600290007 0x4e 0x38 0x16340 0x390003 0x16340 0x50 0x450007 0x21 0x38 0x2d 0x640003 0x2d 0x18 0x920003 0x16393 0xffffffffffffff70 0x9d0002 0xc52 0x0 0x0 0x0 0x0 0x9 0x4 0x0 0x0 0x0 0x0 oops 0 methods 0
ciMethodData org/objectweb/asm/ClassReader readUTF8 (I[C)Ljava/lang/String; 2 1495376 orig 80 0 0 0 0 0 0 0 0 0 0 0 0 42 2 0 0 0 0 0 0 0 0 0 0 0 0 0 0 0 0 0 0 0 0 0 0 0 0 0 0 0 0 0 0 0 0 0 0 0 0 0 0 0 0 0 0 0 0 0 0 0 0 0 0 0 0 0 0 0 0 0 0 0 0 0 0 0 0 0 0 data 33 0x20005 0x0 0x0 0x22a827252a0 0x16d150 0x0 0x0 0x70007 0xe24 0x40 0x16c32c 0xb0007 0x16bdc8 0x20 0x564 0x130005 0x16bdc8 0x0 0x0 0x0 0x0 0x0 0x0 0x0 0x0 0x0 0x0 0x0 0x9 0x3 0x0 0x0 0x0 oops 1 3 org/objectweb/asm/ClassReader methods 0
ciMethodData org/objectweb/asm/ClassReader readUtf (I[C)Ljava/lang/String; 2 8456 orig 80 0 0 0 0 0 0 0 0 0 0 0 0 42 2 0 0 0 0 0 0 0 0 0 0 0 0 0 0 0 0 0 0 0 0 0 0 0 0 0 0 0 0 0 0 0 0 0 0 0 0 0 0 0 0 0 0 0 0 0 0 0 0 0 0 0 0 0 0 0 0 0 0 0 0 0 0 0 0 0 0 data 36 0x80007 0x73e 0x20 0x19ca 0x220005 0x0 0x0 0x22a827252a0 0x73e 0x0 0x0 0x260005 0x73e 0x0 0x0 0x0 0x0 0x0 0x2a0004 0x0 0x0 0x22ab87041b8 0x73e 0x0 0x0 0x0 0x0 0x0 0x0 0x0 0x0 0x9 0x3 0x0 0x0 0x0 oops 2 7 org/objectweb/asm/ClassReader 21 java/lang/String methods 0
ciMethod org/objectweb/asm/Type getObjectType (Ljava/lang/String;)Lorg/objectweb/asm/Type; 40 0 3604 0 -1
ciMethod org/objectweb/asm/Type getMethodType (Ljava/lang/String;)Lorg/objectweb/asm/Type; 36 0 1947 0 -1
ciMethodData org/objectweb/asm/ClassReader readBytecodeInstructionOffset (I)V 2 970609 orig 80 0 0 0 0 0 0 0 0 0 0 0 0 0 0 0 0 0 0 0 0 0 0 0 0 0 0 0 0 0 0 0 0 0 0 0 0 0 0 0 0 0 0 0 0 0 0 0 0 0 0 0 0 0 0 0 0 0 0 0 0 0 0 0 0 0 0 0 0 0 0 0 0 0 0 0 0 0 0 0 0 data 5 0x0 0x9 0x2 0x0 0x0 oops 0 methods 0
ciMethodData org/objectweb/asm/Label <init> ()V 2 489165 orig 80 0 0 0 0 0 0 0 0 0 0 0 0 42 2 0 0 0 0 0 0 0 0 0 0 0 0 0 0 0 0 0 0 0 0 0 0 0 0 0 0 0 0 0 0 0 0 0 0 0 0 0 0 0 0 0 0 0 0 0 0 0 0 0 0 0 0 0 0 0 0 0 0 0 0 0 0 0 0 0 0 data 7 0x10002 0x776cd 0x0 0x0 0x9 0x1 0x0 oops 0 methods 0
ciMethodData org/objectweb/asm/tree/MethodNode visitLabel (Lorg/objectweb/asm/Label;)V 2 276280 orig 80 0 0 0 0 0 0 0 0 0 0 0 0 42 2 0 0 0 0 0 0 0 0 0 0 0 0 0 0 0 0 0 0 0 0 0 0 0 0 0 0 0 0 0 0 0 0 0 0 0 0 0 0 0 0 0 0 0 0 0 0 0 0 0 0 0 0 0 0 0 0 0 0 0 0 0 0 0 0 0 0 data 24 0x60005 0x0 0x0 0x22a8272ab10 0x304ba 0x22a8272abc0 0x1327e 0x90005 0x0 0x0 0x22a86ae2338 0x43738 0x0 0x0 0x0 0x0 0x0 0x0 0x0 0x0 0x9 0x2 0x0 0x0 oops 3 3 org/objectweb/asm/tree/MethodNode 5 org/objectweb/asm/commons/JSRInlinerAdapter 10 org/objectweb/asm/tree/InsnList methods 0
ciMethodData org/objectweb/asm/ClassReader readInt (I)I 2 1086 orig 80 0 0 0 0 0 0 0 0 0 0 0 0 42 2 0 0 0 0 0 0 0 0 0 0 0 0 0 0 0 0 0 0 0 0 0 0 0 0 0 0 0 0 0 0 0 0 0 0 0 0 0 0 0 0 0 0 0 0 0 0 0 0 0 0 0 0 0 0 0 0 0 0 0 0 0 0 0 0 0 0 data 8 0x0 0x0 0x0 0x0 0x9 0x2 0x0 0x0 oops 0 methods 0
ciMethodData org/objectweb/asm/ClassReader readLabel (I[Lorg/objectweb/asm/Label;)Lorg/objectweb/asm/Label; 2 335007 orig 80 0 0 0 0 0 0 0 0 0 0 0 0 42 2 0 0 0 0 0 0 0 0 0 0 0 0 0 0 0 0 0 0 0 0 0 0 0 0 0 0 0 0 0 0 0 0 0 0 0 0 0 0 0 0 0 0 0 0 0 0 0 0 0 0 0 0 0 0 0 0 0 0 0 0 0 0 0 0 0 0 data 24 0x30007 0xedfb 0x68 0x42ea4 0xc0002 0x42ea4 0xf0004 0x0 0x0 0x22a8272ac70 0x42ea4 0x0 0x0 0x0 0x0 0x0 0x0 0x0 0x0 0x9 0x3 0x0 0x0 0xffffffffffffffff oops 1 9 org/objectweb/asm/Label methods 0
ciMethodData org/objectweb/asm/ClassReader readClass (I[C)Ljava/lang/String; 2 397765 orig 80 0 0 0 0 0 0 0 0 0 0 0 0 42 2 0 0 0 0 0 0 0 0 0 0 0 0 0 0 0 0 0 0 0 0 0 0 0 0 0 0 0 0 0 0 0 0 0 0 0 0 0 0 0 0 0 0 0 0 0 0 0 0 0 0 0 0 0 0 0 0 0 0 0 0 0 0 0 0 0 0 data 18 0x30005 0x611c5 0x0 0x0 0x0 0x0 0x0 0x0 0x0 0x0 0x0 0x0 0x0 0x9 0x3 0xffffffffffffffff 0x0 0xffffffffffffffff oops 0 methods 0
ciMethodData org/objectweb/asm/ClassReader readStringish (I[C)Ljava/lang/String; 2 397775 orig 80 0 0 0 0 0 0 0 0 0 0 0 0 42 2 0 0 0 0 0 0 0 0 0 0 0 0 0 0 0 0 0 0 0 0 0 0 0 0 0 0 0 0 0 0 0 0 0 0 0 0 0 0 0 0 0 0 0 0 0 0 0 0 0 0 0 0 0 0 0 0 0 0 0 0 0 0 0 0 0 0 data 25 0x70005 0x0 0x0 0x22a827252a0 0x611cf 0x0 0x0 0xc0005 0x0 0x0 0x22a827252a0 0x611cf 0x0 0x0 0x0 0x0 0x0 0x0 0x0 0x0 0x9 0x3 0x0 0x0 0x0 oops 2 3 org/objectweb/asm/ClassReader 10 org/objectweb/asm/ClassReader methods 0
ciMethodData org/objectweb/asm/tree/MethodNode visitInsn (I)V 2 450710 orig 80 0 0 0 0 0 0 0 0 0 0 0 0 42 2 0 0 0 0 0 0 0 0 0 0 0 0 0 0 0 0 0 0 0 0 0 0 0 0 0 0 0 0 0 0 0 0 0 0 0 0 0 0 0 0 0 0 0 0 0 0 0 0 0 0 0 0 0 0 0 0 0 0 0 0 0 0 0 0 0 0 data 19 0x90002 0x6e096 0xc0005 0x0 0x0 0x22a86ae2338 0x6e096 0x0 0x0 0x0 0x0 0x0 0x0 0x0 0x0 0x9 0x2 0x0 0x0 oops 1 5 org/objectweb/asm/tree/InsnList methods 0
ciMethodData org/objectweb/asm/tree/InsnNode <init> (I)V 2 450705 orig 80 0 0 0 0 0 0 0 0 0 0 0 0 42 2 0 0 0 0 0 0 0 0 0 0 0 0 0 0 0 0 0 0 0 0 0 0 0 0 0 0 0 0 0 0 0 0 0 0 0 0 0 0 0 0 0 0 0 0 0 0 0 0 0 0 0 0 0 0 0 0 0 0 0 0 0 0 0 0 0 0 data 8 0x20002 0x6e091 0x0 0x0 0x9 0x2 0x0 0x0 oops 0 methods 0
ciMethodData org/objectweb/asm/tree/MethodNode visitVarInsn (II)V 2 8000 orig 80 0 0 0 0 0 0 0 0 0 0 0 0 0 0 0 0 0 0 0 0 0 0 0 0 0 0 0 0 0 0 0 0 0 0 0 0 0 0 0 0 0 0 0 0 0 0 0 0 0 0 0 0 0 0 0 0 0 0 0 0 0 0 0 0 0 0 0 0 0 0 0 0 0 0 0 0 0 0 0 0 data 20 0xa0002 0x1f41 0xd0005 0x0 0x0 0x22a86ae2338 0x1f41 0x0 0x0 0x0 0x0 0x0 0x0 0x0 0x0 0x9 0x3 0x0 0x0 0x0 oops 1 5 org/objectweb/asm/tree/InsnList methods 0
ciMethodData org/objectweb/asm/tree/MethodNode visitLineNumber (ILorg/objectweb/asm/Label;)V 2 9485 orig 80 0 0 0 0 0 0 0 0 0 0 0 0 42 2 0 0 0 0 0 0 0 0 0 0 0 0 0 0 0 0 0 0 0 0 0 0 0 0 0 0 0 0 0 0 0 0 0 0 0 0 0 0 0 0 0 0 0 0 0 0 0 0 0 0 0 0 0 0 0 0 0 0 0 0 0 0 0 0 0 0 data 27 0xb0005 0x0 0x0 0x22a8272abc0 0xac5 0x22a8272ab10 0x1a48 0xe0002 0x250d 0x110005 0x0 0x0 0x22a86ae2338 0x250d 0x0 0x0 0x0 0x0 0x0 0x0 0x0 0x0 0x9 0x3 0x0 0x0 0x0 oops 3 3 org/objectweb/asm/commons/JSRInlinerAdapter 5 org/objectweb/asm/tree/MethodNode 12 org/objectweb/asm/tree/InsnList methods 0
ciMethodData org/objectweb/asm/tree/LineNumberNode <init> (ILorg/objectweb/asm/tree/LabelNode;)V 2 9468 orig 80 0 0 0 0 0 0 0 0 0 0 0 0 42 2 0 0 0 0 0 0 0 0 0 0 0 0 0 0 0 0 0 0 0 0 0 0 0 0 0 0 0 0 0 0 0 0 0 0 0 0 0 0 0 0 0 0 0 0 0 0 0 0 0 0 0 0 0 0 0 0 0 0 0 0 0 0 0 0 0 0 data 11 0x20002 0x24fb 0x0 0x0 0x0 0x0 0x9 0x3 0x0 0x0 0x0 oops 0 methods 0
ciMethodData org/objectweb/asm/Label accept (Lorg/objectweb/asm/MethodVisitor;Z)V 2 148186 orig 80 1 0 0 0 0 0 0 0 0 0 0 0 42 2 0 0 0 0 0 0 0 0 0 0 0 0 0 0 0 0 0 0 0 0 0 0 0 0 0 1 0 0 0 0 0 0 0 0 0 0 0 0 0 0 0 0 0 0 0 0 0 0 0 0 0 0 0 0 0 0 0 0 0 0 0 0 0 0 0 0 data 51 0x20005 0x0 0x0 0x22a8272ab10 0x23b23 0x22a8272abc0 0x7b7 0x8000000600060007 0x7b8 0x108 0x23b23 0x110007 0x3974 0xe8 0x201af 0x1d0005 0x0 0x0 0x22a8272ab10 0x201af 0x0 0x0 0x240007 0x201af 0x90 0x0 0x300007 0x0 0x70 0x0 0x3b0005 0x0 0x0 0x0 0x0 0x0 0x0 0x410003 0x0 0xffffffffffffffa8 0x0 0x0 0x0 0x0 0x0 0x0 0x9 0x3 0x0 0x0 0x0 oops 3 3 org/objectweb/asm/tree/MethodNode 5 org/objectweb/asm/commons/JSRInlinerAdapter 18 org/objectweb/asm/tree/MethodNode methods 0
ciMethodData org/objectweb/asm/tree/MethodNode visitMethodInsn (ILjava/lang/String;Ljava/lang/String;Ljava/lang/String;Z)V 2 12565 orig 80 0 0 0 0 0 0 0 0 0 0 0 0 42 2 0 0 0 0 0 0 0 0 0 0 0 0 0 0 0 0 0 0 0 0 0 0 0 0 0 0 0 0 0 0 0 0 0 0 0 0 0 0 0 0 0 0 0 0 0 0 0 0 0 0 0 0 0 0 0 0 0 0 0 0 0 0 0 0 0 0 data 33 0x60007 0x3115 0x50 0x0 0xe0007 0x0 0x30 0x0 0x190002 0x0 0x340002 0x3115 0x370005 0x0 0x0 0x22a86ae2338 0x3115 0x0 0x0 0x0 0x0 0x0 0x0 0x0 0x0 0x9 0x6 0xffffffffffffffff 0x0 0xffffffffffffffff 0xffffffffffffffff 0xffffffffffffffff 0x0 oops 1 15 org/objectweb/asm/tree/InsnList methods 0
ciMethodData org/objectweb/asm/tree/MethodNode visitFieldInsn (ILjava/lang/String;Ljava/lang/String;Ljava/lang/String;)V 2 153594 orig 80 0 0 0 0 0 0 0 0 0 0 0 0 42 2 0 0 0 0 0 0 0 0 0 0 0 0 0 0 0 0 0 0 0 0 0 0 0 0 0 0 0 0 0 0 0 0 0 0 0 0 0 0 0 0 0 0 0 0 0 0 0 0 0 0 0 0 0 0 0 0 0 0 0 0 0 0 0 0 0 0 data 22 0xd0002 0x257fa 0x100005 0x0 0x0 0x22a86ae2338 0x257fa 0x0 0x0 0x0 0x0 0x0 0x0 0x0 0x0 0x9 0x5 0x0 0x0 0x0 0x0 0x0 oops 1 5 org/objectweb/asm/tree/InsnList methods 0
ciMethodData org/objectweb/asm/tree/MethodNode visitLocalVariable (Ljava/lang/String;Ljava/lang/String;Ljava/lang/String;Lorg/objectweb/asm/Label;Lorg/objectweb/asm/Label;I)V 2 30376 orig 80 0 0 0 0 0 0 0 0 0 0 0 0 42 2 0 0 0 0 0 0 0 0 0 0 0 0 0 0 0 0 0 0 0 0 0 0 0 0 0 0 0 0 0 0 0 0 0 0 0 0 0 0 0 0 0 0 0 0 0 0 0 0 0 0 0 0 0 0 0 0 0 0 0 0 0 0 0 0 0 0 data 33 0xa0005 0x0 0x0 0x22a8272ab10 0x4f0d 0x22a8272abc0 0x279b 0x100005 0x0 0x0 0x22a8272ab10 0x4f0d 0x22a8272abc0 0x279b 0x150002 0x76a8 0x210002 0x76a8 0x0 0x0 0x0 0x0 0x0 0x0 0x9 0x7 0x0 0x0 0x0 0x0 0x0 0x0 0x0 oops 4 3 org/objectweb/asm/tree/MethodNode 5 org/objectweb/asm/commons/JSRInlinerAdapter 10 org/objectweb/asm/tree/MethodNode 12 org/objectweb/asm/commons/JSRInlinerAdapter methods 0
ciMethodData org/objectweb/asm/tree/LocalVariableNode <init> (Ljava/lang/String;Ljava/lang/String;Ljava/lang/String;Lorg/objectweb/asm/tree/LabelNode;Lorg/objectweb/asm/tree/LabelNode;I)V 2 30350 orig 80 0 0 0 0 0 0 0 0 0 0 0 0 42 2 0 0 0 0 0 0 0 0 0 0 0 0 0 0 0 0 0 0 0 0 0 0 0 0 0 0 0 0 0 0 0 0 0 0 0 0 0 0 0 0 0 0 0 0 0 0 0 0 0 0 0 0 0 0 0 0 0 0 0 0 0 0 0 0 0 0 data 15 0x10002 0x768e 0x0 0x0 0x0 0x0 0x9 0x7 0x1e 0x0 0x0 0x0 0x0 0x0 0x0 oops 0 methods 0
ciMethodData org/objectweb/asm/ClassReader readShort (I)S 2 1279 orig 80 0 0 0 0 0 0 0 0 0 0 0 0 42 2 0 0 0 0 0 0 0 0 0 0 0 0 0 0 0 0 0 0 0 0 0 0 0 0 0 0 0 0 0 0 0 0 0 0 0 0 0 0 0 0 0 0 0 0 0 0 0 0 0 0 0 0 0 0 0 0 0 0 0 0 0 0 0 0 0 0 data 8 0x0 0x0 0x0 0x0 0x9 0x2 0x0 0x0 oops 0 methods 0
ciMethodData org/objectweb/asm/tree/MethodNode visitMaxs (II)V 2 115796 orig 80 0 0 0 0 0 0 0 0 0 0 0 0 42 2 0 0 0 0 0 0 0 0 0 0 0 0 0 0 0 0 0 0 0 0 0 0 0 0 0 0 0 0 0 0 0 0 0 0 0 0 0 0 0 0 0 0 0 0 0 0 0 0 0 0 0 0 0 0 0 0 0 0 0 0 0 0 0 0 0 0 data 9 0x0 0x0 0x0 0x0 0x9 0x3 0x30 0x0 0x0 oops 0 methods 0
ciMethodData org/objectweb/asm/tree/MethodNode visitFrame (II[Ljava/lang/Object;I[Ljava/lang/Object;)V 2 130300 orig 80 0 0 0 0 0 0 0 0 0 0 0 0 42 2 0 0 0 0 0 0 0 0 0 0 0 0 0 0 0 0 0 0 0 0 0 0 0 0 0 0 0 0 0 0 0 0 0 0 0 0 0 0 0 0 0 0 0 0 0 0 0 0 0 0 0 0 0 0 0 0 0 0 0 0 0 0 0 0 0 0 data 51 0xb0007 0x10e46 0x38 0xeeb6 0xf0003 0xeeb6 0x50 0x140005 0x10e46 0x0 0x0 0x0 0x0 0x0 0x1b0007 0x1054a 0x38 0xf7b2 0x1f0003 0xf7b2 0x50 0x250005 0x1054a 0x0 0x0 0x0 0x0 0x0 0x280002 0x1fcfc 0x2b0005 0x0 0x0 0x22a86ae2338 0x1fcfc 0x0 0x0 0x0 0x0 0x0 0x0 0x0 0x0 0x9 0x6 0x0 0x0 0x0 0x0 0x0 0x0 oops 1 33 org/objectweb/asm/tree/InsnList methods 0
ciMethodData org/objectweb/asm/tree/MethodNode getLabelNodes ([Ljava/lang/Object;)[Ljava/lang/Object; 2 7680 orig 80 0 0 0 0 0 0 0 0 0 0 0 0 42 2 0 0 0 0 0 0 0 0 0 0 0 0 0 0 0 0 0 0 0 0 0 0 0 0 0 0 0 0 0 0 0 0 0 0 0 0 0 0 0 0 0 0 0 0 0 0 0 0 0 0 0 0 0 0 0 0 0 0 0 0 0 0 0 0 0 0 data 49 0xf0007 0x1e00 0x138 0x58e5 0x190104 0xffffffffffffd5d5 0x0 0x22ab8708558 0x196 0x22ab87041b8 0x52f 0x1c0007 0x58d7 0x90 0xe 0x220004 0x0 0x0 0x22a8272ac70 0xe 0x0 0x0 0x250005 0x0 0x0 0x22a8272ab10 0xa 0x22a8272abc0 0x4 0x2e0104 0x0 0x0 0x22ab8708558 0xa49 0x22ab87041b8 0x1fe2 0x320003 0x58e5 0xfffffffffffffee0 0x0 0x0 0x0 0x0 0x0 0x0 0x9 0x2 0x0 0x0 oops 7 7 java/lang/Integer 9 java/lang/String 18 org/objectweb/asm/Label 25 org/objectweb/asm/tree/MethodNode 27 org/objectweb/asm/commons/JSRInlinerAdapter 32 java/lang/Integer 34 java/lang/String methods 0
ciMethodData org/objectweb/asm/tree/MethodNode visitJumpInsn (ILorg/objectweb/asm/Label;)V 2 124831 orig 80 0 0 0 0 0 0 0 0 0 0 0 0 0 0 0 0 0 0 0 0 0 0 0 0 0 0 0 0 0 0 0 0 0 0 0 0 0 0 0 0 0 0 0 0 0 0 0 0 0 0 0 0 0 0 0 0 0 0 0 0 0 0 0 0 0 0 0 0 0 0 0 0 0 0 0 0 0 0 0 0 data 27 0xb0005 0x0 0x0 0x22a8272ab10 0x14511 0x22a8272abc0 0xa28f 0xe0002 0x1e7a0 0x110005 0x0 0x0 0x22a86ae2338 0x1e7a0 0x0 0x0 0x0 0x0 0x0 0x0 0x0 0x0 0x9 0x3 0x0 0x0 0x0 oops 3 3 org/objectweb/asm/tree/MethodNode 5 org/objectweb/asm/commons/JSRInlinerAdapter 12 org/objectweb/asm/tree/InsnList methods 0
ciMethodData org/objectweb/asm/tree/JumpInsnNode <init> (ILorg/objectweb/asm/tree/LabelNode;)V 2 124831 orig 80 0 0 0 0 0 0 0 0 0 0 0 0 0 0 0 0 0 0 0 0 0 0 0 0 0 0 0 0 0 0 0 0 0 0 0 0 0 0 0 0 0 0 0 0 0 0 0 0 0 0 0 0 0 0 0 0 0 0 0 0 0 0 0 0 0 0 0 0 0 0 0 0 0 0 0 0 0 0 0 0 data 11 0x20002 0x1e7a0 0x0 0x0 0x0 0x0 0x9 0x3 0x0 0x0 0x0 oops 0 methods 0
ciMethodData org/objectweb/asm/ClassReader createLabel (I[Lorg/objectweb/asm/Label;)Lorg/objectweb/asm/Label; 2 136983 orig 80 0 0 0 0 0 0 0 0 0 0 0 0 42 2 0 0 0 0 0 0 0 0 0 0 0 0 0 0 0 0 0 0 0 0 0 0 0 0 0 0 0 0 0 0 0 0 0 0 0 0 0 0 0 0 0 0 0 0 0 0 0 0 0 0 0 0 0 0 0 0 0 0 0 0 0 0 0 0 0 0 data 18 0x30005 0x0 0x0 0x22a827252a0 0x21717 0x0 0x0 0x0 0x0 0x0 0x0 0x0 0x0 0x9 0x3 0x0 0x0 0x0 oops 1 3 org/objectweb/asm/ClassReader methods 0
ciMethodData org/objectweb/asm/ClassReader getTypeAnnotationBytecodeOffset ([II)I 2 105050 orig 80 0 0 0 0 0 0 0 0 0 0 0 0 42 2 0 0 0 0 0 0 0 0 0 0 0 0 0 0 0 0 0 0 0 0 0 0 0 0 0 0 0 0 0 0 0 0 0 0 0 0 0 0 0 0 0 0 0 0 0 0 0 0 0 0 0 0 0 0 0 0 0 0 0 0 0 0 0 0 0 0 data 37 0x10007 0x19a5a 0x98 0x0 0x70007 0x0 0x78 0x0 0xe0005 0x0 0x0 0x0 0x0 0x0 0x0 0x130007 0x0 0x20 0x0 0x1e0005 0x0 0x0 0x0 0x0 0x0 0x0 0x0 0x0 0x0 0x0 0x0 0x0 0x9 0x3 0x0 0x0 0x0 oops 0 methods 0
ciMethodData org/objectweb/asm/ClassReader readStackMapFrame (IZZLorg/objectweb/asm/Context;)I 2 36712 orig 80 1 0 0 0 0 0 0 0 0 0 0 0 42 2 0 0 0 0 0 0 0 0 0 0 0 0 0 0 0 0 0 0 0 0 0 0 0 0 0 0 0 0 0 0 0 0 0 0 0 0 0 0 0 0 0 0 0 0 0 0 0 0 0 0 0 0 0 0 0 0 0 0 0 0 0 0 0 0 0 0 data 175 0x120007 0x0 0x38 0x8f68 0x250003 0x8f68 0x18 0x3d0007 0x4c0d 0x38 0x435b 0x500003 0x435b 0x438 0x580007 0x3637 0x70 0x15d6 0x6f0005 0x15d6 0x0 0x0 0x0 0x0 0x0 0x800003 0x15d6 0x3c8 0x880007 0x0 0x3a0 0x3637 0x8e0005 0x0 0x0 0x22a827252a0 0x3637 0x0 0x0 0x9b0007 0x35da 0x70 0x5d 0xab0005 0x5d 0x0 0x0 0x0 0x0 0x0 0xbc0003 0x5d 0x300 0xc40007 0x0 0x58 0x35da 0xcc0007 0x2a03 0x38 0xbd7 0xf50003 0xbd7 0x2a8 0xfd0007 0x28b1 0x38 0x152 0x10c0003 0x152 0x270 0x1140007 0xfc5 0xe0 0x18ec 0x1180007 0x18ec 0x38 0x0 0x1200003 0x0 0x18 0x1300007 0x18ec 0x70 0x21a2 0x1440005 0x21a2 0x0 0x0 0x0 0x0 0x0 0x14c0003 0x21a2 0xffffffffffffffa8 0x1750003 0x18ec 0x190 0x17b0005 0x0 0x0 0x22a827252a0 0xfc5 0x0 0x0 0x19e0007 0xfc6 0x70 0x5eaf 0x1af0005 0x5eaf 0x0 0x0 0x0 0x0 0x0 0x1b70003 0x5eb0 0xffffffffffffffa8 0x1bd0005 0x0 0x0 0x22a827252a0 0xfc6 0x0 0x0 0x1d30007 0xfc6 0x70 0x112c 0x1e40005 0x112c 0x0 0x0 0x0 0x0 0x0 0x1ec0003 0x112c 0xffffffffffffffa8 0x1ef0003 0xfc6 0x28 0x1f60002 0x0 0x2100005 0x8f69 0x0 0x0 0x0 0x0 0x0 0x0 0x0 0x0 0x0 0x0 0x0 0x0 0x0 0x0 0x0 0x0 0x0 0x0 0x0 0x0 0x9 0x5 0x0 0x0 0x0 0x0 0x0 oops 3 35 org/objectweb/asm/ClassReader 102 org/objectweb/asm/ClassReader 123 org/objectweb/asm/ClassReader methods 0
ciMethodData org/objectweb/asm/tree/MethodNode visitIntInsn (II)V 2 41679 orig 80 0 0 0 0 0 0 0 0 0 0 0 0 42 2 0 0 0 0 0 0 0 0 0 0 0 0 0 0 0 0 0 0 0 0 0 0 0 0 0 0 0 0 0 0 0 0 0 0 0 0 0 0 0 0 0 0 0 0 0 0 0 0 0 0 0 0 0 0 0 0 0 0 0 0 0 0 0 0 0 0 data 20 0xa0002 0xa2cf 0xd0005 0x0 0x0 0x22a86ae2338 0xa2cf 0x0 0x0 0x0 0x0 0x0 0x0 0x0 0x0 0x9 0x3 0x0 0x0 0x0 oops 1 5 org/objectweb/asm/tree/InsnList methods 0
ciMethodData org/objectweb/asm/ClassReader readConst (I[C)Ljava/lang/Object; 2 35914 orig 80 0 0 0 0 0 0 0 0 0 0 0 0 42 2 0 0 0 0 0 0 0 0 0 0 0 0 0 0 0 0 0 0 0 0 0 0 0 0 0 0 0 0 0 0 0 0 0 0 0 0 0 0 0 0 0 0 0 0 0 0 0 0 0 0 0 0 0 0 0 0 0 0 0 0 0 0 0 0 0 0 data 176 0xf0008 0x20 0x0 0x4e8 0xb99 0x110 0x41 0x158 0x5c3 0x1b0 0x1b4 0x1f8 0x7bc 0x250 0x5e1f 0x298 0x0 0x4e8 0x0 0x4e8 0x0 0x4e8 0x0 0x4e8 0x0 0x4e8 0x0 0x4e8 0xc1a 0x318 0x704 0x2d0 0x0 0x4b0 0x5a0005 0x0 0x0 0x22a827252a0 0xb99 0x0 0x0 0x5d0002 0xb99 0x630005 0x0 0x0 0x22a827252a0 0x41 0x0 0x0 0x660002 0x41 0x690002 0x41 0x6f0005 0x0 0x0 0x22a827252a0 0x5c3 0x0 0x0 0x720002 0x5c3 0x780005 0x0 0x0 0x22a827252a0 0x1b4 0x0 0x0 0x7b0002 0x1b4 0x7e0002 0x1b4 0x850005 0x0 0x0 0x22a827252a0 0x7bc 0x0 0x0 0x880002 0x7bc 0x8f0005 0x0 0x0 0x22a827252a0 0x5e1f 0x0 0x0 0x960005 0x0 0x0 0x22a827252a0 0x704 0x0 0x0 0x990002 0x704 0x9f0005 0x0 0x0 0x22a827252a0 0xc1a 0x0 0x0 0xac0005 0x0 0x0 0x22a827252a0 0xc1a 0x0 0x0 0xbb0005 0x0 0x0 0x22a827252a0 0xc1a 0x0 0x0 0xc50005 0x0 0x0 0x22a827252a0 0xc1a 0x0 0x0 0xce0005 0x0 0x0 0x22a827252a0 0xc1a 0x0 0x0 0xd90005 0x0 0x0 0x22a827252a0 0xc1a 0x0 0x0 0xe90007 0xbd2 0x38 0x48 0xed0003 0x48 0x18 0x1010002 0xc1a 0x1080005 0x0 0x0 0x0 0x0 0x0 0x0 0x1100002 0x0 0x0 0x0 0x0 0x0 0x0 0x0 0x0 0x0 0x0 0x0 0x0 0x0 0x9 0x3 0x0 0x0 0x0 oops 13 37 org/objectweb/asm/ClassReader 46 org/objectweb/asm/ClassReader 57 org/objectweb/asm/ClassReader 66 org/objectweb/asm/ClassReader 77 org/objectweb/asm/ClassReader 86 org/objectweb/asm/ClassReader 93 org/objectweb/asm/ClassReader 102 org/objectweb/asm/ClassReader 109 org/objectweb/asm/ClassReader 116 org/objectweb/asm/ClassReader 123 org/objectweb/asm/ClassReader 130 org/objectweb/asm/ClassReader 137 org/objectweb/asm/ClassReader methods 0
ciMethodData org/objectweb/asm/tree/MethodNode visitLdcInsn (Ljava/lang/Object;)V 2 127879 orig 80 0 0 0 0 0 0 0 0 0 0 0 0 42 2 0 0 0 0 0 0 0 0 0 0 0 0 0 0 0 0 0 0 0 0 0 0 0 0 0 0 0 0 0 0 0 0 0 0 0 0 0 0 0 0 0 0 0 0 0 0 0 0 0 0 0 0 0 0 0 0 0 0 0 0 0 0 0 0 0 0 data 19 0x90002 0x1f387 0xc0005 0x0 0x0 0x22a86ae2338 0x1f387 0x0 0x0 0x0 0x0 0x0 0x0 0x0 0x0 0x9 0x2 0x0 0x0 oops 1 5 org/objectweb/asm/tree/InsnList methods 0
ciMethodData org/objectweb/asm/tree/MethodNode visitIincInsn (II)V 2 8300 orig 80 0 0 0 0 0 0 0 0 0 0 0 0 42 2 0 0 0 0 0 0 0 0 0 0 0 0 0 0 0 0 0 0 0 0 0 0 0 0 0 0 0 0 0 0 0 0 0 0 0 0 0 0 0 0 0 0 0 0 0 0 0 0 0 0 0 0 0 0 0 0 0 0 0 0 0 0 0 0 0 0 data 20 0xa0002 0x206c 0xd0005 0x0 0x0 0x22a86ae2338 0x206c 0x0 0x0 0x0 0x0 0x0 0x0 0x0 0x0 0x9 0x3 0x0 0x0 0x0 oops 1 5 org/objectweb/asm/tree/InsnList methods 0
ciMethodData org/objectweb/asm/ClassReader readCode (Lorg/objectweb/asm/MethodVisitor;Lorg/objectweb/asm/Context;I)V 2 52590 orig 80 6 0 0 0 1 0 0 0 0 0 0 0 42 2 0 0 0 0 0 0 0 0 0 0 0 0 0 0 0 0 0 0 0 0 0 0 0 0 0 2 0 0 0 0 0 0 0 0 0 0 0 0 0 0 0 0 0 0 0 0 0 0 0 0 0 0 0 0 0 0 0 0 0 0 0 0 0 0 0 0 data 2691 0x120005 0x0 0x0 0x22a827252a0 0xcd6e 0x0 0x0 0x1c0005 0x0 0x0 0x22a827252a0 0xcd6e 0x0 0x0 0x260005 0x0 0x0 0x22a827252a0 0xcd6e 0x0 0x0 0x380007 0xcd6e 0x30 0x0 0x3f0002 0x0 0x600007 0xcd6d 0x1440 0xeeef9 0x770008 0x1bc 0x0 0x13f8 0x0 0xdf0 0x1530 0xdf0 0x54d 0xdf0 0x41a0 0xdf0 0x36d0 0xdf0 0xea9 0xdf0 0x655 0xdf0 0x698 0xdf0 0x3fd 0xdf0 0x2cf 0xdf0 0x210 0xdf0 0x1b 0xdf0 0x27b 0xdf0 0x7 0xdf0 0xea 0xdf0 0x34 0xdf0 0x37d1 0x1398 0xfe1 0x13b0 0x5eec 0x1398 0x14c4 0x13b0 0x6bc 0x13b0 0x3fc6 0x1398 0x57d 0x1398 0x16 0x1398 0x23a 0x1398 0x9255 0x1398 0x45e 0xdf0 0x2d65 0xdf0 0x17ea 0xdf0 0x15e3 0xdf0 0x12c 0xdf0 0x47c 0xdf0 0x19a 0xdf0 0x211 0xdf0 0x2c 0xdf0 0x22 0xdf0 0x32 0xdf0 0xd 0xdf0 0x75 0xdf0 0x101 0xdf0 0xae 0xdf0 0x66 0xdf0 0x1d89f 0xdf0 0xb156 0xdf0 0x60a4 0xdf0 0x3a57 0xdf0 0x10b 0xdf0 0x3f 0xdf0 0x9 0xdf0 0xd 0xdf0 0x5e6 0xdf0 0x1393 0xdf0 0x41 0xdf0 0x2 0xdf0 0x18f9 0x1398 0x282 0x1398 0xd 0x1398 0x13e 0x1398 0x3ca5 0x1398 0x3c 0xdf0 0xb37 0xdf0 0x5d6 0xdf0 0x91b 0xdf0 0x30 0xdf0 0xbc 0xdf0 0x4e 0xdf0 0xad 0xdf0 0x1 0xdf0 0x1 0xdf0 0x3 0xdf0 0x4 0xdf0 0x3 0xdf0 0x13 0xdf0 0x28 0xdf0 0x24 0xdf0 0x4f9 0xdf0 0xfd9 0xdf0 0x14ad 0xdf0 0x13a3 0xdf0 0x4d7 0xdf0 0x2d 0xdf0 0x3 0xdf0 0x5 0xdf0 0x1d85 0xdf0 0xdd5 0xdf0 0x47 0xdf0 0x0 0xdf0 0x29a1 0xdf0 0x26 0xdf0 0x6653 0xdf0 0x30f 0xdf0 0x2 0xdf0 0x729 0xdf0 0xe1 0xdf0 0x0 0xdf0 0x0 0xdf0 0x116b 0xdf0 0x1bf 0xdf0 0x1 0xdf0 0x59 0xdf0 0x530 0xdf0 0x1bc 0xdf0 0x1 0xdf0 0x2e 0xdf0 0x5cb 0xdf0 0x5d 0xdf0 0xa 0xdf0 0xa4 0xdf0 0x64 0xdf0 0x5b 0xdf0 0x4 0xdf0 0x6a 0xdf0 0x6c8 0xdf0 0x40 0xdf0 0x0 0xdf0 0x3 0xdf0 0x3e 0xdf0 0x14 0xdf0 0x1 0xdf0 0xb 0xdf0 0x462 0xdf0 0xdf 0xdf0 0x399 0xdf0 0x33 0xdf0 0xb8 0xdf0 0xfa 0xdf0 0x1144 0xdf0 0x17a 0xdf0 0xb78 0xdf0 0x14c 0xdf0 0x769 0xdf0 0x6c 0xdf0 0xcfd 0x13b0 0x2d8 0xdf0 0xc 0xdf0 0xb0 0xdf0 0x243 0xdf0 0x8 0xdf0 0x48 0xdf0 0x7 0xdf0 0x3 0xdf0 0xd 0xdf0 0x46 0xdf0 0x12 0xdf0 0xf 0xdf0 0xd53 0xdf0 0x43 0xdf0 0x2d 0xdf0 0x2d5 0xdf0 0xa 0xdf0 0xc 0xdf0 0x7d 0xdf0 0x4d 0xdf0 0x34dc 0xe08 0x1b91 0xe08 0x1fe 0xe08 0x197 0xe08 0xbb 0xe08 0x35d 0xe08 0x565 0xe08 0x5fc 0xe08 0x1da 0xe08 0xc48 0xe08 0x124 0xe08 0x1cc 0xe08 0x21f 0xe08 0x53a 0xe08 0x4bcf 0xe08 0x0 0xe08 0x0 0x1398 0x115 0x10c0 0x151 0x1248 0x2e5d 0xdf0 0x298 0xdf0 0x63 0xdf0 0xf4 0xdf0 0x80b0 0xdf0 0x3dfd 0xdf0 0x4fa7 0x13b0 0xbf7 0x13b0 0xbf56 0x13b0 0x4854 0x13b0 0x15fa8 0x13b0 0x72aa 0x13b0 0x7ea9 0x13b0 0x7f10 0x13c8 0x8e5 0x13c8 0x3cd2 0x13b0 0x23a 0x1398 0xbc9 0x13b0 0x1131 0xdf0 0x2f19 0xdf0 0x32b5 0x13b0 0x6aa 0x13b0 0x232 0xdf0 0x4e2 0xdf0 0x0 0xfa0 0x1 0x13e0 0x14da 0xe08 0x13ba 0xe08 0x0 0xf18 0x0 0xf18 0x0 0xe90 0x0 0xe90 0x0 0xe90 0x0 0xe90 0x0 0xe90 0x0 0xe90 0x0 0xe90 0x0 0xe90 0x0 0xe90 0x0 0xe90 0x0 0xe90 0x0 0xe90 0x0 0xe90 0x0 0xe90 0x0 0xe90 0x0 0xe90 0x0 0xe90 0x0 0xe90 0x0 0xf18 0x3fb0003 0x7396f 0x618 0x4060005 0x0 0x0 0x22a827252a0 0xf049 0x0 0x0 0x40c0005 0xf049 0x0 0x0 0x0 0x0 0x0 0x4130003 0xf049 0x590 0x41e0005 0x0 0x0 0x0 0x0 0x0 0x0 0x4240005 0x0 0x0 0x0 0x0 0x0 0x0 0x42b0003 0x0 0x508 0x4360005 0x0 0x0 0x0 0x0 0x0 0x0 0x43c0005 0x0 0x0 0x0 0x0 0x0 0x0 0x4430003 0x0 0x480 0x4510008 0x1a 0x0 0x110 0x0 0xe0 0x0 0xe0 0x0 0xe0 0x0 0xe0 0x0 0xe0 0x0 0xe0 0x0 0xe0 0x0 0xe0 0x0 0xe0 0x0 0xe0 0x0 0xf8 0x0 0xe0 0x4bf0003 0x0 0x388 0x4c50003 0x0 0x370 0x4cc0002 0x0 0x4e10005 0x0 0x0 0x22a827252a0 0x115 0x0 0x0 0x4e70005 0x115 0x0 0x0 0x0 0x0 0x0 0x4f10005 0x0 0x0 0x22a827252a0 0x115 0x0 0x0 0x4f90005 0x0 0x0 0x22a827252a0 0x115 0x0 0x0 0x5090007 0x115 0x268 0xcd3 0x5120005 0x0 0x0 0x22a827252a0 0xcd3 0x0 0x0 0x5180005 0xcd3 0x0 0x0 0x0 0x0 0x0 0x51f0003 0xcd3 0xffffffffffffff70 0x5330005 0x0 0x0 0x22a827252a0 0x151 0x0 0x0 0x5390005 0x151 0x0 0x0 0x0 0x0 0x0 0x5420005 0x0 0x0 0x22a827252a0 0x151 0x0 0x0 0x54f0007 0x151 0x118 0x551 0x55a0005 0x0 0x0 0x22a827252a0 0x551 0x0 0x0 0x5600005 0x551 0x0 0x0 0x0 0x0 0x0 0x5670003 0x551 0xffffffffffffff70 0x56d0003 0x1cc4a 0x70 0x5730003 0x46e9b 0x58 0x5790003 0x87f5 0x40 0x57f0003 0x1 0x28 0x5860002 0x0 0x58a0003 0xeeef9 0xffffffffffffebd8 0x5900005 0x0 0x0 0x22a827252a0 0xcd6d 0x0 0x0 0x59d0007 0xcd6d 0x230 0x2a87 0x5a40005 0x0 0x0 0x22a827252a0 0x2a87 0x0 0x0 0x5a90005 0x2a87 0x0 0x0 0x0 0x0 0x0 0x5b40005 0x0 0x0 0x22a827252a0 0x2a87 0x0 0x0 0x5b90005 0x2a87 0x0 0x0 0x0 0x0 0x0 0x5c40005 0x0 0x0 0x22a827252a0 0x2a87 0x0 0x0 0x5c90005 0x2a87 0x0 0x0 0x0 0x0 0x0 0x5d90005 0x0 0x0 0x22a827252a0 0x2a87 0x0 0x0 0x5df0005 0x0 0x0 0x22a827252a0 0x2a87 0x0 0x0 0x5f00005 0x0 0x0 0x22a8272ab10 0x2a87 0x0 0x0 0x5f30003 0x2a87 0xfffffffffffffde8 0x6110005 0x0 0x0 0x22a827252a0 0xcd6d 0x0 0x0 0x61e0007 0xcd6f 0x780 0x1cc16 0x6260005 0x0 0x0 0x22a827252a0 0x1cc16 0x0 0x0 0x6300005 0x0 0x0 0x22a827252a0 0x1cc16 0x0 0x0 0x63d0005 0x1cc16 0x0 0x0 0x0 0x0 0x0 0x6400007 0x11e08 0x1a8 0xae0e 0x6490007 0x758 0x680 0xa6b6 0x6570005 0x0 0x0 0x22a827252a0 0xa6b6 0x0 0x0 0x6640007 0xa6b6 0x118 0x17cf6 0x66a0005 0x0 0x0 0x22a827252a0 0x17cf6 0x0 0x0 0x6740005 0x17cf6 0x0 0x0 0x0 0x0 0x0 0x67c0005 0x0 0x0 0x22a827252a0 0x17cf6 0x0 0x0 0x6890005 0x17cf6 0x0 0x0 0x0 0x0 0x0 0x68f0003 0x17cf6 0xffffffffffffff00 0x6920003 0xa6b6 0x510 0x69a0005 0x11e08 0x0 0x0 0x0 0x0 0x0 0x69d0007 0x10d73 0x38 0x1095 0x6a40003 0x1095 0x4a0 0x6ac0005 0x10d73 0x0 0x0 0x0 0x0 0x0 0x6af0007 0x44e6 0x1a8 0xc88d 0x8000000606b80007 0x758 0x430 0xc137 0x6c20005 0x0 0x0 0x22a827252a0 0xc137 0x0 0x0 0x6cf0007 0xc137 0x118 0x32cad 0x6d50005 0x0 0x0 0x22a827252a0 0x32cad 0x0 0x0 0x6df0005 0x0 0x0 0x22a827252a0 0x32cad 0x0 0x0 0x6ec0005 0x32cad 0x0 0x0 0x0 0x0 0x0 0x6f60005 0x32cad 0x0 0x0 0x0 0x0 0x0 0x6f90003 0x32cad 0xffffffffffffff00 0x6fc0003 0xc137 0x2c0 0x7040005 0x44e6 0x0 0x0 0x0 0x0 0x0 0x7070007 0x44e6 0x70 0x0 0x7100005 0x0 0x0 0x0 0x0 0x0 0x0 0x7150003 0x0 0x218 0x71d0005 0x44e6 0x0 0x0 0x0 0x0 0x0 0x7200007 0x44e6 0x70 0x0 0x7290005 0x0 0x0 0x0 0x0 0x0 0x0 0x72e0003 0x0 0x170 0x7360005 0x44e6 0x0 0x0 0x0 0x0 0x0 0x7390007 0x0 0x58 0x44e6 0x7420007 0x89b 0x100 0x3c4b 0x7520003 0x3c4b 0xe0 0x75a0005 0x0 0x0 0x0 0x0 0x0 0x0 0x75d0007 0x0 0x58 0x0 0x7660007 0x0 0x70 0x0 0x7790003 0x0 0x50 0x78c0005 0x0 0x0 0x0 0x0 0x0 0x0 0x7a30003 0x1cc18 0xfffffffffffff898 0x7ad0007 0xcd6f 0x38 0x0 0x7b10003 0x0 0x18 0x7b90007 0x9124 0x1a0 0x3c4b 0x7e90007 0x3c4b 0x58 0x0 0x7ee0005 0x0 0x0 0x0 0x0 0x0 0x0 0x7fb0007 0x3c4b 0x128 0x3ef1a 0x8050007 0x3e5b1 0xf0 0x969 0x80d0005 0x0 0x0 0x22a827252a0 0x969 0x0 0x0 0x8140007 0x0 0x98 0x969 0x81b0007 0x6d8 0x78 0x291 0x82d0007 0x73 0x58 0x21e 0x8350005 0x21e 0x0 0x0 0x0 0x0 0x0 0x83c0003 0x3ef1a 0xfffffffffffffef0 0x8410007 0xcd6f 0x78 0x0 0x84c0007 0x0 0x58 0x0 0x8560005 0x0 0x0 0x0 0x0 0x0 0x0 0x8600005 0xcd6f 0x0 0x0 0x0 0x0 0x0 0x86c0005 0xcd6f 0x0 0x0 0x0 0x0 0x0 0x87c0007 0x0 0x38 0xcd6f 0x8810003 0xcd6f 0x18 0x88f0007 0xcd6e 0x2710 0xeeeb5 0x89c0005 0x0 0x0 0x22a827252a0 0xeeeb5 0x0 0x0 0x8a80007 0xb6348 0x90 0x38b6c 0x8b40007 0x7b8 0x38 0x383b4 0x8b80003 0x383b4 0x18 0x8bc0005 0x38b6c 0x0 0x0 0x0 0x0 0x0 0x8c10007 0x68320 0x1d0 0x9884d 0x8ca0007 0xe06e 0x40 0x8a7df 0x8d20007 0x86b94 0x190 0x3c4b 0x8da0007 0x3c4b 0xe8 0xe06e 0x8df0007 0x0 0x40 0xe06e 0x8e40007 0xe06e 0x70 0x0 0x8f90005 0x0 0x0 0x0 0x0 0x0 0x0 0x8fc0003 0x0 0x50 0x9140005 0x0 0x0 0x22a8272ab10 0xe06e 0x0 0x0 0x91e0007 0x3c4a 0x70 0xe06f 0x9290005 0xe06f 0x0 0x0 0x0 0x0 0x0 0x92e0003 0xe06f 0xfffffffffffffe60 0x9340003 0x3c4a 0xfffffffffffffe48 0x9390007 0xeeeb4 0x78 0x0 0x9430007 0x0 0x58 0x0 0x94e0005 0x0 0x0 0x0 0x0 0x0 0x0 0x9610008 0x1bc 0x0 0x2058 0x0 0xdf0 0x1530 0xdf0 0x54c 0xdf0 0x419c 0xdf0 0x36d1 0xdf0 0xea9 0xdf0 0x655 0xdf0 0x698 0xdf0 0x3fd 0xdf0 0x2cf 0xdf0 0x210 0xdf0 0x1b 0xdf0 0x27b 0xdf0 0x7 0xdf0 0xea 0xdf0 0x34 0xdf0 0x37d1 0x1768 0xfe1 0x17b8 0x5ee2 0x1840 0x14c4 0x18c8 0x6bc 0x18c8 0x3fba 0x1718 0x57d 0x1718 0x16 0x1718 0x23a 0x1718 0x924f 0x1718 0x45e 0xe40 0x2d65 0xe40 0x17e9 0xe40 0x15e3 0xe40 0x12c 0xe40 0x47c 0xe40 0x19a 0xe40 0x211 0xe40 0x2c 0xe40 0x22 0xe40 0x32 0xe40 0xd 0xe40 0x75 0xe40 0x101 0xe40 0xae 0xe40 0x66 0xe40 0x1d89b 0xe40 0xb157 0xe40 0x60a5 0xe40 0x3a57 0xe40 0x10b 0xdf0 0x3f 0xdf0 0x9 0xdf0 0xd 0xdf0 0x5e6 0xdf0 0x1393 0xdf0 0x41 0xdf0 0x2 0xdf0 0x18ec 0x1718 0x282 0x1718 0xd 0x1718 0x13e 0x1718 0x3c9f 0x1718 0x3c 0xe90 0xb37 0xe90 0x5d5 0xe90 0x91b 0xe90 0x30 0xe90 0xbc 0xe90 0x4e 0xe90 0xad 0xe90 0x1 0xe90 0x1 0xe90 0x3 0xe90 0x4 0xe90 0x3 0xe90 0x13 0xe90 0x28 0xe90 0x24 0xe90 0x4f9 0xe90 0xfd9 0xe90 0x14ad 0xe90 0x13a2 0xe90 0x4d7 0xdf0 0x2d 0xdf0 0x3 0xdf0 0x5 0xdf0 0x1d87 0xdf0 0xdd5 0xdf0 0x47 0xdf0 0x0 0xdf0 0x29a1 0xdf0 0x26 0xdf0 0x6653 0xdf0 0x30f 0xdf0 0x2 0xdf0 0x729 0xdf0 0xe1 0xdf0 0x0 0xdf0 0x0 0xdf0 0x116b 0xdf0 0x1bf 0xdf0 0x1 0xdf0 0x59 0xdf0 0x530 0xdf0 0x1bc 0xdf0 0x1 0xdf0 0x2e 0xdf0 0x5cb 0xdf0 0x5d 0xdf0 0xa 0xdf0 0xa4 0xdf0 0x64 0xdf0 0x5b 0xdf0 0x4 0xdf0 0x6a 0xdf0 0x6c8 0xdf0 0x40 0xdf0 0x0 0xdf0 0x3 0xdf0 0x3e 0xdf0 0x14 0xdf0 0x1 0xdf0 0xb 0xdf0 0x462 0xdf0 0xdf 0xdf0 0x399 0xdf0 0x33 0xdf0 0xb8 0xdf0 0xfa 0xdf0 0x1144 0xdf0 0x17a 0xdf0 0xb78 0xdf0 0x14c 0xdf0 0x75f 0xdf0 0x6c 0xdf0 0xcfd 0x1f80 0x2d8 0xdf0 0xc 0xdf0 0xb0 0xdf0 0x243 0xdf0 0x8 0xdf0 0x48 0xdf0 0x7 0xdf0 0x3 0xdf0 0xd 0xdf0 0x46 0xdf0 0x12 0xdf0 0xf 0xdf0 0xd53 0xdf0 0x43 0xdf0 0x2d 0xdf0 0x2d5 0xdf0 0xa 0xdf0 0xc 0xdf0 0x7d 0xdf0 0x4d 0xdf0 0x34dc 0xee0 0x1b91 0xee0 0x1fe 0xee0 0x197 0xee0 0xbb 0xee0 0x35d 0xee0 0x565 0xee0 0x5fc 0xee0 0x1da 0xee0 0xc48 0xee0 0x124 0xee0 0x1cc 0xee0 0x21f 0xee0 0x53a 0xee0 0x4bce 0xee0 0x0 0xee0 0x0 0x1718 0x115 0x13d8 0x151 0x1578 0x2e5d 0xdf0 0x298 0xdf0 0x63 0xdf0 0xf4 0xdf0 0x80b1 0xdf0 0x3dfd 0xdf0 0x4fa7 0x1988 0xbf7 0x1988 0xbf56 0x1988 0x484f 0x1988 0x15faa 0x1988 0x72aa 0x1988 0x7ea7 0x1988 0x7f12 0x1988 0x8e5 0x1bd0 0x3cd1 0x1ef8 0x23a 0x1768 0xbc9 0x1ef8 0x1131 0xdf0 0x2f18 0xdf0 0x32b5 0x1ef8 0x6aa 0x1ef8 0x232 0xdf0 0x4e2 0xdf0 0x0 0x1270 0x1 0x1fd0 0x14da 0xee0 0x13ba 0xee0 0x0 0xf68 0x0 0xf68 0x0 0xff0 0x0 0xff0 0x0 0xff0 0x0 0xff0 0x0 0xff0 0x0 0xff0 0x0 0xff0 0x0 0xff0 0x0 0xff0 0x0 0xff0 0x0 0xff0 0x0 0xff0 0x0 0xff0 0x0 0xff0 0x0 0xff0 0x0 0xff0 0x0 0xff0 0x0 0xff0 0x0 0x11e8 0xce70005 0x0 0x0 0x22a8272ab10 0x2cc69 0x22a8272abc0 0x8238 0xced0003 0x34ea1 0x1240 0xcff0005 0x0 0x0 0x22a8272ab10 0x35a4f 0x22a8272abc0 0x3698 0xd050003 0x390e7 0x11f0 0xd170005 0x0 0x0 0x22a8272ab10 0x5632 0x22a8272abc0 0x3a4 0xd1d0003 0x59d6 0x11a0 0xd2c0005 0x0 0x0 0x22a827252a0 0xf048 0x0 0x0 0xd310005 0x0 0x0 0x22a8272ab10 0xe890 0x22a8272abc0 0x7b8 0xd370003 0xf048 0x1118 0xd490005 0x0 0x0 0x0 0x0 0x0 0x0 0xd4e0005 0x0 0x0 0x0 0x0 0x0 0x0 0xd540003 0x0 0x1090 0xd5c0007 0x0 0x38 0x0 0xd640003 0x0 0x18 0xd770005 0x0 0x0 0x0 0x0 0x0 0x0 0xd830007 0x0 0x40 0x0 0xd8b0007 0x0 0x70 0x0 0xd960005 0x0 0x0 0x0 0x0 0x0 0x0 0xd990003 0x0 0xf8 0xda10007 0x0 0x38 0x0 0xdac0003 0x0 0x18 0xdbc0005 0x0 0x0 0x0 0x0 0x0 0x0 0xdc60005 0x0 0x0 0x0 0x0 0x0 0x0 0xdcf0005 0x0 0x0 0x0 0x0 0x0 0x0 0xdd80003 0x0 0xe98 0xde80005 0x0 0x0 0x0 0x0 0x0 0x0 0xded0005 0x0 0x0 0x0 0x0 0x0 0x0 0xdf60003 0x0 0xe10 0xe0b0007 0x0 0xe0 0x0 0xe140005 0x0 0x0 0x0 0x0 0x0 0x0 0xe1c0005 0x0 0x0 0x0 0x0 0x0 0x0 0xe1f0005 0x0 0x0 0x0 0x0 0x0 0x0 0xe250003 0x0 0xd30 0xe300005 0x0 0x0 0x0 0x0 0x0 0x0 0xe330005 0x0 0x0 0x0 0x0 0x0 0x0 0xe390003 0x0 0xca8 0xe4e0005 0x0 0x0 0x22a827252a0 0x115 0x0 0x0 0xe5a0005 0x0 0x0 0x22a827252a0 0x115 0x0 0x0 0xe650005 0x0 0x0 0x22a827252a0 0x115 0x0 0x0 0xe810007 0x115 0xa8 0xcd3 0xe8f0005 0x0 0x0 0x22a827252a0 0xcd3 0x0 0x0 0xe940004 0x0 0x0 0x22a8272ac70 0xcd3 0x0 0x0 0xe9b0003 0xcd3 0xffffffffffffff70 0xea70005 0x0 0x0 0x22a8272ab10 0x115 0x0 0x0 0xeaa0003 0x115 0xb08 0xebf0005 0x0 0x0 0x22a827252a0 0x151 0x0 0x0 0xecb0005 0x0 0x0 0x22a827252a0 0x151 0x0 0x0 0xee70007 0x151 0xe0 0x551 0xef10005 0x0 0x0 0x22a827252a0 0x551 0x0 0x0 0xf020005 0x0 0x0 0x22a827252a0 0x551 0x0 0x0 0xf070004 0x0 0x0 0x22a8272ac70 0x551 0x0 0x0 0xf0e0003 0x551 0xffffffffffffff38 0xf180005 0x0 0x0 0x22a8272ab10 0x151 0x0 0x0 0xf1b0003 0x151 0x968 0xf2c0005 0x0 0x0 0x22a8272ab10 0x1040e 0x22a8272abc0 0x2f20 0xf320003 0x1332e 0x918 0xf3f0005 0x0 0x0 0x22a8272ab10 0x3033 0x22a8272abc0 0x9d8 0xf450003 0x3a0b 0x8c8 0xf500005 0x0 0x0 0x22a827252a0 0xfe1 0x0 0x0 0xf530005 0x0 0x0 0x22a8272ab10 0xb81 0x22a8272abc0 0x460 0xf590003 0xfe1 0x840 0xf6b0005 0x0 0x0 0x22a827252a0 0x5ee2 0x0 0x0 0xf6e0005 0x0 0x0 0x22a8272ab10 0x5196 0x22a8272abc0 0xd4c 0xf740003 0x5ee2 0x7b8 0xf7e0005 0x0 0x0 0x22a827252a0 0x1b80 0x0 0x0 0xf830005 0x0 0x0 0x22a827252a0 0x1b80 0x0 0x0 0xf860005 0x0 0x0 0x22a8272ab10 0x1b80 0x0 0x0 0xf8c0003 0x1b80 0x6f8 0xf980005 0x0 0x0 0x22a827252a0 0x43350 0x0 0x0 0xfa70005 0x0 0x0 0x22a827252a0 0x43350 0x0 0x0 0xfb20005 0x0 0x0 0x22a827252a0 0x43350 0x0 0x0 0xfbc0005 0x0 0x0 0x22a827252a0 0x43350 0x0 0x0 0xfc80005 0x0 0x0 0x22a827252a0 0x43350 0x0 0x0 0xfd20007 0x2d00d 0x70 0x16343 0xfde0005 0x0 0x0 0x22a8272ab10 0x150eb 0x22a8272abc0 0x1258 0xfe10003 0x16343 0x88 0xfed0007 0x24fed 0x38 0x8020 0xff10003 0x8020 0x18 0x10020005 0x0 0x0 0x22a8272ab10 0x2a711 0x22a8272abc0 0x28fc 0x100a0007 0x3b43e 0x38 0x7f12 0x10100003 0x7f12 0x4c8 0x10160003 0x3b43e 0x4b0 0x10220005 0x0 0x0 0x22a827252a0 0x8e5 0x0 0x0 0x10310005 0x0 0x0 0x22a827252a0 0x8e5 0x0 0x0 0x103c0005 0x0 0x0 0x22a827252a0 0x8e5 0x0 0x0 0x10480005 0x0 0x0 0x22a827252a0 0x8e5 0x0 0x0 0x10540005 0x0 0x0 0x22a827252a0 0x8e5 0x0 0x0 0x105e0005 0x0 0x0 0x22a827252a0 0x8e5 0x0 0x0 0x10630005 0x0 0x0 0x22a827252a0 0x8e5 0x0 0x0 0x10660004 0x0 0x0 0x22a8272ad20 0x8e5 0x0 0x0 0x10700005 0x0 0x0 0x22a827252a0 0x8e5 0x0 0x0 0x10830007 0x8e5 0xe0 0x10ab 0x108e0005 0x0 0x0 0x22a827252a0 0x10ab 0x0 0x0 0x10930005 0x0 0x0 0x22a827252a0 0x10ab 0x0 0x0 0x10960004 0x0 0x0 0x22a8272add0 0x7ba 0x22a8272ad20 0x3e6 0x109d0003 0x10ab 0xffffffffffffff38 0x10a90005 0x0 0x0 0x22a8272ab10 0x8e5 0x0 0x0 0x10af0003 0x8e5 0x188 0x10bc0005 0x0 0x0 0x22a827252a0 0x81f9 0x0 0x0 0x10bf0005 0x0 0x0 0x22a8272ab10 0x7845 0x22a8272abc0 0x9b4 0x10c50003 0x81f9 0x100 0x10db0005 0x0 0x0 0x22a8272ab10 0x921 0x22a8272abc0 0x3dc 0x10e10003 0xcfd 0xb0 0x10ec0005 0x0 0x0 0x22a827252a0 0x1 0x0 0x0 0x10fa0005 0x0 0x0 0x22a8272ab10 0x1 0x0 0x0 0x11000003 0x1 0x28 0x11070002 0x0 0x110d0007 0xeeeb4 0x1b0 0x0 0x11150007 0x0 0x190 0x0 0x111c0007 0x0 0x170 0x0 0x11230007 0x0 0x100 0x0 0x112d0005 0x0 0x0 0x0 0x0 0x0 0x0 0x11370005 0x0 0x0 0x0 0x0 0x0 0x0 0x114c0005 0x0 0x0 0x0 0x0 0x0 0x0 0x11540005 0x0 0x0 0x0 0x0 0x0 0x0 0x11600005 0x0 0x0 0x0 0x0 0x0 0x0 0x11650003 0x0 0xfffffffffffffe68 0x116a0007 0xeeeb4 0x1b0 0x0 0x11720007 0x0 0x190 0x0 0x11790007 0x0 0x170 0x0 0x11800007 0x0 0x100 0x0 0x118a0005 0x0 0x0 0x0 0x0 0x0 0x0 0x11940005 0x0 0x0 0x0 0x0 0x0 0x0 0x11a90005 0x0 0x0 0x0 0x0 0x0 0x0 0x11b10005 0x0 0x0 0x0 0x0 0x0 0x0 0x11bd0005 0x0 0x0 0x0 0x0 0x0 0x0 0x11c20003 0x0 0xfffffffffffffe68 0x11c50003 0xeeeb4 0xffffffffffffd908 0x11cd0007 0x2c26 0x58 0xa148 0x11d60005 0x0 0x0 0x22a8272ab10 0xa148 0x0 0x0 0x11db0007 0x26b8 0x3e8 0xa6b6 0x11e40007 0x0 0x3c8 0xa6b6 0x11ec0007 0x9621 0x100 0x1095 0x11f20005 0x0 0x0 0x22a827252a0 0x1095 0x0 0x0 0x12080007 0x1095 0xa8 0x19de 0x12250005 0x0 0x0 0x22a827252a0 0x19de 0x0 0x0 0x12330005 0x0 0x0 0x22a827252a0 0x19de 0x0 0x0 0x123a0003 0x19de 0xffffffffffffff70 0x12400005 0x0 0x0 0x22a827252a0 0xa6b6 0x0 0x0 0x12500007 0xa6b6 0x270 0x17cf6 0x12560005 0x0 0x0 0x22a827252a0 0x17cf6 0x0 0x0 0x12600005 0x0 0x0 0x22a827252a0 0x17cf6 0x0 0x0 0x126c0005 0x0 0x0 0x22a827252a0 0x17cf6 0x0 0x0 0x12790005 0x0 0x0 0x22a827252a0 0x17cf6 0x0 0x0 0x12840005 0x0 0x0 0x22a827252a0 0x17cf6 0x0 0x0 0x12910007 0x131c3 0xe8 0x4b33 0x129c0007 0x3155 0xc8 0x9456 0x12a60007 0x5fff 0x90 0x3457 0x12b20007 0x1a79 0x70 0x19de 0x12bf0005 0x0 0x0 0x22a827252a0 0x19de 0x0 0x0 0x12c40003 0x19de 0x30 0x12ca0003 0x7a78 0xffffffffffffff50 0x12e30005 0x0 0x0 0x22a8272ab10 0x17cf6 0x0 0x0 0x12e60003 0x17cf6 0xfffffffffffffda8 0x12eb0007 0xcd6e 0x1b0 0x0 0x12fe0007 0x0 0x190 0x0 0x130b0005 0x0 0x0 0x0 0x0 0x0 0x0 0x13140007 0x0 0x40 0x0 0x131b0007 0x0 0x100 0x0 0x13220005 0x0 0x0 0x0 0x0 0x0 0x0 0x132c0005 0x0 0x0 0x0 0x0 0x0 0x0 0x134d0005 0x0 0x0 0x0 0x0 0x0 0x0 0x13550005 0x0 0x0 0x0 0x0 0x0 0x0 0x135c0003 0x0 0xfffffffffffffe88 0x13610007 0xcd6e 0x1b0 0x0 0x13740007 0x0 0x190 0x0 0x13810005 0x0 0x0 0x0 0x0 0x0 0x0 0x138a0007 0x0 0x40 0x0 0x13910007 0x0 0x100 0x0 0x13980005 0x0 0x0 0x0 0x0 0x0 0x0 0x13a20005 0x0 0x0 0x0 0x0 0x0 0x0 0x13c30005 0x0 0x0 0x0 0x0 0x0 0x0 0x13cb0005 0x0 0x0 0x0 0x0 0x0 0x0 0x13d20003 0x0 0xfffffffffffffe88 0x13d70007 0xcd6e 0x70 0x0 0x13ea0005 0x0 0x0 0x0 0x0 0x0 0x0 0x13f10003 0x0 0xffffffffffffffa8 0x13f90005 0x0 0x0 0x22a8272ab10 0xc616 0x22a8272abc0 0x758 0x0 0x0 0x0 0x0 0x0 0x0 0x0 0x0 0x0 0x0 0x0 0x0 0x0 0x0 0x0 0x0 0x0 0x0 0x0 0x0 0x0 0x0 0x0 0x0 0x0 0x0 0x0 0x0 0x0 0x0 0x0 0x0 0x0 0x0 0x0 0x0 0x0 0x0 0x0 0x0 0x0 0x0 0x0 0x0 0x0 0x0 0x0 0x0 0x0 0x0 0x0 0x0 0x0 0x0 0x0 0x0 0x0 0x0 0x0 0x0 0x0 0x0 0x0 0x0 0x0 0x0 0x0 0x0 0x0 0x0 0x0 0x0 0x0 0x0 0x0 0x0 0x9 0x4 0x0 0x0 0x0 0x0 oops 108 3 org/objectweb/asm/ClassReader 10 org/objectweb/asm/ClassReader 17 org/objectweb/asm/ClassReader 483 org/objectweb/asm/ClassReader 570 org/objectweb/asm/ClassReader 584 org/objectweb/asm/ClassReader 591 org/objectweb/asm/ClassReader 602 org/objectweb/asm/ClassReader 619 org/objectweb/asm/ClassReader 633 org/objectweb/asm/ClassReader 644 org/objectweb/asm/ClassReader 678 org/objectweb/asm/ClassReader 689 org/objectweb/asm/ClassReader 703 org/objectweb/asm/ClassReader 717 org/objectweb/asm/ClassReader 731 org/objectweb/asm/ClassReader 738 org/objectweb/asm/ClassReader 745 org/objectweb/asm/tree/MethodNode 755 org/objectweb/asm/ClassReader 766 org/objectweb/asm/ClassReader 773 org/objectweb/asm/ClassReader 795 org/objectweb/asm/ClassReader 806 org/objectweb/asm/ClassReader 820 org/objectweb/asm/ClassReader 869 org/objectweb/asm/ClassReader 880 org/objectweb/asm/ClassReader 887 org/objectweb/asm/ClassReader 1032 org/objectweb/asm/ClassReader 1101 org/objectweb/asm/ClassReader 1160 org/objectweb/asm/tree/MethodNode 1645 org/objectweb/asm/tree/MethodNode 1647 org/objectweb/asm/commons/JSRInlinerAdapter 1655 org/objectweb/asm/tree/MethodNode 1657 org/objectweb/asm/commons/JSRInlinerAdapter 1665 org/objectweb/asm/tree/MethodNode 1667 org/objectweb/asm/commons/JSRInlinerAdapter 1675 org/objectweb/asm/ClassReader 1682 org/objectweb/asm/tree/MethodNode 1684 org/objectweb/asm/commons/JSRInlinerAdapter 1834 org/objectweb/asm/ClassReader 1841 org/objectweb/asm/ClassReader 1848 org/objectweb/asm/ClassReader 1859 org/objectweb/asm/ClassReader 1866 org/objectweb/asm/Label 1876 org/objectweb/asm/tree/MethodNode 1886 org/objectweb/asm/ClassReader 1893 org/objectweb/asm/ClassReader 1904 org/objectweb/asm/ClassReader 1911 org/objectweb/asm/ClassReader 1918 org/objectweb/asm/Label 1928 org/objectweb/asm/tree/MethodNode 1938 org/objectweb/asm/tree/MethodNode 1940 org/objectweb/asm/commons/JSRInlinerAdapter 1948 org/objectweb/asm/tree/MethodNode 1950 org/objectweb/asm/commons/JSRInlinerAdapter 1958 org/objectweb/asm/ClassReader 1965 org/objectweb/asm/tree/MethodNode 1967 org/objectweb/asm/commons/JSRInlinerAdapter 1975 org/objectweb/asm/ClassReader 1982 org/objectweb/asm/tree/MethodNode 1984 org/objectweb/asm/commons/JSRInlinerAdapter 1992 org/objectweb/asm/ClassReader 1999 org/objectweb/asm/ClassReader 2006 org/objectweb/asm/tree/MethodNode 2016 org/objectweb/asm/ClassReader 2023 org/objectweb/asm/ClassReader 2030 org/objectweb/asm/ClassReader 2037 org/objectweb/asm/ClassReader 2044 org/objectweb/asm/ClassReader 2055 org/objectweb/asm/tree/MethodNode 2057 org/objectweb/asm/commons/JSRInlinerAdapter 2072 org/objectweb/asm/tree/MethodNode 2074 org/objectweb/asm/commons/JSRInlinerAdapter 2089 org/objectweb/asm/ClassReader 2096 org/objectweb/asm/ClassReader 2103 org/objectweb/asm/ClassReader 2110 org/objectweb/asm/ClassReader 2117 org/objectweb/asm/ClassReader 2124 org/objectweb/asm/ClassReader 2131 org/objectweb/asm/ClassReader 2138 org/objectweb/asm/Handle 2145 org/objectweb/asm/ClassReader 2156 org/objectweb/asm/ClassReader 2163 org/objectweb/asm/ClassReader 2170 org/objectweb/asm/Type 2172 org/objectweb/asm/Handle 2180 org/objectweb/asm/tree/MethodNode 2190 org/objectweb/asm/ClassReader 2197 org/objectweb/asm/tree/MethodNode 2199 org/objectweb/asm/commons/JSRInlinerAdapter 2207 org/objectweb/asm/tree/MethodNode 2209 org/objectweb/asm/commons/JSRInlinerAdapter 2217 org/objectweb/asm/ClassReader 2224 org/objectweb/asm/tree/MethodNode 2351 org/objectweb/asm/tree/MethodNode 2370 org/objectweb/asm/ClassReader 2381 org/objectweb/asm/ClassReader 2388 org/objectweb/asm/ClassReader 2398 org/objectweb/asm/ClassReader 2409 org/objectweb/asm/ClassReader 2416 org/objectweb/asm/ClassReader 2423 org/objectweb/asm/ClassReader 2430 org/objectweb/asm/ClassReader 2437 org/objectweb/asm/ClassReader 2460 org/objectweb/asm/ClassReader 2473 org/objectweb/asm/tree/MethodNode 2605 org/objectweb/asm/tree/MethodNode 2607 org/objectweb/asm/commons/JSRInlinerAdapter methods 0
ciMethodData org/objectweb/asm/tree/MethodNode visitTableSwitchInsn (IILorg/objectweb/asm/Label;[Lorg/objectweb/asm/Label;)V 1 260 orig 80 0 0 0 0 0 0 0 0 0 0 0 0 42 2 0 0 0 0 0 0 0 0 0 0 0 0 0 0 0 0 0 0 0 0 0 0 0 0 0 0 0 0 0 0 0 0 0 0 0 0 0 0 0 0 0 0 0 0 0 0 0 0 0 0 0 0 0 0 0 0 0 0 0 0 0 0 0 0 0 0 data 36 0xc0005 0x0 0x0 0x22a8272ab10 0xad 0x22a8272abc0 0x57 0x120005 0x104 0x0 0x0 0x0 0x0 0x0 0x150002 0x104 0x180005 0x0 0x0 0x22a86ae2338 0x104 0x0 0x0 0x0 0x0 0x0 0x0 0x0 0x0 0x9 0x5 0x0 0x0 0x0 0x0 0x0 oops 3 3 org/objectweb/asm/tree/MethodNode 5 org/objectweb/asm/commons/JSRInlinerAdapter 19 org/objectweb/asm/tree/InsnList methods 0
ciMethodData org/objectweb/asm/tree/MethodNode visitLookupSwitchInsn (Lorg/objectweb/asm/Label;[I[Lorg/objectweb/asm/Label;)V 2 10339 orig 80 0 0 0 0 0 0 0 0 0 0 0 0 42 2 0 0 0 0 0 0 0 0 0 0 0 0 0 0 0 0 0 0 0 0 0 0 0 0 0 0 0 0 0 0 0 0 0 0 0 0 0 0 0 0 0 0 0 0 0 0 0 0 0 0 0 0 0 0 0 0 0 0 0 0 0 0 0 0 0 0 data 35 0xa0005 0x0 0x0 0x22a8272ab10 0x13ee 0x22a8272abc0 0x1475 0x100005 0x2863 0x0 0x0 0x0 0x0 0x0 0x130002 0x2863 0x160005 0x0 0x0 0x22a86ae2338 0x2863 0x0 0x0 0x0 0x0 0x0 0x0 0x0 0x0 0x9 0x4 0x0 0x0 0x0 0x0 oops 3 3 org/objectweb/asm/tree/MethodNode 5 org/objectweb/asm/commons/JSRInlinerAdapter 19 org/objectweb/asm/tree/InsnList methods 0
ciMethodData org/objectweb/asm/tree/MethodNode visitInvokeDynamicInsn (Ljava/lang/String;Ljava/lang/String;Lorg/objectweb/asm/Handle;[Ljava/lang/Object;)V 2 6753 orig 80 0 0 0 0 0 0 0 0 0 0 0 0 42 2 0 0 0 0 0 0 0 0 0 0 0 0 0 0 0 0 0 0 0 0 0 0 0 0 0 0 0 0 0 0 0 0 0 0 0 0 0 0 0 0 0 0 0 0 0 0 0 0 0 0 0 0 0 0 0 0 0 0 0 0 0 0 0 0 0 0 data 22 0xd0002 0x1a61 0x100005 0x0 0x0 0x22a86ae2338 0x1a61 0x0 0x0 0x0 0x0 0x0 0x0 0x0 0x0 0x9 0x5 0x0 0x0 0x0 0x0 0x0 oops 1 5 org/objectweb/asm/tree/InsnList methods 0
ciMethodData org/objectweb/asm/tree/MethodNode visitTypeInsn (ILjava/lang/String;)V 2 87291 orig 80 0 0 0 0 0 0 0 0 0 0 0 0 42 2 0 0 0 0 0 0 0 0 0 0 0 0 0 0 0 0 0 0 0 0 0 0 0 0 0 0 0 0 0 0 0 0 0 0 0 0 0 0 0 0 0 0 0 0 0 0 0 0 0 0 0 0 0 0 0 0 0 0 0 0 0 0 0 0 0 0 data 20 0xa0002 0x154fb 0xd0005 0x0 0x0 0x22a86ae2338 0x154fb 0x0 0x0 0x0 0x0 0x0 0x0 0x0 0x0 0x9 0x3 0x0 0x0 0x0 oops 1 5 org/objectweb/asm/tree/InsnList methods 0
ciMethodData org/objectweb/asm/tree/MethodNode visitMultiANewArrayInsn (Ljava/lang/String;I)V 1 1 orig 80 0 0 0 0 0 0 0 0 0 0 0 0 42 2 0 0 0 0 0 0 0 0 0 0 0 0 0 0 0 0 0 0 0 0 0 0 0 0 0 0 0 0 0 0 0 0 0 0 0 0 0 0 0 0 0 0 0 0 0 0 0 0 0 0 0 0 0 0 0 0 0 0 0 0 0 0 0 0 0 0 data 20 0xa0002 0x1 0xd0005 0x0 0x0 0x22a86ae2338 0x1 0x0 0x0 0x0 0x0 0x0 0x0 0x0 0x0 0x9 0x3 0x0 0x0 0x0 oops 1 5 org/objectweb/asm/tree/InsnList methods 0
ciMethod org/objectweb/asm/Handle <init> (ILjava/lang/String;Ljava/lang/String;Ljava/lang/String;Z)V 78 0 3198 0 -1
ciMethodData org/objectweb/asm/tree/TypeInsnNode <init> (ILjava/lang/String;)V 2 87109 orig 80 0 0 0 0 0 0 0 0 0 0 0 0 0 0 0 0 0 0 0 0 0 0 0 0 0 0 0 0 0 0 0 0 0 0 0 0 0 0 0 0 0 0 0 0 0 0 0 0 0 0 0 0 0 0 0 0 0 0 0 0 0 0 0 0 0 0 0 0 0 0 0 0 0 0 0 0 0 0 0 0 data 11 0x20002 0x15446 0x0 0x0 0x0 0x0 0x9 0x3 0x36 0x0 0x0 oops 0 methods 0
ciMethodData org/objectweb/asm/tree/IntInsnNode <init> (II)V 2 41299 orig 80 0 0 0 0 0 0 0 0 0 0 0 0 0 0 0 0 0 0 0 0 0 0 0 0 0 0 0 0 0 0 0 0 0 0 0 0 0 0 0 0 0 0 0 0 0 0 0 0 0 0 0 0 0 0 0 0 0 0 0 0 0 0 0 0 0 0 0 0 0 0 0 0 0 0 0 0 0 0 0 0 data 11 0x20002 0xa154 0x0 0x0 0x0 0x0 0x9 0x3 0x0 0x0 0x0 oops 0 methods 0
ciMethodData org/objectweb/asm/tree/MethodNode getLabelNodes ([Lorg/objectweb/asm/Label;)[Lorg/objectweb/asm/tree/LabelNode; 2 10427 orig 80 0 0 0 0 0 0 0 0 0 0 0 0 42 2 0 0 0 0 0 0 0 0 0 0 0 0 0 0 0 0 0 0 0 0 0 0 0 0 0 0 0 0 0 0 0 0 0 0 0 0 0 0 0 0 0 0 0 0 0 0 0 0 0 0 0 0 0 0 0 0 0 0 0 0 0 0 0 0 0 0 data 31 0xf0007 0x28bb 0xa8 0x99ce 0x180005 0x0 0x0 0x22a8272abc0 0x4ce9 0x22a8272ab10 0x4ce5 0x1b0004 0x0 0x0 0x22a86ae25e0 0x99ce 0x0 0x0 0x1f0003 0x99ce 0xffffffffffffff70 0x0 0x0 0x0 0x0 0x0 0x0 0x9 0x2 0x0 0x0 oops 3 7 org/objectweb/asm/commons/JSRInlinerAdapter 9 org/objectweb/asm/tree/MethodNode 14 org/objectweb/asm/tree/LabelNode methods 0
ciMethodData org/objectweb/asm/tree/LookupSwitchInsnNode <init> (Lorg/objectweb/asm/tree/LabelNode;[I[Lorg/objectweb/asm/tree/LabelNode;)V 2 10080 orig 80 0 0 0 0 0 0 0 0 0 0 0 0 42 2 0 0 0 0 0 0 0 0 0 0 0 0 0 0 0 0 0 0 0 0 0 0 0 0 0 0 0 0 0 0 0 0 0 0 0 0 0 0 0 0 0 0 0 0 0 0 0 0 0 0 0 0 0 0 0 0 0 0 0 0 0 0 0 0 0 0 data 18 0x40002 0x2760 0xe0002 0x2760 0x160002 0x2760 0x0 0x0 0x0 0x0 0x0 0x0 0x9 0x4 0x76 0x0 0x0 0x0 oops 0 methods 0
compile org/objectweb/asm/ClassReader readCode (Lorg/objectweb/asm/MethodVisitor;Lorg/objectweb/asm/Context;I)V 2037 4 inline 59 0 -1 0 org/objectweb/asm/ClassReader readCode (Lorg/objectweb/asm/MethodVisitor;Lorg/objectweb/asm/Context;I)V 1 2061 0 org/objectweb/asm/ClassReader readUnsignedShort (I)I 1 2101 0 org/objectweb/asm/ClassReader createLabel (I[Lorg/objectweb/asm/Label;)Lorg/objectweb/asm/Label; 2 3 0 org/objectweb/asm/ClassReader readLabel (I[Lorg/objectweb/asm/Label;)Lorg/objectweb/asm/Label; 3 12 0 org/objectweb/asm/Label <init> ()V 4 1 0 java/lang/Object <init> ()V 1 2144 0 org/objectweb/asm/ClassReader getTypeAnnotationBytecodeOffset ([II)I 1 2156 0 org/objectweb/asm/ClassReader getTypeAnnotationBytecodeOffset ([II)I 1 2204 0 org/objectweb/asm/ClassReader readBytecodeInstructionOffset (I)V 1 2236 0 org/objectweb/asm/Label accept (Lorg/objectweb/asm/MethodVisitor;Z)V 2 2 0 org/objectweb/asm/tree/MethodNode visitLabel (Lorg/objectweb/asm/Label;)V 3 6 0 org/objectweb/asm/tree/MethodNode getLabelNode (Lorg/objectweb/asm/Label;)Lorg/objectweb/asm/tree/LabelNode; 4 15 0 org/objectweb/asm/tree/LabelNode <init> ()V 5 2 0 org/objectweb/asm/tree/AbstractInsnNode <init> (I)V 6 1 0 java/lang/Object <init> ()V 3 9 0 org/objectweb/asm/tree/InsnList add (Lorg/objectweb/asm/tree/AbstractInsnNode;)V 2 29 0 org/objectweb/asm/tree/MethodNode visitLineNumber (ILorg/objectweb/asm/Label;)V 3 11 0 org/objectweb/asm/tree/MethodNode getLabelNode (Lorg/objectweb/asm/Label;)Lorg/objectweb/asm/tree/LabelNode; 4 15 0 org/objectweb/asm/tree/LabelNode <init> ()V 5 2 0 org/objectweb/asm/tree/AbstractInsnNode <init> (I)V 6 1 0 java/lang/Object <init> ()V 3 14 0 org/objectweb/asm/tree/LineNumberNode <init> (ILorg/objectweb/asm/tree/LabelNode;)V 4 2 0 org/objectweb/asm/tree/AbstractInsnNode <init> (I)V 5 1 0 java/lang/Object <init> ()V 3 17 0 org/objectweb/asm/tree/InsnList add (Lorg/objectweb/asm/tree/AbstractInsnNode;)V 1 3372 0 org/objectweb/asm/ClassReader readShort (I)S 1 3377 0 org/objectweb/asm/tree/MethodNode visitJumpInsn (ILorg/objectweb/asm/Label;)V 2 11 0 org/objectweb/asm/tree/MethodNode getLabelNode (Lorg/objectweb/asm/Label;)Lorg/objectweb/asm/tree/LabelNode; 3 15 0 org/objectweb/asm/tree/LabelNode <init> ()V 4 2 0 org/objectweb/asm/tree/AbstractInsnNode <init> (I)V 5 1 0 java/lang/Object <init> ()V 2 14 0 org/objectweb/asm/tree/JumpInsnNode <init> (ILorg/objectweb/asm/tree/LabelNode;)V 3 2 0 org/objectweb/asm/tree/AbstractInsnNode <init> (I)V 4 1 0 java/lang/Object <init> ()V 2 17 0 org/objectweb/asm/tree/InsnList add (Lorg/objectweb/asm/tree/AbstractInsnNode;)V 1 3303 0 org/objectweb/asm/tree/MethodNode visitInsn (I)V 2 9 0 org/objectweb/asm/tree/InsnNode <init> (I)V 3 2 0 org/objectweb/asm/tree/AbstractInsnNode <init> (I)V 4 1 0 java/lang/Object <init> ()V 2 12 0 org/objectweb/asm/tree/InsnList add (Lorg/objectweb/asm/tree/AbstractInsnNode;)V 1 4284 0 org/objectweb/asm/ClassReader readClass (I[C)Ljava/lang/String; 2 3 0 org/objectweb/asm/ClassReader readStringish (I[C)Ljava/lang/String; 3 7 0 org/objectweb/asm/ClassReader readUnsignedShort (I)I 3 12 0 org/objectweb/asm/ClassReader readUTF8 (I[C)Ljava/lang/String; 4 2 0 org/objectweb/asm/ClassReader readUnsignedShort (I)I 4 19 0 org/objectweb/asm/ClassReader readUtf (I[C)Ljava/lang/String; 5 34 0 org/objectweb/asm/ClassReader readUnsignedShort (I)I 1 4287 0 org/objectweb/asm/tree/MethodNode visitTypeInsn (ILjava/lang/String;)V 2 10 0 org/objectweb/asm/tree/TypeInsnNode <init> (ILjava/lang/String;)V 3 2 0 org/objectweb/asm/tree/AbstractInsnNode <init> (I)V 4 1 0 java/lang/Object <init> ()V 2 13 0 org/objectweb/asm/tree/InsnList add (Lorg/objectweb/asm/tree/AbstractInsnNode;)V 1 3903 0 org/objectweb/asm/tree/MethodNode visitIntInsn (II)V 2 10 0 org/objectweb/asm/tree/IntInsnNode <init> (II)V 3 2 0 org/objectweb/asm/tree/AbstractInsnNode <init> (I)V 4 1 0 java/lang/Object <init> ()V 2 13 0 org/objectweb/asm/tree/InsnList add (Lorg/objectweb/asm/tree/AbstractInsnNode;)V 1 4130 0 org/objectweb/asm/ClassReader readUnsignedShort (I)I 1 4145 0 org/objectweb/asm/ClassReader readUnsignedShort (I)I
